Account,date,trades,total_pnl,closed_trades,wins,avg_trade_size_usd,total_volume_usd,buy_trades,sell_trades,long_short_ratio,win_rate,sentiment,sentiment_value
0x083384f897ee0f19899168e3b1bec365f52a9012,2024-11-11,177,0.0,0,0,5089.718248587571,900880.13,0,177,0.0,,Extreme Greed,76.0
0x083384f897ee0f19899168e3b1bec365f52a9012,2024-11-17,68,0.0,0,0,7976.664411764705,542413.1799999999,0,68,0.0,,Extreme Greed,90.0
0x083384f897ee0f19899168e3b1bec365f52a9012,2024-11-18,40,0.0,0,0,23734.5,949380.0,0,40,0.0,,Extreme Greed,83.0
0x083384f897ee0f19899168e3b1bec365f52a9012,2024-11-22,12,-21227.0,12,0,28186.666666666668,338240.0,12,0,,0.0,Extreme Greed,94.0
0x083384f897ee0f19899168e3b1bec365f52a9012,2024-11-26,27,1603.1,12,12,17248.14814814815,465700.0,12,15,0.8,1.0,Extreme Greed,79.0
0x083384f897ee0f19899168e3b1bec365f52a9012,2024-11-28,82,-132271.0,82,0,16058.536341463414,1316799.98,82,0,,0.0,Extreme Greed,77.0
0x083384f897ee0f19899168e3b1bec365f52a9012,2024-11-30,23,0.0,0,0,48561.68565217392,1116918.77,0,23,0.0,,Extreme Greed,84.0
0x083384f897ee0f19899168e3b1bec365f52a9012,2024-12-06,33,-175611.00005600002,33,0,36736.36242424243,1212299.96,33,0,,0.0,Greed,72.0
0x083384f897ee0f19899168e3b1bec365f52a9012,2025-01-19,465,71393.964098,112,23,11410.954021505377,5306093.62,112,353,0.31728045325779036,0.20535714285714285,Extreme Greed,77.0
0x083384f897ee0f19899168e3b1bec365f52a9012,2025-01-20,51,40218.599998,28,28,9400.588039215687,479429.99,28,23,1.2173913043478262,1.0,Extreme Greed,76.0
0x083384f897ee0f19899168e3b1bec365f52a9012,2025-02-02,10,76710.0,9,9,185847.0,1858470.0,9,1,9.0,1.0,Greed,60.0
0x083384f897ee0f19899168e3b1bec365f52a9012,2025-02-03,839,101011.685664,371,256,23593.019856972587,19794543.66,350,489,0.7157464212678937,0.6900269541778976,Fear,44.0
0x083384f897ee0f19899168e3b1bec365f52a9012,2025-02-04,531,375620.270243,111,83,10576.687156308852,5616220.88,111,420,0.2642857142857143,0.7477477477477478,Greed,72.0
0x083384f897ee0f19899168e3b1bec365f52a9012,2025-02-05,210,44400.9058,78,78,26585.06338095238,5582863.31,78,132,0.5909090909090909,1.0,Neutral,54.0
0x083384f897ee0f19899168e3b1bec365f52a9012,2025-02-09,141,30897.0887,132,132,10161.056241134751,1432708.93,132,9,14.666666666666666,1.0,Neutral,46.0
0x083384f897ee0f19899168e3b1bec365f52a9012,2025-02-10,48,55086.0,16,16,32032.5,1537560.0,16,32,0.5,1.0,Fear,43.0
0x083384f897ee0f19899168e3b1bec365f52a9012,2025-02-11,6,0.0,0,0,134600.00166666668,807600.01,0,6,0.0,,Neutral,47.0
0x083384f897ee0f19899168e3b1bec365f52a9012,2025-02-24,59,10152.12224,31,31,27178.041694915253,1603504.46,31,28,1.1071428571428572,1.0,Neutral,49.0
0x083384f897ee0f19899168e3b1bec365f52a9012,2025-02-25,219,115445.395538,93,93,13233.776894977169,2898197.14,93,126,0.7380952380952381,1.0,Fear,25.0
0x083384f897ee0f19899168e3b1bec365f52a9012,2025-02-28,55,115287.0,1,1,24958.908545454546,1372739.97,1,54,0.018518518518518517,1.0,Extreme Fear,16.0
0x083384f897ee0f19899168e3b1bec365f52a9012,2025-03-01,45,9482.221441,36,36,2985.797555555556,134360.89,36,9,4.0,1.0,Extreme Fear,20.0
0x083384f897ee0f19899168e3b1bec365f52a9012,2025-03-03,641,533974.662903,540,540,8371.136099843994,5365898.24,540,101,5.346534653465347,1.0,Fear,33.0
0x083384f897ee0f19899168e3b1bec365f52a9012,2025-03-24,5,40200.0,4,4,79640.0,398200.0,4,1,4.0,1.0,Neutral,45.0
0x083384f897ee0f19899168e3b1bec365f52a9012,2025-04-12,31,307855.80341,31,31,21491.640322580646,666240.85,31,0,,1.0,Fear,43.0
0x23e7a7f8d14b550961925fbfdaa92f5d195ba5bd,2024-11-30,55,11715.94323,46,46,2469.9509090909087,135847.3,8,47,0.1702127659574468,1.0,Extreme Greed,84.0
0x23e7a7f8d14b550961925fbfdaa92f5d195ba5bd,2024-12-01,1,0.0,0,0,0.06,0.06,0,1,0.0,,Extreme Greed,81.0
0x23e7a7f8d14b550961925fbfdaa92f5d195ba5bd,2024-12-06,34,0.0,0,0,1426.8700000000001,48513.58,34,0,,,Greed,72.0
0x23e7a7f8d14b550961925fbfdaa92f5d195ba5bd,2024-12-07,26,3515.031065,25,25,2001.101153846154,52028.630000000005,0,26,0.0,1.0,Extreme Greed,75.0
0x23e7a7f8d14b550961925fbfdaa92f5d195ba5bd,2024-12-09,46,0.0,0,0,1131.888695652174,52066.88,46,0,,,Extreme Greed,78.0
0x23e7a7f8d14b550961925fbfdaa92f5d195ba5bd,2024-12-10,64,2517.787385,63,63,852.88625,54584.72,0,64,0.0,1.0,Extreme Greed,78.0
0x23e7a7f8d14b550961925fbfdaa92f5d195ba5bd,2024-12-18,59,1613.165903,15,15,1913.523898305085,112897.91,44,15,2.933333333333333,1.0,Extreme Greed,81.0
0x23e7a7f8d14b550961925fbfdaa92f5d195ba5bd,2024-12-19,1,0.0,0,0,0.11,0.11,0,1,0.0,,Extreme Greed,75.0
0x23e7a7f8d14b550961925fbfdaa92f5d195ba5bd,2024-12-20,34,1245.51851,21,21,10051.199411764705,341740.77999999997,13,21,0.6190476190476191,1.0,Greed,74.0
0x23e7a7f8d14b550961925fbfdaa92f5d195ba5bd,2025-01-13,13,0.0,0,0,2845.9646153846156,36997.54,13,0,,,Greed,61.0
0x23e7a7f8d14b550961925fbfdaa92f5d195ba5bd,2025-01-17,17,4493.232479,17,17,2440.6282352941175,41490.68,0,17,0.0,1.0,Extreme Greed,75.0
0x23e7a7f8d14b550961925fbfdaa92f5d195ba5bd,2025-01-18,39,1047.030992,28,28,2154.3915384615384,84021.26999999999,10,29,0.3448275862068966,1.0,Extreme Greed,77.0
0x23e7a7f8d14b550961925fbfdaa92f5d195ba5bd,2025-01-19,124,4842.054317,80,80,2194.294758064516,272092.55,43,81,0.5308641975308642,1.0,Extreme Greed,77.0
0x23e7a7f8d14b550961925fbfdaa92f5d195ba5bd,2025-01-24,339,1693.493165,198,198,1737.369557522124,588968.28,141,198,0.7121212121212122,1.0,Extreme Greed,75.0
0x23e7a7f8d14b550961925fbfdaa92f5d195ba5bd,2025-01-25,54,4221.156399,4,4,2398.331666666667,129509.91,50,4,12.5,1.0,Extreme Greed,75.0
0x23e7a7f8d14b550961925fbfdaa92f5d195ba5bd,2025-01-27,44,0.0,0,0,1519.465681818182,66856.49,44,0,,,Greed,71.0
0x23e7a7f8d14b550961925fbfdaa92f5d195ba5bd,2025-01-28,56,6899.2458320000005,56,56,1317.0667857142857,73755.74,0,56,0.0,1.0,Greed,72.0
0x23e7a7f8d14b550961925fbfdaa92f5d195ba5bd,2025-01-29,46,0.0,0,0,1602.9452173913044,73735.48,46,0,,,Greed,72.0
0x23e7a7f8d14b550961925fbfdaa92f5d195ba5bd,2025-01-30,55,7372.485101,55,55,1474.6896363636365,81107.93000000001,0,55,0.0,1.0,Greed,70.0
0x23e7a7f8d14b550961925fbfdaa92f5d195ba5bd,2025-02-01,78,1162.002541,25,25,2094.719358974359,163388.11,53,25,2.12,1.0,Greed,68.0
0x23e7a7f8d14b550961925fbfdaa92f5d195ba5bd,2025-02-02,517,6352.452613,246,233,2792.42166344294,1443682.0,270,247,1.0931174089068827,0.9471544715447154,Greed,60.0
0x23e7a7f8d14b550961925fbfdaa92f5d195ba5bd,2025-02-11,124,-12346.990829,124,0,612.1092741935485,75901.55,0,124,0.0,0.0,Neutral,47.0
0x23e7a7f8d14b550961925fbfdaa92f5d195ba5bd,2025-02-12,159,355.5854,127,127,2687.4032704402516,427297.12,31,128,0.2421875,1.0,Neutral,46.0
0x23e7a7f8d14b550961925fbfdaa92f5d195ba5bd,2025-02-24,160,1129.8489260000001,52,52,1641.2224999999999,262595.6,108,52,2.076923076923077,1.0,Neutral,49.0
0x23e7a7f8d14b550961925fbfdaa92f5d195ba5bd,2025-02-25,1,-6820.76955,1,0,82910.81,82910.81,0,1,0.0,0.0,Fear,25.0
0x23e7a7f8d14b550961925fbfdaa92f5d195ba5bd,2025-02-28,52,0.0,0,0,1462.824423076923,76066.87,52,0,,,Extreme Fear,16.0
0x23e7a7f8d14b550961925fbfdaa92f5d195ba5bd,2025-03-03,110,2480.902379,50,50,1999.099181818182,219900.91,60,50,1.2,1.0,Fear,33.0
0x23e7a7f8d14b550961925fbfdaa92f5d195ba5bd,2025-03-04,65,-3169.3554679999997,10,0,1756.5103076923076,114173.17,55,10,5.5,0.0,Extreme Fear,15.0
0x23e7a7f8d14b550961925fbfdaa92f5d195ba5bd,2025-03-07,37,0.0,0,0,1499.4978378378378,55481.42,37,0,,,Fear,34.0
0x23e7a7f8d14b550961925fbfdaa92f5d195ba5bd,2025-03-08,47,2099.019688,47,47,1225.1170212765958,57580.5,0,47,0.0,1.0,Fear,28.0
0x23e7a7f8d14b550961925fbfdaa92f5d195ba5bd,2025-03-09,65,656.540742,57,57,2676.518153846154,173973.68,8,57,0.14035087719298245,1.0,Fear,27.0
0x23e7a7f8d14b550961925fbfdaa92f5d195ba5bd,2025-03-10,53,-1065.797583,52,51,3326.2756603773582,176292.61,1,52,0.019230769230769232,0.9807692307692307,Extreme Fear,20.0
0x23e7a7f8d14b550961925fbfdaa92f5d195ba5bd,2025-03-12,53,1591.753271,52,52,2184.328113207547,115769.39,1,52,0.019230769230769232,1.0,Fear,34.0
0x23e7a7f8d14b550961925fbfdaa92f5d195ba5bd,2025-03-13,27,-2315.377191,10,0,4259.311481481482,115001.41,17,10,1.7,0.0,Neutral,45.0
0x23e7a7f8d14b550961925fbfdaa92f5d195ba5bd,2025-03-28,42,0.0,0,0,1460.115,61324.83,42,0,,,Fear,44.0
0x23e7a7f8d14b550961925fbfdaa92f5d195ba5bd,2025-03-29,97,-5018.466447,97,0,580.479381443299,56306.5,0,97,0.0,0.0,Fear,26.0
0x23e7a7f8d14b550961925fbfdaa92f5d195ba5bd,2025-03-31,155,716.143949,83,83,730.8744516129032,113285.54,72,83,0.8674698795180723,1.0,Fear,34.0
0x23e7a7f8d14b550961925fbfdaa92f5d195ba5bd,2025-04-03,1,0.0,0,0,54768.6,54768.6,1,0,,,Fear,25.0
0x23e7a7f8d14b550961925fbfdaa92f5d195ba5bd,2025-04-15,1,0.0,0,0,16.37,16.37,1,0,,,Fear,38.0
0x23e7a7f8d14b550961925fbfdaa92f5d195ba5bd,2025-04-16,88,-95.985744,88,1,780.4484090909092,68679.46,0,88,0.0,0.011363636363636364,Fear,29.0
0x23e7a7f8d14b550961925fbfdaa92f5d195ba5bd,2025-04-17,125,-133.41237,67,20,730.92608,91365.76,60,65,0.9230769230769231,0.29850746268656714,Fear,30.0
0x23e7a7f8d14b550961925fbfdaa92f5d195ba5bd,2025-04-18,689,951.934443,301,301,766.7829027576198,528313.42,312,377,0.8275862068965517,1.0,Fear,33.0
0x23e7a7f8d14b550961925fbfdaa92f5d195ba5bd,2025-04-19,411,371.503,297,297,552.0850851581508,226906.97,122,289,0.42214532871972316,1.0,Fear,32.0
0x23e7a7f8d14b550961925fbfdaa92f5d195ba5bd,2025-04-20,603,-1892.58947,335,249,963.6022222222223,581052.14,297,306,0.9705882352941176,0.7432835820895523,Fear,37.0
0x23e7a7f8d14b550961925fbfdaa92f5d195ba5bd,2025-04-21,97,3434.689308,97,97,887.6931958762888,86106.24,0,97,0.0,1.0,Fear,39.0
0x23e7a7f8d14b550961925fbfdaa92f5d195ba5bd,2025-04-23,568,2654.14315,340,336,2593.2515492957746,1472966.88,219,349,0.6275071633237822,0.9882352941176471,Greed,72.0
0x23e7a7f8d14b550961925fbfdaa92f5d195ba5bd,2025-04-24,680,1867.252909,401,333,1679.7829852941175,1142252.43,346,334,1.035928143712575,0.830423940149626,Greed,63.0
0x23e7a7f8d14b550961925fbfdaa92f5d195ba5bd,2025-04-25,330,1969.39321,97,40,3782.839757575757,1248337.1199999999,162,168,0.9642857142857143,0.41237113402061853,Greed,60.0
0x23e7a7f8d14b550961925fbfdaa92f5d195ba5bd,2025-04-26,338,-4648.8710550000005,338,0,284.5678402366864,96183.93,0,338,0.0,0.0,Greed,65.0
0x23e7a7f8d14b550961925fbfdaa92f5d195ba5bd,2025-04-27,67,0.0,0,0,1435.3307462686569,96167.16,67,0,,,Greed,61.0
0x23e7a7f8d14b550961925fbfdaa92f5d195ba5bd,2025-04-30,83,5179.772745,83,83,1221.0467469879518,101346.88,0,83,0.0,1.0,Greed,56.0
0x23e7a7f8d14b550961925fbfdaa92f5d195ba5bd,2025-05-01,250,1243.853569,81,81,815.50576,203876.44,169,81,2.0864197530864197,1.0,Neutral,53.0
0x271b280974205ca63b716753467d5a371de622ab,2024-07-15,5,-1.0,2,0,6070.2,30351.0,2,3,0.6666666666666666,0.0,Neutral,52.0
0x271b280974205ca63b716753467d5a371de622ab,2024-11-29,1,1584.342755,1,1,1584.35,1584.35,0,1,0.0,1.0,Extreme Greed,78.0
0x271b280974205ca63b716753467d5a371de622ab,2024-12-05,4,208.81746,3,3,39530.9875,158123.95,3,1,3.0,1.0,Extreme Greed,84.0
0x271b280974205ca63b716753467d5a371de622ab,2025-04-09,797,16706.884912,306,300,6131.710464240904,4886973.24,275,522,0.5268199233716475,0.9803921568627451,Extreme Fear,18.0
0x271b280974205ca63b716753467d5a371de622ab,2025-04-10,339,13264.043303999999,231,189,21898.95651917404,7423746.26,231,108,2.138888888888889,0.8181818181818182,Fear,39.0
0x271b280974205ca63b716753467d5a371de622ab,2025-04-19,313,5942.547242,40,40,8678.024504792333,2716221.67,40,273,0.14652014652014653,1.0,Fear,32.0
0x271b280974205ca63b716753467d5a371de622ab,2025-04-20,863,8277.307357,424,424,3079.8473348783314,2657908.25,418,445,0.9393258426966292,1.0,Fear,37.0
0x271b280974205ca63b716753467d5a371de622ab,2025-04-21,353,2638.012587,61,61,1965.9329745042492,693974.34,61,292,0.2089041095890411,1.0,Fear,39.0
0x271b280974205ca63b716753467d5a371de622ab,2025-04-22,594,-19037.340561,233,0,8110.89095959596,4817869.23,233,361,0.6454293628808865,0.0,Neutral,47.0
0x271b280974205ca63b716753467d5a371de622ab,2025-04-23,469,-108176.9187,236,66,20030.785479744136,9394438.39,236,233,1.0128755364806867,0.2796610169491525,Greed,72.0
0x271b280974205ca63b716753467d5a371de622ab,2025-04-24,70,8157.112326,70,66,15603.565285714287,1092249.57,67,3,22.333333333333332,0.9428571428571428,Greed,63.0
0x271b280974205ca63b716753467d5a371de622ab,2025-04-25,1,0.0,0,0,0.17,0.17,0,1,0.0,,Greed,60.0
0x28736f43f1e871e6aa8b1148d38d4994275d72c4,2024-11-16,93,159.100072,26,16,373.7049462365591,34754.56,49,44,1.1136363636363635,0.6153846153846154,Extreme Greed,86.0
0x28736f43f1e871e6aa8b1148d38d4994275d72c4,2024-11-17,95,161.289904,44,34,353.5228421052631,33584.67,45,50,0.9,0.7727272727272727,Extreme Greed,90.0
0x28736f43f1e871e6aa8b1148d38d4994275d72c4,2024-11-18,162,147.410285,93,67,666.941975308642,108044.6,71,91,0.7802197802197802,0.7204301075268817,Extreme Greed,83.0
0x28736f43f1e871e6aa8b1148d38d4994275d72c4,2024-11-19,213,233.36546,119,104,895.9638028169014,190840.29,115,98,1.1734693877551021,0.8739495798319328,Extreme Greed,90.0
0x28736f43f1e871e6aa8b1148d38d4994275d72c4,2024-11-20,407,-316.245208,218,141,2149.553218673219,874868.16,188,219,0.8584474885844748,0.6467889908256881,Extreme Greed,83.0
0x28736f43f1e871e6aa8b1148d38d4994275d72c4,2024-11-21,446,780.001314,235,156,729.007130044843,325137.18,223,223,1.0,0.6638297872340425,Extreme Greed,82.0
0x28736f43f1e871e6aa8b1148d38d4994275d72c4,2024-11-22,433,141.21958999999998,229,135,422.0099076212471,182730.29,208,225,0.9244444444444444,0.5895196506550219,Extreme Greed,94.0
0x28736f43f1e871e6aa8b1148d38d4994275d72c4,2024-11-23,156,673.6312,77,63,333.45923076923077,52019.64,76,80,0.95,0.8181818181818182,Extreme Greed,93.0
0x28736f43f1e871e6aa8b1148d38d4994275d72c4,2024-11-24,69,108.321127,35,29,200.7391304347826,13851.0,54,15,3.6,0.8285714285714286,Extreme Greed,80.0
0x28736f43f1e871e6aa8b1148d38d4994275d72c4,2024-11-25,225,464.281002,139,95,324.3673333333333,72982.65,106,119,0.8907563025210085,0.6834532374100719,Extreme Greed,82.0
0x28736f43f1e871e6aa8b1148d38d4994275d72c4,2024-11-26,217,-508.290641,116,76,1012.5778341013826,219729.39,127,90,1.4111111111111112,0.6551724137931034,Extreme Greed,79.0
0x28736f43f1e871e6aa8b1148d38d4994275d72c4,2024-11-27,169,193.66415899999998,93,74,1110.83224852071,187730.65,69,100,0.69,0.7956989247311828,Extreme Greed,75.0
0x28736f43f1e871e6aa8b1148d38d4994275d72c4,2024-11-28,207,165.532644,115,78,946.0768115942029,195837.9,116,91,1.2747252747252746,0.6782608695652174,Extreme Greed,77.0
0x28736f43f1e871e6aa8b1148d38d4994275d72c4,2024-11-29,206,9551.73423,108,92,388.948786407767,80123.45,87,119,0.7310924369747899,0.8518518518518519,Extreme Greed,78.0
0x28736f43f1e871e6aa8b1148d38d4994275d72c4,2024-11-30,154,5590.528248,87,71,315.52253246753247,48590.47,60,94,0.6382978723404256,0.8160919540229885,Extreme Greed,84.0
0x28736f43f1e871e6aa8b1148d38d4994275d72c4,2024-12-01,193,4458.25495,108,97,247.12725388601035,47695.56,66,127,0.5196850393700787,0.8981481481481481,Extreme Greed,81.0
0x28736f43f1e871e6aa8b1148d38d4994275d72c4,2024-12-02,140,1283.846047,75,73,140.36935714285713,19651.71,70,70,1.0,0.9733333333333334,Extreme Greed,80.0
0x28736f43f1e871e6aa8b1148d38d4994275d72c4,2024-12-03,78,1190.358719,37,37,92.37217948717948,7205.03,28,50,0.56,1.0,Extreme Greed,76.0
0x28736f43f1e871e6aa8b1148d38d4994275d72c4,2024-12-04,112,9066.169646,61,60,165.78285714285715,18567.68,30,82,0.36585365853658536,0.9836065573770492,Extreme Greed,78.0
0x28736f43f1e871e6aa8b1148d38d4994275d72c4,2024-12-05,98,14685.787664,48,48,259.2459183673469,25406.1,33,65,0.5076923076923077,1.0,Extreme Greed,84.0
0x28736f43f1e871e6aa8b1148d38d4994275d72c4,2024-12-06,69,389.176232,16,16,129.80536231884057,8956.57,27,42,0.6428571428571429,1.0,Greed,72.0
0x28736f43f1e871e6aa8b1148d38d4994275d72c4,2024-12-07,86,4008.012049,36,36,159.67825581395348,13732.33,20,66,0.30303030303030304,1.0,Extreme Greed,75.0
0x28736f43f1e871e6aa8b1148d38d4994275d72c4,2024-12-08,102,554.009942,43,43,77.67176470588235,7922.52,31,71,0.43661971830985913,1.0,Extreme Greed,79.0
0x28736f43f1e871e6aa8b1148d38d4994275d72c4,2024-12-09,213,768.430838,129,126,88.1318309859155,18772.08,169,44,3.840909090909091,0.9767441860465116,Extreme Greed,78.0
0x28736f43f1e871e6aa8b1148d38d4994275d72c4,2024-12-10,157,980.557461,110,106,119.62222929936306,18780.69,117,40,2.925,0.9636363636363636,Extreme Greed,78.0
0x28736f43f1e871e6aa8b1148d38d4994275d72c4,2024-12-11,93,1582.001112,40,32,124.41204301075268,11570.32,16,77,0.2077922077922078,0.8,Greed,74.0
0x28736f43f1e871e6aa8b1148d38d4994275d72c4,2024-12-12,147,5806.86932,87,82,150.14530612244897,22071.36,28,119,0.23529411764705882,0.9425287356321839,Extreme Greed,83.0
0x28736f43f1e871e6aa8b1148d38d4994275d72c4,2024-12-13,155,1522.284412,82,71,88.59193548387097,13731.75,83,72,1.1527777777777777,0.8658536585365854,Extreme Greed,76.0
0x28736f43f1e871e6aa8b1148d38d4994275d72c4,2024-12-14,154,13281.73126,122,119,187.5361038961039,28880.56,45,109,0.41284403669724773,0.9754098360655737,Extreme Greed,83.0
0x28736f43f1e871e6aa8b1148d38d4994275d72c4,2024-12-15,137,5389.96219,71,68,125.00722627737227,17125.99,61,76,0.8026315789473685,0.9577464788732394,Extreme Greed,80.0
0x28736f43f1e871e6aa8b1148d38d4994275d72c4,2024-12-16,230,13190.248859,156,154,131.2383043478261,30184.81,85,145,0.5862068965517241,0.9871794871794872,Extreme Greed,83.0
0x28736f43f1e871e6aa8b1148d38d4994275d72c4,2024-12-17,181,4454.939378,79,78,112.67668508287292,20394.48,98,83,1.180722891566265,0.9873417721518988,Extreme Greed,87.0
0x28736f43f1e871e6aa8b1148d38d4994275d72c4,2024-12-18,191,3624.489655,85,80,124.92068062827224,23859.85,102,89,1.146067415730337,0.9411764705882353,Extreme Greed,81.0
0x28736f43f1e871e6aa8b1148d38d4994275d72c4,2024-12-19,204,1525.329937,94,80,197.00485294117647,40188.99,159,45,3.533333333333333,0.851063829787234,Extreme Greed,75.0
0x28736f43f1e871e6aa8b1148d38d4994275d72c4,2024-12-20,194,7812.716373,121,111,289.6046907216495,56183.31,64,130,0.49230769230769234,0.9173553719008265,Greed,74.0
0x28736f43f1e871e6aa8b1148d38d4994275d72c4,2024-12-21,107,7465.899936,55,54,215.33785046728974,23041.15,26,81,0.32098765432098764,0.9818181818181818,Greed,73.0
0x28736f43f1e871e6aa8b1148d38d4994275d72c4,2024-12-22,79,1174.025529,42,41,174.83481012658228,13811.95,45,34,1.3235294117647058,0.9761904761904762,Greed,73.0
0x28736f43f1e871e6aa8b1148d38d4994275d72c4,2024-12-23,95,122.889996,30,29,212.30473684210526,20168.95,86,9,9.555555555555555,0.9666666666666667,Greed,70.0
0x28736f43f1e871e6aa8b1148d38d4994275d72c4,2024-12-24,48,1555.956456,16,15,282.42354166666667,13556.33,9,39,0.23076923076923078,0.9375,Greed,73.0
0x28736f43f1e871e6aa8b1148d38d4994275d72c4,2024-12-25,66,1530.919365,36,30,284.1157575757576,18751.64,12,54,0.2222222222222222,0.8333333333333334,Greed,73.0
0x28736f43f1e871e6aa8b1148d38d4994275d72c4,2024-12-26,84,101.860928,31,28,223.8904761904762,18806.8,72,12,6.0,0.9032258064516129,Extreme Greed,79.0
0x28736f43f1e871e6aa8b1148d38d4994275d72c4,2024-12-27,73,388.366016,26,26,221.81794520547948,16192.710000000001,40,33,1.2121212121212122,1.0,Greed,74.0
0x28736f43f1e871e6aa8b1148d38d4994275d72c4,2024-12-28,63,506.512551,30,23,166.3415873015873,10479.52,35,28,1.25,0.7666666666666667,Greed,72.0
0x28736f43f1e871e6aa8b1148d38d4994275d72c4,2024-12-29,34,115.51218300000001,17,17,140.99176470588236,4793.72,7,27,0.25925925925925924,1.0,Greed,73.0
0x28736f43f1e871e6aa8b1148d38d4994275d72c4,2024-12-30,125,255.808312,43,42,455.63544,56954.43,109,16,6.8125,0.9767441860465116,Greed,65.0
0x28736f43f1e871e6aa8b1148d38d4994275d72c4,2024-12-31,107,496.221792,33,32,1121.107570093458,119958.51,57,50,1.14,0.9696969696969697,Greed,64.0
0x28736f43f1e871e6aa8b1148d38d4994275d72c4,2025-01-01,59,109.82694000000001,21,21,263.3476271186441,15537.51,44,15,2.933333333333333,1.0,Greed,66.0
0x28736f43f1e871e6aa8b1148d38d4994275d72c4,2025-01-02,101,416.546688,47,46,217.69336633663366,21987.03,25,76,0.32894736842105265,0.9787234042553191,Greed,70.0
0x28736f43f1e871e6aa8b1148d38d4994275d72c4,2025-01-03,69,250.581483,39,36,217.15115942028987,14983.43,34,35,0.9714285714285714,0.9230769230769231,Greed,74.0
0x28736f43f1e871e6aa8b1148d38d4994275d72c4,2025-01-04,81,232.66549799999999,48,40,156.68296296296296,12691.32,32,49,0.6530612244897959,0.8333333333333334,Greed,73.0
0x28736f43f1e871e6aa8b1148d38d4994275d72c4,2025-01-05,82,87.752181,47,44,101.1840243902439,8297.09,39,43,0.9069767441860465,0.9361702127659575,Greed,72.0
0x28736f43f1e871e6aa8b1148d38d4994275d72c4,2025-01-06,80,114.68421000000001,21,21,82.075375,6566.03,18,62,0.2903225806451613,1.0,Extreme Greed,76.0
0x28736f43f1e871e6aa8b1148d38d4994275d72c4,2025-01-07,103,267.846227,76,72,103.70087378640777,10681.19,87,16,5.4375,0.9473684210526315,Extreme Greed,78.0
0x28736f43f1e871e6aa8b1148d38d4994275d72c4,2025-01-08,149,651.469355,93,85,489.99302013422823,73008.96,111,38,2.9210526315789473,0.9139784946236559,Greed,70.0
0x28736f43f1e871e6aa8b1148d38d4994275d72c4,2025-01-09,103,571.688942,49,49,728.4078640776698,75026.01,64,39,1.641025641025641,1.0,Greed,69.0
0x28736f43f1e871e6aa8b1148d38d4994275d72c4,2025-01-10,84,401.706348,40,37,522.1204761904762,43858.12,34,50,0.68,0.925,Neutral,50.0
0x28736f43f1e871e6aa8b1148d38d4994275d72c4,2025-01-11,37,157.228232,18,16,484.2756756756757,17918.2,18,19,0.9473684210526315,0.8888888888888888,Greed,69.0
0x28736f43f1e871e6aa8b1148d38d4994275d72c4,2025-01-12,63,274.773033,40,39,446.3861904761905,28122.33,29,34,0.8529411764705882,0.975,Greed,62.0
0x28736f43f1e871e6aa8b1148d38d4994275d72c4,2025-01-13,61,53.846609,19,19,561.3780327868852,34244.06,49,12,4.083333333333333,1.0,Greed,61.0
0x28736f43f1e871e6aa8b1148d38d4994275d72c4,2025-01-14,42,894.564828,35,34,995.6730952380951,41818.27,4,38,0.10526315789473684,0.9714285714285714,Greed,63.0
0x28736f43f1e871e6aa8b1148d38d4994275d72c4,2025-01-15,19,55.137803,8,8,240.01052631578946,4560.2,10,9,1.1111111111111112,1.0,Greed,70.0
0x28736f43f1e871e6aa8b1148d38d4994275d72c4,2025-01-16,87,238.995461,28,28,136.35540229885058,11862.92,24,63,0.38095238095238093,1.0,Extreme Greed,75.0
0x28736f43f1e871e6aa8b1148d38d4994275d72c4,2025-01-17,70,168.92152,36,35,118.53914285714285,8297.74,37,33,1.121212121212121,0.9722222222222222,Extreme Greed,75.0
0x28736f43f1e871e6aa8b1148d38d4994275d72c4,2025-01-18,259,594.135892,107,105,195.20691119691122,50558.590000000004,128,131,0.9770992366412213,0.9813084112149533,Extreme Greed,77.0
0x28736f43f1e871e6aa8b1148d38d4994275d72c4,2025-01-19,184,102.504343,90,79,155.71684782608696,28651.9,58,126,0.4603174603174603,0.8777777777777778,Extreme Greed,77.0
0x28736f43f1e871e6aa8b1148d38d4994275d72c4,2025-01-20,169,608.885905,72,69,169.7668047337278,28690.59,115,54,2.1296296296296298,0.9583333333333334,Extreme Greed,76.0
0x28736f43f1e871e6aa8b1148d38d4994275d72c4,2025-01-21,94,428.3738,53,46,262.3486170212766,24660.77,48,46,1.0434782608695652,0.8679245283018868,Extreme Greed,76.0
0x28736f43f1e871e6aa8b1148d38d4994275d72c4,2025-01-22,112,589.467131,54,51,120.82616071428572,13532.53,57,55,1.0363636363636364,0.9444444444444444,Extreme Greed,84.0
0x28736f43f1e871e6aa8b1148d38d4994275d72c4,2025-01-23,122,229.609892,61,57,128.88065573770493,15723.44,90,32,2.8125,0.9344262295081968,Extreme Greed,75.0
0x28736f43f1e871e6aa8b1148d38d4994275d72c4,2025-01-24,120,347.22838,62,60,145.0465,17405.58,59,61,0.9672131147540983,0.967741935483871,Extreme Greed,75.0
0x28736f43f1e871e6aa8b1148d38d4994275d72c4,2025-01-25,118,124.70498799999999,51,47,241.47220338983053,28493.72,73,45,1.6222222222222222,0.9215686274509803,Extreme Greed,75.0
0x28736f43f1e871e6aa8b1148d38d4994275d72c4,2025-01-26,106,273.211119,50,48,334.20924528301884,35426.18,57,49,1.163265306122449,0.96,Greed,73.0
0x28736f43f1e871e6aa8b1148d38d4994275d72c4,2025-01-27,268,838.930696,121,114,1223.7995522388057,327978.27999999997,154,114,1.3508771929824561,0.9421487603305785,Greed,71.0
0x28736f43f1e871e6aa8b1148d38d4994275d72c4,2025-01-28,151,1019.55769,82,75,624.2161589403973,94256.64,70,81,0.8641975308641975,0.9146341463414634,Greed,72.0
0x28736f43f1e871e6aa8b1148d38d4994275d72c4,2025-01-29,42,152.618804,21,21,340.8880952380952,14317.3,22,20,1.1,1.0,Greed,72.0
0x28736f43f1e871e6aa8b1148d38d4994275d72c4,2025-01-30,86,1234.2072,62,55,394.06465116279065,33889.56,25,61,0.4098360655737705,0.8870967741935484,Greed,70.0
0x28736f43f1e871e6aa8b1148d38d4994275d72c4,2025-01-31,49,755.916254,40,38,374.2630612244898,18338.89,11,38,0.2894736842105263,0.95,Extreme Greed,76.0
0x28736f43f1e871e6aa8b1148d38d4994275d72c4,2025-02-01,51,3.536668000000001,29,21,1057.5154901960784,53933.29,30,21,1.4285714285714286,0.7241379310344828,Greed,68.0
0x28736f43f1e871e6aa8b1148d38d4994275d72c4,2025-02-02,91,-1416.906536,16,5,1328.6620879120878,120908.25,80,11,7.2727272727272725,0.3125,Greed,60.0
0x28736f43f1e871e6aa8b1148d38d4994275d72c4,2025-02-03,75,439.634046,46,45,1251.5914666666667,93869.36,27,48,0.5625,0.9782608695652174,Fear,44.0
0x28736f43f1e871e6aa8b1148d38d4994275d72c4,2025-02-04,48,1291.500575,17,17,1139.6597916666667,54703.67,31,17,1.8235294117647058,1.0,Greed,72.0
0x28736f43f1e871e6aa8b1148d38d4994275d72c4,2025-02-05,83,696.8107239999999,38,37,912.4063855421687,75729.73,45,38,1.1842105263157894,0.9736842105263158,Neutral,54.0
0x28736f43f1e871e6aa8b1148d38d4994275d72c4,2025-02-06,45,358.877096,17,17,1453.7044444444446,65416.700000000004,28,17,1.6470588235294117,1.0,Neutral,49.0
0x28736f43f1e871e6aa8b1148d38d4994275d72c4,2025-02-07,54,932.4458159999999,36,36,596.832037037037,32228.93,18,36,0.5,1.0,Fear,44.0
0x28736f43f1e871e6aa8b1148d38d4994275d72c4,2025-02-08,32,0.0,0,0,630.2528125,20168.09,32,0,,,Fear,44.0
0x28736f43f1e871e6aa8b1148d38d4994275d72c4,2025-02-09,17,31.14195,11,11,685.0323529411764,11645.55,6,11,0.5454545454545454,1.0,Neutral,46.0
0x28736f43f1e871e6aa8b1148d38d4994275d72c4,2025-02-10,43,436.833818,29,29,1075.9925581395348,46267.68,14,29,0.4827586206896552,1.0,Fear,43.0
0x28736f43f1e871e6aa8b1148d38d4994275d72c4,2025-02-11,41,593.326371,19,19,984.2039024390244,40352.36,22,19,1.1578947368421053,1.0,Neutral,47.0
0x28736f43f1e871e6aa8b1148d38d4994275d72c4,2025-02-12,59,198.780392,31,27,717.646779661017,42341.16,28,31,0.9032258064516129,0.8709677419354839,Neutral,46.0
0x28736f43f1e871e6aa8b1148d38d4994275d72c4,2025-02-13,42,287.27875,21,21,647.7471428571429,27205.38,27,15,1.8,1.0,Neutral,50.0
0x28736f43f1e871e6aa8b1148d38d4994275d72c4,2025-02-14,47,404.813032,38,37,536.6263829787234,25221.44,5,42,0.11904761904761904,0.9736842105263158,Neutral,48.0
0x28736f43f1e871e6aa8b1148d38d4994275d72c4,2025-02-15,9,64.653448,8,8,257.83222222222224,2320.4900000000002,2,7,0.2857142857142857,1.0,Neutral,50.0
0x28736f43f1e871e6aa8b1148d38d4994275d72c4,2025-02-16,11,59.664989,4,4,503.33272727272725,5536.66,6,5,1.2,1.0,Neutral,54.0
0x28736f43f1e871e6aa8b1148d38d4994275d72c4,2025-02-17,28,115.824682,18,18,466.69214285714287,13067.380000000001,17,11,1.5454545454545454,1.0,Neutral,51.0
0x28736f43f1e871e6aa8b1148d38d4994275d72c4,2025-02-18,36,45.659497,7,7,404.88444444444445,14575.84,33,3,11.0,1.0,Neutral,47.0
0x28736f43f1e871e6aa8b1148d38d4994275d72c4,2025-02-19,22,20.62415,7,7,508.5995454545455,11189.19,14,8,1.75,1.0,Fear,44.0
0x28736f43f1e871e6aa8b1148d38d4994275d72c4,2025-02-20,53,278.142839,26,26,429.3352830188679,22754.77,25,28,0.8928571428571429,1.0,Neutral,49.0
0x28736f43f1e871e6aa8b1148d38d4994275d72c4,2025-02-21,93,591.659533,61,61,320.8220430107527,29836.45,34,59,0.576271186440678,1.0,Greed,55.0
0x28736f43f1e871e6aa8b1148d38d4994275d72c4,2025-02-22,58,408.03639799999996,18,17,523.8093103448275,30380.94,34,24,1.4166666666666667,0.9444444444444444,Neutral,49.0
0x28736f43f1e871e6aa8b1148d38d4994275d72c4,2025-02-23,24,39.91436,9,9,550.5720833333334,13213.73,10,14,0.7142857142857143,1.0,Neutral,50.0
0x28736f43f1e871e6aa8b1148d38d4994275d72c4,2025-02-24,61,180.244855,27,27,282.4104918032787,17227.04,57,4,14.25,1.0,Neutral,49.0
0x28736f43f1e871e6aa8b1148d38d4994275d72c4,2025-02-25,49,168.27053,13,13,883.3975510204082,43286.48,41,8,5.125,1.0,Fear,25.0
0x28736f43f1e871e6aa8b1148d38d4994275d72c4,2025-02-26,34,64.59776,15,13,242.27088235294116,8237.21,25,9,2.7777777777777777,0.8666666666666667,Extreme Fear,21.0
0x28736f43f1e871e6aa8b1148d38d4994275d72c4,2025-02-27,30,71.919819,14,13,765.107,22953.21,18,12,1.5,0.9285714285714286,Extreme Fear,10.0
0x28736f43f1e871e6aa8b1148d38d4994275d72c4,2025-02-28,81,-3425.450348,29,26,1611.6066666666666,130540.14,52,29,1.793103448275862,0.896551724137931,Extreme Fear,16.0
0x28736f43f1e871e6aa8b1148d38d4994275d72c4,2025-03-01,37,557.9358,14,14,840.2127027027027,31087.87,18,19,0.9473684210526315,1.0,Extreme Fear,20.0
0x28736f43f1e871e6aa8b1148d38d4994275d72c4,2025-03-02,73,8330.21747,56,56,1432.3072602739728,104558.43000000001,18,55,0.32727272727272727,1.0,Fear,26.0
0x28736f43f1e871e6aa8b1148d38d4994275d72c4,2025-03-03,58,494.669357,21,21,536.928448275862,31141.85,48,10,4.8,1.0,Fear,33.0
0x28736f43f1e871e6aa8b1148d38d4994275d72c4,2025-03-04,43,163.73415,13,13,1091.9493023255814,46953.82,42,1,42.0,1.0,Extreme Fear,15.0
0x28736f43f1e871e6aa8b1148d38d4994275d72c4,2025-03-05,26,437.35445200000004,20,20,1109.076923076923,28836.0,9,17,0.5294117647058824,1.0,Extreme Fear,20.0
0x28736f43f1e871e6aa8b1148d38d4994275d72c4,2025-03-06,21,291.46926,13,13,856.63,17989.23,10,11,0.9090909090909091,1.0,Fear,25.0
0x28736f43f1e871e6aa8b1148d38d4994275d72c4,2025-03-07,40,411.824274,15,15,748.432,29937.28,26,14,1.8571428571428572,1.0,Fear,34.0
0x28736f43f1e871e6aa8b1148d38d4994275d72c4,2025-03-08,35,173.811132,14,14,698.2522857142857,24438.829999999998,23,12,1.9166666666666667,1.0,Fear,28.0
0x28736f43f1e871e6aa8b1148d38d4994275d72c4,2025-03-09,36,140.953497,6,6,1118.493611111111,40265.77,31,5,6.2,1.0,Fear,27.0
0x28736f43f1e871e6aa8b1148d38d4994275d72c4,2025-03-10,31,-4026.754395,16,3,838.0596774193548,25979.85,15,16,0.9375,0.1875,Extreme Fear,20.0
0x28736f43f1e871e6aa8b1148d38d4994275d72c4,2025-03-11,24,0.0,0,0,538.44125,12922.59,24,0,,,Extreme Fear,24.0
0x28736f43f1e871e6aa8b1148d38d4994275d72c4,2025-03-12,9,33.01095,4,4,851.8611111111111,7666.75,5,4,1.25,1.0,Fear,34.0
0x28736f43f1e871e6aa8b1148d38d4994275d72c4,2025-03-13,22,465.046501,13,12,881.3063636363636,19388.739999999998,9,13,0.6923076923076923,0.9230769230769231,Neutral,45.0
0x28736f43f1e871e6aa8b1148d38d4994275d72c4,2025-03-14,4,0.0,0,0,262.4975,1049.99,3,1,3.0,,Fear,27.0
0x28736f43f1e871e6aa8b1148d38d4994275d72c4,2025-03-16,27,106.912886,18,18,618.9422222222222,16711.44,9,18,0.5,1.0,Fear,30.0
0x28736f43f1e871e6aa8b1148d38d4994275d72c4,2025-03-17,2,0.0,0,0,653.5999999999999,1307.1999999999998,2,0,,,Fear,32.0
0x28736f43f1e871e6aa8b1148d38d4994275d72c4,2025-03-18,15,40.9165,7,7,703.816,10557.24,12,3,4.0,1.0,Fear,34.0
0x28736f43f1e871e6aa8b1148d38d4994275d72c4,2025-03-19,33,54.9718,30,30,539.8872727272727,17816.28,3,30,0.1,1.0,Fear,32.0
0x28736f43f1e871e6aa8b1148d38d4994275d72c4,2025-03-20,20,144.656157,12,10,1620.353,32407.06,6,14,0.42857142857142855,0.8333333333333334,Neutral,49.0
0x28736f43f1e871e6aa8b1148d38d4994275d72c4,2025-03-21,12,0.5844,1,1,187.86083333333332,2254.33,10,2,5.0,1.0,Fear,31.0
0x28736f43f1e871e6aa8b1148d38d4994275d72c4,2025-03-22,17,132.087931,9,9,559.405294117647,9509.89,6,11,0.5454545454545454,1.0,Fear,32.0
0x28736f43f1e871e6aa8b1148d38d4994275d72c4,2025-03-23,14,79.086899,13,13,840.6328571428572,11768.86,1,13,0.07692307692307693,1.0,Fear,30.0
0x28736f43f1e871e6aa8b1148d38d4994275d72c4,2025-03-24,45,808.135252,31,31,1334.7422222222222,60063.4,11,34,0.3235294117647059,1.0,Neutral,45.0
0x28736f43f1e871e6aa8b1148d38d4994275d72c4,2025-03-25,33,417.38885700000003,12,12,530.670303030303,17512.12,20,13,1.5384615384615385,1.0,Neutral,46.0
0x28736f43f1e871e6aa8b1148d38d4994275d72c4,2025-03-26,35,379.04079,16,16,637.0742857142857,22297.6,17,18,0.9444444444444444,1.0,Neutral,47.0
0x28736f43f1e871e6aa8b1148d38d4994275d72c4,2025-03-27,38,-133.035992,9,6,1857.9734210526317,70602.99,29,9,3.2222222222222223,0.6666666666666666,Fear,40.0
0x28736f43f1e871e6aa8b1148d38d4994275d72c4,2025-03-28,41,-21.766132,4,1,876.1812195121952,35923.43,37,4,9.25,0.25,Fear,44.0
0x28736f43f1e871e6aa8b1148d38d4994275d72c4,2025-03-29,15,28.499012000000004,5,5,468.65066666666667,7029.76,15,0,,1.0,Fear,26.0
0x28736f43f1e871e6aa8b1148d38d4994275d72c4,2025-03-30,44,-743.288757,11,1,726.7522727272727,31977.1,31,13,2.3846153846153846,0.09090909090909091,Fear,32.0
0x28736f43f1e871e6aa8b1148d38d4994275d72c4,2025-03-31,52,3.5652170000000005,14,7,375.1351923076923,19507.03,40,12,3.3333333333333335,0.5,Fear,34.0
0x28736f43f1e871e6aa8b1148d38d4994275d72c4,2025-04-01,41,768.351892,29,27,422.4107317073171,17318.84,14,27,0.5185185185185185,0.9310344827586207,Fear,34.0
0x28736f43f1e871e6aa8b1148d38d4994275d72c4,2025-04-02,70,669.381363,42,42,414.13428571428574,28989.4,27,43,0.627906976744186,1.0,Fear,44.0
0x28736f43f1e871e6aa8b1148d38d4994275d72c4,2025-04-03,85,149.51234499999998,21,10,453.3190588235294,38532.12,64,21,3.0476190476190474,0.47619047619047616,Fear,25.0
0x28736f43f1e871e6aa8b1148d38d4994275d72c4,2025-04-04,100,498.73528200000004,63,56,280.5443,28054.43,33,67,0.4925373134328358,0.8888888888888888,Fear,28.0
0x28736f43f1e871e6aa8b1148d38d4994275d72c4,2025-04-05,56,177.049662,38,34,331.27535714285716,18551.420000000002,18,38,0.47368421052631576,0.8947368421052632,Fear,30.0
0x28736f43f1e871e6aa8b1148d38d4994275d72c4,2025-04-06,74,-476.77056300000004,38,27,387.5243243243243,28676.8,40,34,1.1764705882352942,0.7105263157894737,Fear,34.0
0x28736f43f1e871e6aa8b1148d38d4994275d72c4,2025-04-07,150,-19833.530157,110,27,830.2844666666666,124542.67,40,110,0.36363636363636365,0.24545454545454545,Extreme Fear,23.0
0x28736f43f1e871e6aa8b1148d38d4994275d72c4,2025-04-08,65,230.103259,28,24,279.894,18193.11,36,29,1.2413793103448276,0.8571428571428571,Extreme Fear,24.0
0x28736f43f1e871e6aa8b1148d38d4994275d72c4,2025-04-09,53,94.077376,19,12,244.56867924528302,12962.14,34,19,1.7894736842105263,0.631578947368421,Extreme Fear,18.0
0x28736f43f1e871e6aa8b1148d38d4994275d72c4,2025-04-10,22,73.76740699999999,14,11,166.24727272727273,3657.44,10,12,0.8333333333333334,0.7857142857142857,Fear,39.0
0x28736f43f1e871e6aa8b1148d38d4994275d72c4,2025-04-11,14,67.00618399999999,6,6,335.15785714285715,4692.21,7,7,1.0,1.0,Fear,25.0
0x28736f43f1e871e6aa8b1148d38d4994275d72c4,2025-04-12,3,10.499265,3,3,78.19,234.57,0,3,0.0,1.0,Fear,43.0
0x28736f43f1e871e6aa8b1148d38d4994275d72c4,2025-04-13,19,-902.0714839999999,17,6,269.5942105263158,5122.29,5,14,0.35714285714285715,0.35294117647058826,Neutral,45.0
0x28736f43f1e871e6aa8b1148d38d4994275d72c4,2025-04-14,14,27.177561,8,7,180.60857142857142,2528.52,3,11,0.2727272727272727,0.875,Fear,31.0
0x28736f43f1e871e6aa8b1148d38d4994275d72c4,2025-04-15,17,-48.794434,5,1,186.68235294117648,3173.6,6,11,0.5454545454545454,0.2,Fear,38.0
0x28736f43f1e871e6aa8b1148d38d4994275d72c4,2025-04-16,9,8.738942,3,3,32.69,294.21,3,6,0.5,1.0,Fear,29.0
0x28736f43f1e871e6aa8b1148d38d4994275d72c4,2025-04-17,10,-15.688322,4,1,162.429,1624.29,7,3,2.3333333333333335,0.25,Fear,30.0
0x28736f43f1e871e6aa8b1148d38d4994275d72c4,2025-04-18,8,22.793679,7,6,160.54125,1284.33,4,4,1.0,0.8571428571428571,Fear,33.0
0x28736f43f1e871e6aa8b1148d38d4994275d72c4,2025-04-19,7,40.803149000000005,4,4,75.5942857142857,529.16,2,5,0.4,1.0,Fear,32.0
0x28736f43f1e871e6aa8b1148d38d4994275d72c4,2025-04-20,2,7.707293999999999,2,2,87.145,174.29,0,2,0.0,1.0,Fear,37.0
0x28736f43f1e871e6aa8b1148d38d4994275d72c4,2025-04-21,6,19.956089,5,5,78.33833333333334,470.03000000000003,4,2,2.0,1.0,Fear,39.0
0x28736f43f1e871e6aa8b1148d38d4994275d72c4,2025-04-22,5,11.839106000000001,2,2,58.678,293.39,0,5,0.0,1.0,Neutral,47.0
0x28736f43f1e871e6aa8b1148d38d4994275d72c4,2025-04-23,13,50.899228,10,8,91.10846153846154,1184.41,0,13,0.0,0.8,Greed,72.0
0x28736f43f1e871e6aa8b1148d38d4994275d72c4,2025-04-24,1,1.023851,1,1,182.34,182.34,0,1,0.0,1.0,Greed,63.0
0x28736f43f1e871e6aa8b1148d38d4994275d72c4,2025-04-27,1,0.265698,1,1,49.96,49.96,1,0,,1.0,Greed,61.0
0x28736f43f1e871e6aa8b1148d38d4994275d72c4,2025-04-28,8,-0.08516699999999999,5,1,156.87,1254.96,0,8,0.0,0.2,Neutral,54.0
0x28736f43f1e871e6aa8b1148d38d4994275d72c4,2025-05-01,2,16.923621,2,2,135.32,270.64,0,2,0.0,1.0,Neutral,53.0
0x2c229d22b100a7beb69122eed721cee9b24011dd,2024-10-31,9,-2.5534149999999998,3,0,3327.722222222222,29949.5,6,3,2.0,0.0,Extreme Greed,77.0
0x2c229d22b100a7beb69122eed721cee9b24011dd,2024-11-01,14,-0.09906000000000104,8,4,2139.280714285714,29949.93,6,8,0.75,0.5,Extreme Greed,75.0
0x2c229d22b100a7beb69122eed721cee9b24011dd,2024-11-06,3,-3.41119,2,0,666.84,2000.52,1,2,0.5,0.0,Greed,70.0
0x2c229d22b100a7beb69122eed721cee9b24011dd,2024-11-08,15,-710.786946,10,0,2003.9206666666666,30058.81,5,10,0.5,0.0,Extreme Greed,75.0
0x2c229d22b100a7beb69122eed721cee9b24011dd,2024-11-13,10,-17.60528,7,2,582.841,5828.41,3,7,0.42857142857142855,0.2857142857142857,Extreme Greed,84.0
0x2c229d22b100a7beb69122eed721cee9b24011dd,2024-11-14,69,2215.402997,14,14,1825.0886956521738,125931.12,55,14,3.9285714285714284,1.0,Extreme Greed,88.0
0x2c229d22b100a7beb69122eed721cee9b24011dd,2024-11-15,33,2137.203852,22,22,1024.2048484848485,33798.76,11,22,0.5,1.0,Extreme Greed,80.0
0x2c229d22b100a7beb69122eed721cee9b24011dd,2024-11-16,22,1484.528402,13,13,1292.3377272727273,28431.43,9,13,0.6923076923076923,1.0,Extreme Greed,86.0
0x2c229d22b100a7beb69122eed721cee9b24011dd,2024-11-18,15,-8.138354999999999,8,4,393.86333333333334,5907.95,7,8,0.875,0.5,Extreme Greed,83.0
0x2c229d22b100a7beb69122eed721cee9b24011dd,2024-11-20,76,2626.800865,50,48,2627.9109210526312,199721.22999999998,26,50,0.52,0.96,Extreme Greed,83.0
0x2c229d22b100a7beb69122eed721cee9b24011dd,2024-11-21,22,-0.15074600000000027,15,4,1508.5563636363636,33188.24,7,15,0.4666666666666667,0.26666666666666666,Extreme Greed,82.0
0x2c229d22b100a7beb69122eed721cee9b24011dd,2024-11-22,57,-260.909686,31,3,7077.548245614035,403420.25,26,31,0.8387096774193549,0.0967741935483871,Extreme Greed,94.0
0x2c229d22b100a7beb69122eed721cee9b24011dd,2024-11-29,10,31.04129,9,9,525.317,5253.17,1,9,0.1111111111111111,1.0,Extreme Greed,78.0
0x2c229d22b100a7beb69122eed721cee9b24011dd,2024-11-30,6,59.744873999999996,2,2,6943.03,41658.18,4,2,2.0,1.0,Extreme Greed,84.0
0x2c229d22b100a7beb69122eed721cee9b24011dd,2024-12-02,53,16196.864846,30,30,2348.7403773584906,124483.23999999999,23,30,0.7666666666666667,1.0,Extreme Greed,80.0
0x2c229d22b100a7beb69122eed721cee9b24011dd,2024-12-03,59,121.535562,26,14,1685.5867796610169,99449.62,33,26,1.2692307692307692,0.5384615384615384,Extreme Greed,76.0
0x2c229d22b100a7beb69122eed721cee9b24011dd,2024-12-04,37,7591.307059,25,25,3426.9959459459456,126798.84999999999,12,25,0.48,1.0,Extreme Greed,78.0
0x2c229d22b100a7beb69122eed721cee9b24011dd,2024-12-05,33,2069.92634,30,30,890.1048484848485,29373.46,3,30,0.1,1.0,Extreme Greed,84.0
0x2c229d22b100a7beb69122eed721cee9b24011dd,2024-12-06,9,-123.870122,4,0,2324.0444444444447,20916.4,5,4,1.25,0.0,Greed,72.0
0x2c229d22b100a7beb69122eed721cee9b24011dd,2024-12-10,12,130.883691,7,7,1585.4033333333334,19024.84,5,7,0.7142857142857143,1.0,Extreme Greed,78.0
0x2c229d22b100a7beb69122eed721cee9b24011dd,2024-12-11,19,8544.6855,10,10,6550.684736842106,124463.01000000001,9,10,0.9,1.0,Greed,74.0
0x2c229d22b100a7beb69122eed721cee9b24011dd,2024-12-12,62,7639.595794,39,39,5565.801451612903,345079.69,23,39,0.5897435897435898,1.0,Extreme Greed,83.0
0x2c229d22b100a7beb69122eed721cee9b24011dd,2024-12-13,63,1966.9289449999999,49,49,1823.863492063492,114903.4,14,49,0.2857142857142857,1.0,Extreme Greed,76.0
0x2c229d22b100a7beb69122eed721cee9b24011dd,2024-12-17,15,214.770101,11,11,1000.812,15012.18,4,11,0.36363636363636365,1.0,Extreme Greed,87.0
0x2c229d22b100a7beb69122eed721cee9b24011dd,2024-12-20,11,305.55784,10,10,2609.3063636363636,28702.37,1,10,0.1,1.0,Greed,74.0
0x2c229d22b100a7beb69122eed721cee9b24011dd,2024-12-23,29,6.476289999999996,23,12,7631.325517241379,221308.44,6,23,0.2608695652173913,0.5217391304347826,Greed,70.0
0x2c229d22b100a7beb69122eed721cee9b24011dd,2024-12-24,11,343.63336100000004,6,6,2630.031818181818,28930.35,5,6,0.8333333333333334,1.0,Greed,73.0
0x2c229d22b100a7beb69122eed721cee9b24011dd,2024-12-30,2,0.19908,1,1,34.21,68.42,1,1,1.0,1.0,Greed,65.0
0x2c229d22b100a7beb69122eed721cee9b24011dd,2024-12-31,49,2243.319777,48,48,4127.501224489796,202247.56,1,48,0.020833333333333332,1.0,Greed,64.0
0x2c229d22b100a7beb69122eed721cee9b24011dd,2025-01-10,136,21980.47249,125,125,2289.4099264705883,311359.75,11,125,0.088,1.0,Neutral,50.0
0x2c229d22b100a7beb69122eed721cee9b24011dd,2025-01-11,7,-2.454844,3,0,1785.1328571428571,12495.93,4,3,1.3333333333333333,0.0,Greed,69.0
0x2c229d22b100a7beb69122eed721cee9b24011dd,2025-01-15,12,-18.998214,9,3,1943.5483333333332,23322.579999999998,3,9,0.3333333333333333,0.3333333333333333,Greed,70.0
0x2c229d22b100a7beb69122eed721cee9b24011dd,2025-01-17,57,913.985947,38,38,6517.080175438597,371473.57,19,38,0.5,1.0,Extreme Greed,75.0
0x2c229d22b100a7beb69122eed721cee9b24011dd,2025-01-18,2,-33.4413,1,0,116.66499999999999,233.32999999999998,1,1,1.0,0.0,Extreme Greed,77.0
0x2c229d22b100a7beb69122eed721cee9b24011dd,2025-01-19,74,11437.823511999999,46,46,7532.947432432432,557438.11,28,46,0.6086956521739131,1.0,Extreme Greed,77.0
0x2c229d22b100a7beb69122eed721cee9b24011dd,2025-01-20,82,1535.55008,30,11,8402.275975609757,688986.63,52,30,1.7333333333333334,0.36666666666666664,Extreme Greed,76.0
0x2c229d22b100a7beb69122eed721cee9b24011dd,2025-01-21,15,59.672564,6,6,125.14200000000001,1877.13,9,6,1.5,1.0,Extreme Greed,76.0
0x2c229d22b100a7beb69122eed721cee9b24011dd,2025-01-22,229,12769.669401000001,100,65,1080.5076419213974,247436.25,129,100,1.29,0.65,Extreme Greed,84.0
0x2c229d22b100a7beb69122eed721cee9b24011dd,2025-01-23,104,3776.64959,67,60,2468.1846153846154,256691.2,37,67,0.5522388059701493,0.8955223880597015,Extreme Greed,75.0
0x2c229d22b100a7beb69122eed721cee9b24011dd,2025-01-24,38,363.482456,26,19,2124.9794736842105,80749.22,12,26,0.46153846153846156,0.7307692307692307,Extreme Greed,75.0
0x2c229d22b100a7beb69122eed721cee9b24011dd,2025-01-25,53,2167.17715,33,33,5537.374905660377,293480.87,20,33,0.6060606060606061,1.0,Extreme Greed,75.0
0x2c229d22b100a7beb69122eed721cee9b24011dd,2025-01-30,15,159.201612,6,6,4589.114666666666,68836.72,9,6,1.5,1.0,Greed,70.0
0x2c229d22b100a7beb69122eed721cee9b24011dd,2025-01-31,132,14418.18988,115,113,5257.4305303030305,693980.8300000001,17,115,0.14782608695652175,0.9826086956521739,Extreme Greed,76.0
0x2c229d22b100a7beb69122eed721cee9b24011dd,2025-02-01,21,88.50699399999999,16,12,5610.000952380952,117810.02,5,16,0.3125,0.75,Greed,68.0
0x2c229d22b100a7beb69122eed721cee9b24011dd,2025-02-06,61,-639.3510530000001,44,35,3750.11868852459,228757.24,17,44,0.38636363636363635,0.7954545454545454,Neutral,49.0
0x2c229d22b100a7beb69122eed721cee9b24011dd,2025-02-07,149,-1145.924392,102,6,2135.150268456376,318137.39,47,102,0.46078431372549017,0.058823529411764705,Fear,44.0
0x2c229d22b100a7beb69122eed721cee9b24011dd,2025-02-13,321,17378.569333,206,206,3578.9056074766354,1148828.7,115,206,0.558252427184466,1.0,Neutral,50.0
0x2c229d22b100a7beb69122eed721cee9b24011dd,2025-02-15,47,590.06989,32,32,1285.8944680851064,60437.04,15,32,0.46875,1.0,Neutral,50.0
0x2c229d22b100a7beb69122eed721cee9b24011dd,2025-02-20,149,3057.28245,141,132,5680.961208053691,846463.22,8,141,0.05673758865248227,0.9361702127659575,Neutral,49.0
0x2c229d22b100a7beb69122eed721cee9b24011dd,2025-02-21,60,8502.805925,26,26,2810.3466666666664,168620.8,34,26,1.3076923076923077,1.0,Greed,55.0
0x2c229d22b100a7beb69122eed721cee9b24011dd,2025-02-25,24,169.617628,18,15,1016.4883333333333,24395.72,6,18,0.3333333333333333,0.8333333333333334,Fear,25.0
0x2c229d22b100a7beb69122eed721cee9b24011dd,2025-02-26,10,25.30602,9,9,156.53799999999998,1565.3799999999999,1,9,0.1111111111111111,1.0,Extreme Fear,21.0
0x2c229d22b100a7beb69122eed721cee9b24011dd,2025-03-05,89,11113.173067,58,58,2537.6704494382025,225852.67,31,58,0.5344827586206896,1.0,Extreme Fear,20.0
0x2c229d22b100a7beb69122eed721cee9b24011dd,2025-03-06,15,279.152034,11,11,1287.3273333333334,19309.91,4,11,0.36363636363636365,1.0,Fear,25.0
0x2c229d22b100a7beb69122eed721cee9b24011dd,2025-03-07,3,1.17533,1,1,972.65,2917.95,2,1,2.0,1.0,Fear,34.0
0x2c229d22b100a7beb69122eed721cee9b24011dd,2025-03-11,13,276.7687,10,10,3849.383076923077,50041.98,3,10,0.3,1.0,Extreme Fear,24.0
0x2c229d22b100a7beb69122eed721cee9b24011dd,2025-03-13,25,924.898908,9,1,4074.8460000000005,101871.15000000001,16,9,1.7777777777777777,0.1111111111111111,Neutral,45.0
0x2c229d22b100a7beb69122eed721cee9b24011dd,2025-03-21,74,1215.774424,53,53,1528.0594594594593,113076.4,21,53,0.39622641509433965,1.0,Fear,31.0
0x2c229d22b100a7beb69122eed721cee9b24011dd,2025-03-23,15,514.5145660000001,9,9,919.33,13789.95,6,9,0.6666666666666666,1.0,Fear,30.0
0x2c229d22b100a7beb69122eed721cee9b24011dd,2025-03-25,211,-3323.090682,72,4,2000.0732701421803,422015.46,139,72,1.9305555555555556,0.05555555555555555,Neutral,46.0
0x2c229d22b100a7beb69122eed721cee9b24011dd,2025-03-26,65,2323.99174,49,49,1894.7783076923076,123160.59,16,49,0.32653061224489793,1.0,Neutral,47.0
0x2c229d22b100a7beb69122eed721cee9b24011dd,2025-04-01,9,1334.414834,4,4,1193.0444444444445,10737.4,5,4,1.25,1.0,Fear,34.0
0x2c229d22b100a7beb69122eed721cee9b24011dd,2025-04-02,6,1.1031579999999999,3,2,395.24,2371.44,3,3,1.0,0.6666666666666666,Fear,44.0
0x2c229d22b100a7beb69122eed721cee9b24011dd,2025-04-03,26,160.127816,19,19,739.3319230769231,19222.63,7,19,0.3684210526315789,1.0,Fear,25.0
0x2c229d22b100a7beb69122eed721cee9b24011dd,2025-04-11,45,1419.922474,34,34,1310.5517777777777,58974.83,11,34,0.3235294117647059,1.0,Fear,25.0
0x2c229d22b100a7beb69122eed721cee9b24011dd,2025-04-14,8,18.103863,7,5,133.5325,1068.26,1,7,0.14285714285714285,0.7142857142857143,Fear,31.0
0x2c229d22b100a7beb69122eed721cee9b24011dd,2025-04-18,7,11.209037,6,6,74.56857142857143,521.98,1,6,0.16666666666666666,1.0,Fear,33.0
0x2c229d22b100a7beb69122eed721cee9b24011dd,2025-04-23,2,29.8368,1,1,1284.69,2569.38,1,1,1.0,1.0,Greed,72.0
0x2c229d22b100a7beb69122eed721cee9b24011dd,2025-04-25,3,0.18414,2,2,47.086666666666666,141.26,1,2,0.5,1.0,Greed,60.0
0x3998f134d6aaa2b6a5f723806d00fd2bbbbce891,2023-05-01,3,0.0,0,0,159.0,477.0,3,0,,,Greed,63.0
0x3998f134d6aaa2b6a5f723806d00fd2bbbbce891,2024-01-11,2,0.0,0,0,23066.935,46133.87,2,0,,,Extreme Greed,76.0
0x3998f134d6aaa2b6a5f723806d00fd2bbbbce891,2024-01-15,9,152.85358,9,9,69.98444444444445,629.86,0,9,0.0,1.0,Neutral,52.0
0x3998f134d6aaa2b6a5f723806d00fd2bbbbce891,2024-01-16,6,-3238.8,2,0,10580.346666666666,63482.08,4,2,2.0,0.0,Greed,64.0
0x3998f134d6aaa2b6a5f723806d00fd2bbbbce891,2024-01-28,11,-2478.06972,11,0,1646.2754545454545,18109.03,0,11,0.0,0.0,Neutral,54.0
0x3998f134d6aaa2b6a5f723806d00fd2bbbbce891,2024-04-16,1,0.0,0,0,91.08,91.08,0,1,0.0,,Greed,65.0
0x3998f134d6aaa2b6a5f723806d00fd2bbbbce891,2024-05-29,5,0.0,0,0,6113.468,30567.34,5,0,,,Greed,72.0
0x3998f134d6aaa2b6a5f723806d00fd2bbbbce891,2024-07-24,3,0.0,0,0,0.4266666666666667,1.28,0,3,0.0,,Greed,69.0
0x3998f134d6aaa2b6a5f723806d00fd2bbbbce891,2024-07-26,1,0.0,0,0,0.81,0.81,0,1,0.0,,Greed,68.0
0x3998f134d6aaa2b6a5f723806d00fd2bbbbce891,2024-08-01,1,0.0,0,0,0.74,0.74,0,1,0.0,,Neutral,52.0
0x3998f134d6aaa2b6a5f723806d00fd2bbbbce891,2024-08-03,1,0.0,0,0,0.65,0.65,0,1,0.0,,Fear,37.0
0x3998f134d6aaa2b6a5f723806d00fd2bbbbce891,2024-08-04,1,0.0,0,0,0.01,0.01,0,1,0.0,,Fear,34.0
0x3998f134d6aaa2b6a5f723806d00fd2bbbbce891,2024-08-06,27,215.754798,21,8,28.555555555555557,771.0,1,26,0.038461538461538464,0.38095238095238093,Extreme Fear,17.0
0x3998f134d6aaa2b6a5f723806d00fd2bbbbce891,2024-08-07,11,0.0,0,0,0.0036363636363636364,0.04,0,11,0.0,,Fear,29.0
0x3998f134d6aaa2b6a5f723806d00fd2bbbbce891,2024-08-17,29,0.0,0,0,1035.7675862068966,30037.26,29,0,,,Fear,25.0
0x3998f134d6aaa2b6a5f723806d00fd2bbbbce891,2024-08-30,1,0.0,0,0,0.69,0.69,0,1,0.0,,Fear,34.0
0x3998f134d6aaa2b6a5f723806d00fd2bbbbce891,2024-09-05,1,0.0,0,0,0.84,0.84,0,1,0.0,,Fear,29.0
0x3998f134d6aaa2b6a5f723806d00fd2bbbbce891,2024-11-18,6,48.185146,4,2,116.12333333333333,696.74,1,5,0.2,0.5,Extreme Greed,83.0
0x3998f134d6aaa2b6a5f723806d00fd2bbbbce891,2024-11-19,1,0.0,0,0,0.01,0.01,0,1,0.0,,Extreme Greed,90.0
0x3998f134d6aaa2b6a5f723806d00fd2bbbbce891,2024-11-29,56,17511.326788,37,36,1817.6805357142857,101790.11,17,39,0.4358974358974359,0.972972972972973,Extreme Greed,78.0
0x3998f134d6aaa2b6a5f723806d00fd2bbbbce891,2024-11-30,39,19050.661786,27,27,2556.5420512820515,99705.14,7,32,0.21875,1.0,Extreme Greed,84.0
0x3998f134d6aaa2b6a5f723806d00fd2bbbbce891,2024-12-01,3,13.566929,2,2,11.366666666666667,34.1,1,2,0.5,1.0,Extreme Greed,81.0
0x3998f134d6aaa2b6a5f723806d00fd2bbbbce891,2024-12-02,1,0.0,0,0,0.0,0.0,0,1,0.0,,Extreme Greed,80.0
0x3998f134d6aaa2b6a5f723806d00fd2bbbbce891,2024-12-14,36,0.0,0,0,5555.551944444444,199999.87,36,0,,,Extreme Greed,83.0
0x3998f134d6aaa2b6a5f723806d00fd2bbbbce891,2024-12-15,6,346.827642,5,5,117.02833333333335,702.1700000000001,1,5,0.2,1.0,Extreme Greed,80.0
0x3998f134d6aaa2b6a5f723806d00fd2bbbbce891,2024-12-16,4,0.0,0,0,0.0,0.0,0,4,0.0,,Extreme Greed,83.0
0x3998f134d6aaa2b6a5f723806d00fd2bbbbce891,2024-12-20,3,22.80272,1,1,15.183333333333332,45.55,1,2,0.5,1.0,Greed,74.0
0x3998f134d6aaa2b6a5f723806d00fd2bbbbce891,2025-01-20,2,0.0,0,0,183.07999999999998,366.15999999999997,2,0,,,Extreme Greed,76.0
0x3998f134d6aaa2b6a5f723806d00fd2bbbbce891,2025-01-23,3,-5978.38652,3,2,6.186666666666667,18.560000000000002,0,3,0.0,0.6666666666666666,Extreme Greed,75.0
0x3998f134d6aaa2b6a5f723806d00fd2bbbbce891,2025-01-24,2,0.0,0,0,0.005,0.01,0,2,0.0,,Extreme Greed,75.0
0x3998f134d6aaa2b6a5f723806d00fd2bbbbce891,2025-02-14,2,19.530304,2,2,25.39,50.78,0,2,0.0,1.0,Neutral,48.0
0x3998f134d6aaa2b6a5f723806d00fd2bbbbce891,2025-02-21,7,-350.632694,5,0,184.87857142857143,1294.15,2,5,0.4,0.0,Greed,55.0
0x3998f134d6aaa2b6a5f723806d00fd2bbbbce891,2025-03-06,37,600.008922,37,26,1400.675945945946,51825.01,0,37,0.0,0.7027027027027027,Fear,25.0
0x3998f134d6aaa2b6a5f723806d00fd2bbbbce891,2025-03-10,26,-8224.491085,26,0,1653.866153846154,43000.520000000004,0,26,0.0,0.0,Extreme Fear,20.0
0x3998f134d6aaa2b6a5f723806d00fd2bbbbce891,2025-03-11,119,-58444.949486,119,0,1948.151092436975,231829.98,0,119,0.0,0.0,Extreme Fear,24.0
0x3998f134d6aaa2b6a5f723806d00fd2bbbbce891,2025-04-06,19,0.0,0,0,2105.072105263158,39996.37,0,19,0.0,,Fear,34.0
0x3998f134d6aaa2b6a5f723806d00fd2bbbbce891,2025-04-07,61,9485.86,21,21,1811.634426229508,110509.7,21,40,0.525,1.0,Extreme Fear,23.0
0x3998f134d6aaa2b6a5f723806d00fd2bbbbce891,2025-04-09,30,0.0,0,0,1333.3193333333334,39999.58,0,30,0.0,,Extreme Fear,18.0
0x3998f134d6aaa2b6a5f723806d00fd2bbbbce891,2025-04-12,32,2466.604719,32,32,1105.835625,35386.74,32,0,,1.0,Fear,43.0
0x3998f134d6aaa2b6a5f723806d00fd2bbbbce891,2025-04-13,9,1076.778732,9,9,2341.0022222222224,21069.02,9,0,,1.0,Neutral,45.0
0x3998f134d6aaa2b6a5f723806d00fd2bbbbce891,2025-04-21,124,-3533.6725370000004,124,116,1459.0874193548386,180926.84,8,116,0.06896551724137931,0.9354838709677419,Fear,39.0
0x3998f134d6aaa2b6a5f723806d00fd2bbbbce891,2025-04-22,1,0.0,0,0,0.01,0.01,0,1,0.0,,Neutral,47.0
0x3998f134d6aaa2b6a5f723806d00fd2bbbbce891,2025-04-25,73,34.63999,73,73,826.7301369863014,60351.3,0,73,0.0,1.0,Greed,60.0
0x39cef799f8b69da1995852eea189df24eb5cae3c,2024-11-12,2,0.0,0,0,5195.3,10390.6,2,0,,,Extreme Greed,80.0
0x39cef799f8b69da1995852eea189df24eb5cae3c,2024-11-20,2,-808.158708,1,0,10882.16,21764.32,1,1,1.0,0.0,Extreme Greed,83.0
0x39cef799f8b69da1995852eea189df24eb5cae3c,2024-12-01,1,0.0,0,0,199.81,199.81,0,1,0.0,,Extreme Greed,81.0
0x39cef799f8b69da1995852eea189df24eb5cae3c,2024-12-03,1,0.0,0,0,209.94,209.94,0,1,0.0,,Extreme Greed,76.0
0x39cef799f8b69da1995852eea189df24eb5cae3c,2024-12-05,6,0.0,0,0,10238.081666666667,61428.49,6,0,,,Extreme Greed,84.0
0x39cef799f8b69da1995852eea189df24eb5cae3c,2024-12-06,20,0.0,0,0,1657.5529999999999,33151.06,5,15,0.3333333333333333,,Greed,72.0
0x39cef799f8b69da1995852eea189df24eb5cae3c,2024-12-09,8,483.662076,8,8,603.1,4824.8,8,0,,1.0,Extreme Greed,78.0
0x39cef799f8b69da1995852eea189df24eb5cae3c,2024-12-10,3,0.0,0,0,22522.036666666667,67566.11,3,0,,,Extreme Greed,78.0
0x39cef799f8b69da1995852eea189df24eb5cae3c,2024-12-11,4,3721.345649,4,4,40012.55,160050.2,0,4,0.0,1.0,Greed,74.0
0x39cef799f8b69da1995852eea189df24eb5cae3c,2024-12-13,26,1116.8006,13,13,2954.652692307692,76820.97,13,13,1.0,1.0,Extreme Greed,76.0
0x39cef799f8b69da1995852eea189df24eb5cae3c,2024-12-14,1,1898.178342,1,1,6591.46,6591.46,0,1,0.0,1.0,Extreme Greed,83.0
0x39cef799f8b69da1995852eea189df24eb5cae3c,2024-12-15,28,6623.483154,23,23,1993.9885714285715,55831.68,5,23,0.21739130434782608,1.0,Extreme Greed,80.0
0x39cef799f8b69da1995852eea189df24eb5cae3c,2024-12-16,14,6942.186825,9,9,5866.705,82133.87,5,9,0.5555555555555556,1.0,Extreme Greed,83.0
0x39cef799f8b69da1995852eea189df24eb5cae3c,2024-12-18,12,136.054186,3,3,679.3075,8151.69,9,3,3.0,1.0,Extreme Greed,81.0
0x39cef799f8b69da1995852eea189df24eb5cae3c,2024-12-20,4,1676.3027260000001,3,3,2837.6875,11350.75,2,2,1.0,1.0,Greed,74.0
0x39cef799f8b69da1995852eea189df24eb5cae3c,2024-12-24,19,14849.788861,16,16,17744.187894736842,337139.57,3,16,0.1875,1.0,Greed,73.0
0x39cef799f8b69da1995852eea189df24eb5cae3c,2025-01-01,12,-9655.676981,6,5,15270.597499999998,183247.16999999998,6,6,1.0,0.8333333333333334,Greed,66.0
0x39cef799f8b69da1995852eea189df24eb5cae3c,2025-01-03,1,0.0,0,0,6217.48,6217.48,1,0,,,Greed,74.0
0x39cef799f8b69da1995852eea189df24eb5cae3c,2025-01-14,3,0.0,0,0,800.29,2400.87,0,3,0.0,,Greed,63.0
0x39cef799f8b69da1995852eea189df24eb5cae3c,2025-01-19,3,-1584.55781,3,0,15271.743333333334,45815.23,0,3,0.0,0.0,Extreme Greed,77.0
0x39cef799f8b69da1995852eea189df24eb5cae3c,2025-01-20,4,-401.2638,3,0,14949.164999999999,59796.659999999996,1,3,0.3333333333333333,0.0,Extreme Greed,76.0
0x39cef799f8b69da1995852eea189df24eb5cae3c,2025-01-23,4,0.0,0,0,11250.0,45000.0,4,0,,,Extreme Greed,75.0
0x39cef799f8b69da1995852eea189df24eb5cae3c,2025-02-23,6,2.9205,1,1,2401.1383333333333,14406.83,5,1,5.0,1.0,Neutral,50.0
0x39cef799f8b69da1995852eea189df24eb5cae3c,2025-03-04,63,863.956464,30,30,3213.5458730158734,202453.39,33,30,1.1,1.0,Extreme Fear,15.0
0x39cef799f8b69da1995852eea189df24eb5cae3c,2025-03-05,43,8187.59426,24,24,3514.7537209302327,151134.41,19,24,0.7916666666666666,1.0,Extreme Fear,20.0
0x39cef799f8b69da1995852eea189df24eb5cae3c,2025-03-10,2,-37230.786609,2,0,48134.545,96269.09,0,2,0.0,0.0,Extreme Fear,20.0
0x39cef799f8b69da1995852eea189df24eb5cae3c,2025-03-12,39,0.0,0,0,2549.7482051282054,99440.18000000001,0,39,0.0,,Fear,34.0
0x39cef799f8b69da1995852eea189df24eb5cae3c,2025-03-17,205,17926.355742,107,107,1908.0640975609756,391153.14,107,98,1.0918367346938775,1.0,Fear,32.0
0x39cef799f8b69da1995852eea189df24eb5cae3c,2025-03-18,283,238.31419899999997,51,51,2061.155088339223,583306.89,51,232,0.21982758620689655,1.0,Fear,34.0
0x39cef799f8b69da1995852eea189df24eb5cae3c,2025-03-19,119,909.907336,2,2,2421.7106722689077,288183.57,2,117,0.017094017094017096,1.0,Fear,32.0
0x39cef799f8b69da1995852eea189df24eb5cae3c,2025-03-20,82,0.0,0,0,607.7802439024391,49837.98,0,82,0.0,,Neutral,49.0
0x39cef799f8b69da1995852eea189df24eb5cae3c,2025-03-21,3,0.0,0,0,10058.62,30175.86,3,0,,,Fear,31.0
0x39cef799f8b69da1995852eea189df24eb5cae3c,2025-03-23,93,4988.749429,52,52,4121.473548387096,383297.04,52,41,1.2682926829268293,1.0,Fear,30.0
0x39cef799f8b69da1995852eea189df24eb5cae3c,2025-03-24,20,3896.627832,20,20,1703.6174999999998,34072.35,0,20,0.0,1.0,Neutral,45.0
0x39cef799f8b69da1995852eea189df24eb5cae3c,2025-03-25,1,0.0,0,0,100176.1,100176.1,0,1,0.0,,Neutral,46.0
0x39cef799f8b69da1995852eea189df24eb5cae3c,2025-03-26,28,3782.33025,28,28,2294.2153571428576,64238.030000000006,28,0,,1.0,Neutral,47.0
0x39cef799f8b69da1995852eea189df24eb5cae3c,2025-03-27,178,6504.316844999999,30,30,1543.4331460674157,274731.1,30,148,0.20270270270270271,1.0,Fear,40.0
0x39cef799f8b69da1995852eea189df24eb5cae3c,2025-04-03,142,0.0,0,0,4742.898943661972,673491.65,0,142,0.0,,Fear,25.0
0x39cef799f8b69da1995852eea189df24eb5cae3c,2025-04-04,34,266.39774,34,34,19800.740588235294,673225.18,34,0,,1.0,Fear,28.0
0x39cef799f8b69da1995852eea189df24eb5cae3c,2025-04-06,68,24553.541149999997,21,21,2824.8166176470586,192087.53,21,47,0.44680851063829785,1.0,Fear,34.0
0x39cef799f8b69da1995852eea189df24eb5cae3c,2025-04-07,929,25941.716413,461,294,3895.6048546824545,3619016.91,478,451,1.0598669623059866,0.6377440347071583,Extreme Fear,23.0
0x39cef799f8b69da1995852eea189df24eb5cae3c,2025-04-08,14,3366.444714,14,14,10183.131428571429,142563.84,14,0,,1.0,Extreme Fear,24.0
0x39cef799f8b69da1995852eea189df24eb5cae3c,2025-04-09,617,-77308.420095,526,142,4099.378930307941,2529316.8,505,112,4.508928571428571,0.26996197718631176,Extreme Fear,18.0
0x39cef799f8b69da1995852eea189df24eb5cae3c,2025-04-10,306,-831.2396219999999,206,176,5795.6883333333335,1773480.6300000001,121,185,0.654054054054054,0.8543689320388349,Fear,39.0
0x39cef799f8b69da1995852eea189df24eb5cae3c,2025-04-13,135,3271.3693780000003,64,64,20019.11111111111,2702580.0,71,64,1.109375,1.0,Neutral,45.0
0x39cef799f8b69da1995852eea189df24eb5cae3c,2025-04-14,1,128.67829,1,1,844654.19,844654.19,0,1,0.0,1.0,Fear,31.0
0x3f9a0aadc7f04a7c9d75dc1b5a6ddd6e36486cf6,2024-10-03,5,100.375782,3,3,2585.338,12926.69,2,3,0.6666666666666666,1.0,Fear,37.0
0x3f9a0aadc7f04a7c9d75dc1b5a6ddd6e36486cf6,2024-11-03,2,0.0,0,0,9530.66,19061.32,2,0,,,Greed,74.0
0x3f9a0aadc7f04a7c9d75dc1b5a6ddd6e36486cf6,2024-11-04,10,540.05911,10,10,1960.1330000000003,19601.33,0,10,0.0,1.0,Greed,70.0
0x3f9a0aadc7f04a7c9d75dc1b5a6ddd6e36486cf6,2024-11-07,16,503.46257599999996,11,11,1929.28125,30868.5,5,11,0.45454545454545453,1.0,Extreme Greed,77.0
0x3f9a0aadc7f04a7c9d75dc1b5a6ddd6e36486cf6,2024-11-10,1,0.0,0,0,9836.88,9836.88,1,0,,,Extreme Greed,78.0
0x3f9a0aadc7f04a7c9d75dc1b5a6ddd6e36486cf6,2024-11-11,4,393.07947,4,4,2557.49,10229.96,0,4,0.0,1.0,Extreme Greed,76.0
0x3f9a0aadc7f04a7c9d75dc1b5a6ddd6e36486cf6,2024-11-12,4,0.0,0,0,1319.1399999999999,5276.5599999999995,4,0,,,Extreme Greed,80.0
0x3f9a0aadc7f04a7c9d75dc1b5a6ddd6e36486cf6,2024-11-13,8,135.09947,7,7,1860.1075,14880.86,1,7,0.14285714285714285,1.0,Extreme Greed,84.0
0x3f9a0aadc7f04a7c9d75dc1b5a6ddd6e36486cf6,2024-11-15,35,0.0,0,0,930.75,32576.25,35,0,,,Extreme Greed,80.0
0x3f9a0aadc7f04a7c9d75dc1b5a6ddd6e36486cf6,2024-11-19,5,245.44495999999998,5,5,6564.348,32821.74,0,5,0.0,1.0,Extreme Greed,90.0
0x3f9a0aadc7f04a7c9d75dc1b5a6ddd6e36486cf6,2024-11-22,22,1050.894,7,7,2990.737727272727,65796.23,15,7,2.142857142857143,1.0,Extreme Greed,94.0
0x3f9a0aadc7f04a7c9d75dc1b5a6ddd6e36486cf6,2024-11-23,7,788.45072,7,7,3091.247142857143,21638.73,0,7,0.0,1.0,Extreme Greed,93.0
0x3f9a0aadc7f04a7c9d75dc1b5a6ddd6e36486cf6,2024-11-26,36,0.0,0,0,1012.4008333333334,36446.43,36,0,,,Extreme Greed,79.0
0x3f9a0aadc7f04a7c9d75dc1b5a6ddd6e36486cf6,2024-11-28,25,3855.7522,25,25,1612.0868,40302.17,0,25,0.0,1.0,Extreme Greed,77.0
0x3f9a0aadc7f04a7c9d75dc1b5a6ddd6e36486cf6,2024-11-29,10,0.0,0,0,13325.11,133251.1,10,0,,,Extreme Greed,78.0
0x3f9a0aadc7f04a7c9d75dc1b5a6ddd6e36486cf6,2024-12-02,1,0.0,0,0,46692.72,46692.72,1,0,,,Extreme Greed,80.0
0x3f9a0aadc7f04a7c9d75dc1b5a6ddd6e36486cf6,2024-12-26,32,29897.971695000004,10,10,2297.953125,73534.5,22,10,2.2,1.0,Extreme Greed,79.0
0x3f9a0aadc7f04a7c9d75dc1b5a6ddd6e36486cf6,2024-12-28,10,0.0,0,0,6154.678,61546.78,10,0,,,Greed,72.0
0x3f9a0aadc7f04a7c9d75dc1b5a6ddd6e36486cf6,2025-01-12,3,3699.757273,3,3,7958.366666666666,23875.1,0,3,0.0,1.0,Greed,62.0
0x3f9a0aadc7f04a7c9d75dc1b5a6ddd6e36486cf6,2025-01-13,1,0.0,0,0,0.22,0.22,0,1,0.0,,Greed,61.0
0x3f9a0aadc7f04a7c9d75dc1b5a6ddd6e36486cf6,2025-02-14,1,8019.163096,1,1,63734.69,63734.69,0,1,0.0,1.0,Neutral,48.0
0x3f9a0aadc7f04a7c9d75dc1b5a6ddd6e36486cf6,2025-04-04,1,0.0,0,0,63727.4,63727.4,1,0,,,Fear,28.0
0x3f9a0aadc7f04a7c9d75dc1b5a6ddd6e36486cf6,2025-04-05,19,562.1943200000001,19,19,3383.65,64289.35,0,19,0.0,1.0,Fear,30.0
0x3f9a0aadc7f04a7c9d75dc1b5a6ddd6e36486cf6,2025-04-06,21,0.0,0,0,3060.3452380952376,64267.24999999999,20,1,20.0,,Fear,34.0
0x3f9a0aadc7f04a7c9d75dc1b5a6ddd6e36486cf6,2025-04-09,19,110.553364,19,19,3388.287368421053,64377.46000000001,0,19,0.0,1.0,Extreme Fear,18.0
0x3f9a0aadc7f04a7c9d75dc1b5a6ddd6e36486cf6,2025-04-10,6,0.0,0,0,10728.526666666667,64371.16,5,1,5.0,,Fear,39.0
0x3f9a0aadc7f04a7c9d75dc1b5a6ddd6e36486cf6,2025-04-12,27,3593.989207,27,27,2517.1996296296297,67964.39,0,27,0.0,1.0,Fear,43.0
0x3f9a0aadc7f04a7c9d75dc1b5a6ddd6e36486cf6,2025-04-13,1,0.0,0,0,0.69,0.69,0,1,0.0,,Neutral,45.0
0x420ab45e0bd8863569a5efbb9c05d91f40624641,2024-12-06,45,0.0,0,0,10673.925777777777,480326.66,0,45,0.0,,Greed,72.0
0x420ab45e0bd8863569a5efbb9c05d91f40624641,2024-12-12,10,1762.46,10,10,6750.81,67508.1,10,0,,1.0,Extreme Greed,83.0
0x420ab45e0bd8863569a5efbb9c05d91f40624641,2024-12-17,20,27.63736,11,11,3976.0629999999996,79521.26,2,18,0.1111111111111111,1.0,Extreme Greed,87.0
0x420ab45e0bd8863569a5efbb9c05d91f40624641,2024-12-18,44,0.0,0,0,3081.5213636363637,135586.94,0,44,0.0,,Extreme Greed,81.0
0x420ab45e0bd8863569a5efbb9c05d91f40624641,2024-12-19,4,2229.5212300000003,4,4,4987.015,19948.06,4,0,,1.0,Extreme Greed,75.0
0x420ab45e0bd8863569a5efbb9c05d91f40624641,2024-12-23,2,12082.95,2,2,13593.75,27187.5,2,0,,1.0,Greed,70.0
0x420ab45e0bd8863569a5efbb9c05d91f40624641,2024-12-24,7,0.0,0,0,4312.501428571429,30187.510000000002,0,7,0.0,,Greed,73.0
0x420ab45e0bd8863569a5efbb9c05d91f40624641,2025-01-08,12,0.0,0,0,2966.789166666667,35601.47,0,12,0.0,,Greed,70.0
0x420ab45e0bd8863569a5efbb9c05d91f40624641,2025-01-15,2,0.0,0,0,48455.0,96910.0,0,2,0.0,,Greed,70.0
0x420ab45e0bd8863569a5efbb9c05d91f40624641,2025-01-16,30,0.0,0,0,1508.392,45251.76,0,30,0.0,,Extreme Greed,75.0
0x420ab45e0bd8863569a5efbb9c05d91f40624641,2025-02-08,5,0.0,0,0,10322.714,51613.57,0,5,0.0,,Fear,44.0
0x420ab45e0bd8863569a5efbb9c05d91f40624641,2025-02-14,12,0.0,0,0,2078.9283333333333,24947.14,0,12,0.0,,Neutral,48.0
0x420ab45e0bd8863569a5efbb9c05d91f40624641,2025-03-08,11,11894.061848,11,11,5318.463636363636,58503.1,11,0,,1.0,Fear,28.0
0x420ab45e0bd8863569a5efbb9c05d91f40624641,2025-03-11,61,9461.082288,3,3,2446.7424590163937,149251.29,3,58,0.05172413793103448,1.0,Extreme Fear,24.0
0x420ab45e0bd8863569a5efbb9c05d91f40624641,2025-03-14,8,16017.255710000001,8,8,1201.78,9614.24,8,0,,1.0,Fear,27.0
0x420ab45e0bd8863569a5efbb9c05d91f40624641,2025-03-15,25,74293.663505,25,25,3134.3723999999997,78359.31,25,0,,1.0,Neutral,46.0
0x420ab45e0bd8863569a5efbb9c05d91f40624641,2025-03-18,5,63015.976505,5,5,22996.97,114984.85,4,1,4.0,1.0,Fear,34.0
0x420ab45e0bd8863569a5efbb9c05d91f40624641,2025-03-19,58,0.0,0,0,5839.154827586207,338670.98,21,37,0.5675675675675675,,Fear,32.0
0x420ab45e0bd8863569a5efbb9c05d91f40624641,2025-03-25,11,0.0,0,0,9047.907272727272,99526.98,0,11,0.0,,Neutral,46.0
0x420ab45e0bd8863569a5efbb9c05d91f40624641,2025-04-10,11,8720.984286,11,11,4002.4445454545453,44026.89,11,0,,1.0,Fear,39.0
0x430f09841d65beb3f27765503d0f850b8bce7713,2024-04-20,20,0.0,0,0,2436.6825,48733.65,20,0,,,Greed,66.0
0x430f09841d65beb3f27765503d0f850b8bce7713,2024-04-25,68,0.0,0,0,753.8510294117647,51261.869999999995,68,0,,,Greed,72.0
0x430f09841d65beb3f27765503d0f850b8bce7713,2024-06-19,3,0.0,0,0,7722.796666666666,23168.39,3,0,,,Greed,64.0
0x430f09841d65beb3f27765503d0f850b8bce7713,2024-06-20,8,57478.456026,8,8,21188.46875,169507.75,0,8,0.0,1.0,Greed,60.0
0x430f09841d65beb3f27765503d0f850b8bce7713,2024-07-23,229,88084.992348,229,229,1072.2595633187773,245547.44,0,229,0.0,1.0,Greed,71.0
0x430f09841d65beb3f27765503d0f850b8bce7713,2024-07-24,2,0.0,0,0,0.335,0.67,0,2,0.0,,Greed,69.0
0x430f09841d65beb3f27765503d0f850b8bce7713,2024-07-25,1,0.0,0,0,0.94,0.94,0,1,0.0,,Greed,68.0
0x430f09841d65beb3f27765503d0f850b8bce7713,2024-08-09,1,0.0,0,0,0.12,0.12,0,1,0.0,,Neutral,48.0
0x430f09841d65beb3f27765503d0f850b8bce7713,2024-08-10,1,0.0,0,0,0.68,0.68,0,1,0.0,,Fear,40.0
0x430f09841d65beb3f27765503d0f850b8bce7713,2024-08-12,1,0.0,0,0,0.61,0.61,0,1,0.0,,Fear,25.0
0x430f09841d65beb3f27765503d0f850b8bce7713,2024-08-13,1,0.0,0,0,0.67,0.67,0,1,0.0,,Fear,31.0
0x430f09841d65beb3f27765503d0f850b8bce7713,2024-08-14,1,0.0,0,0,0.53,0.53,0,1,0.0,,Fear,30.0
0x430f09841d65beb3f27765503d0f850b8bce7713,2024-08-30,1,0.0,0,0,0.62,0.62,0,1,0.0,,Fear,34.0
0x430f09841d65beb3f27765503d0f850b8bce7713,2024-08-31,1,0.0,0,0,0.96,0.96,0,1,0.0,,Fear,29.0
0x430f09841d65beb3f27765503d0f850b8bce7713,2024-09-11,1,0.0,0,0,0.54,0.54,0,1,0.0,,Fear,37.0
0x430f09841d65beb3f27765503d0f850b8bce7713,2024-09-14,1,0.0,0,0,0.65,0.65,0,1,0.0,,Neutral,50.0
0x430f09841d65beb3f27765503d0f850b8bce7713,2024-09-21,23,36165.56933,23,23,7202.092173913044,165648.12,0,23,0.0,1.0,Neutral,54.0
0x430f09841d65beb3f27765503d0f850b8bce7713,2024-10-05,1,0.0,0,0,0.61,0.61,0,1,0.0,,Neutral,49.0
0x430f09841d65beb3f27765503d0f850b8bce7713,2024-10-11,1,0.0,0,0,0.73,0.73,0,1,0.0,,Fear,32.0
0x430f09841d65beb3f27765503d0f850b8bce7713,2024-11-29,15,124284.948775,15,15,8285.689333333334,124285.34,0,15,0.0,1.0,Extreme Greed,78.0
0x430f09841d65beb3f27765503d0f850b8bce7713,2025-02-07,93,5615.052102,24,24,4485.160645161291,417119.94,69,24,2.875,1.0,Fear,44.0
0x430f09841d65beb3f27765503d0f850b8bce7713,2025-02-12,108,22795.8104,45,45,4261.555092592593,460247.95,63,45,1.4,1.0,Neutral,46.0
0x430f09841d65beb3f27765503d0f850b8bce7713,2025-02-21,255,82117.04336,255,255,1500.5277647058824,382634.58,0,255,0.0,1.0,Greed,55.0
0x430f09841d65beb3f27765503d0f850b8bce7713,2025-04-09,79,0.0,0,0,5570.2651898734175,440050.95,79,0,,,Extreme Fear,18.0
0x430f09841d65beb3f27765503d0f850b8bce7713,2025-04-16,78,0.0,0,0,1231.3267948717948,96043.49,0,78,0.0,,Fear,29.0
0x430f09841d65beb3f27765503d0f850b8bce7713,2025-04-18,58,0.0,0,0,1514.5613793103448,87844.56,0,58,0.0,,Fear,33.0
0x430f09841d65beb3f27765503d0f850b8bce7713,2025-04-26,132,0.0,0,0,838.0906060606061,110627.96,0,132,0.0,,Greed,65.0
0x430f09841d65beb3f27765503d0f850b8bce7713,2025-04-29,54,0.0,0,0,2655.1648148148147,143378.9,0,54,0.0,,Greed,60.0
0x47add9a56df66b524d5e2c1993a43cde53b6ed85,2024-11-30,8,8.570313,1,1,249.58375,1996.67,7,1,7.0,1.0,Extreme Greed,84.0
0x47add9a56df66b524d5e2c1993a43cde53b6ed85,2024-12-01,4,197.422418,2,2,358.71500000000003,1434.8600000000001,2,2,1.0,1.0,Extreme Greed,81.0
0x47add9a56df66b524d5e2c1993a43cde53b6ed85,2024-12-03,42,30.727222,1,1,330.0188095238095,13860.79,26,16,1.625,1.0,Extreme Greed,76.0
0x47add9a56df66b524d5e2c1993a43cde53b6ed85,2024-12-04,102,910.584797,28,14,795.8152941176471,81173.16,39,63,0.6190476190476191,0.5,Extreme Greed,78.0
0x47add9a56df66b524d5e2c1993a43cde53b6ed85,2024-12-05,290,3174.023699,118,106,587.6594137931035,170421.23,145,145,1.0,0.8983050847457628,Extreme Greed,84.0
0x47add9a56df66b524d5e2c1993a43cde53b6ed85,2024-12-06,108,514.886454,38,32,1009.2267592592593,108996.49,61,47,1.297872340425532,0.8421052631578947,Greed,72.0
0x47add9a56df66b524d5e2c1993a43cde53b6ed85,2024-12-07,180,1040.616939,74,63,580.1653888888889,104429.77,83,97,0.8556701030927835,0.8513513513513513,Extreme Greed,75.0
0x47add9a56df66b524d5e2c1993a43cde53b6ed85,2024-12-08,69,227.072158,27,25,423.3769565217391,29213.01,33,36,0.9166666666666666,0.9259259259259259,Extreme Greed,79.0
0x47add9a56df66b524d5e2c1993a43cde53b6ed85,2024-12-09,55,311.290605,22,19,399.53854545454544,21974.62,32,23,1.391304347826087,0.8636363636363636,Extreme Greed,78.0
0x47add9a56df66b524d5e2c1993a43cde53b6ed85,2024-12-10,182,1474.670598,76,67,512.06510989011,93195.85,109,73,1.4931506849315068,0.881578947368421,Extreme Greed,78.0
0x47add9a56df66b524d5e2c1993a43cde53b6ed85,2024-12-11,325,1157.689489,110,109,307.6034769230769,99971.13,117,208,0.5625,0.990909090909091,Greed,74.0
0x47add9a56df66b524d5e2c1993a43cde53b6ed85,2024-12-12,159,574.398074,61,46,458.38842767295597,72883.76,75,84,0.8928571428571429,0.7540983606557377,Extreme Greed,83.0
0x47add9a56df66b524d5e2c1993a43cde53b6ed85,2024-12-13,148,587.630504,59,52,573.9341216216217,84942.25,78,70,1.1142857142857143,0.8813559322033898,Extreme Greed,76.0
0x47add9a56df66b524d5e2c1993a43cde53b6ed85,2024-12-14,62,1178.021061,32,28,488.356935483871,30278.13,36,26,1.3846153846153846,0.875,Extreme Greed,83.0
0x47add9a56df66b524d5e2c1993a43cde53b6ed85,2024-12-15,181,10303.889423,73,73,622.4760773480663,112668.17,94,87,1.0804597701149425,1.0,Extreme Greed,80.0
0x47add9a56df66b524d5e2c1993a43cde53b6ed85,2024-12-16,92,333.398209,32,27,574.7419565217391,52876.26,36,56,0.6428571428571429,0.84375,Extreme Greed,83.0
0x47add9a56df66b524d5e2c1993a43cde53b6ed85,2024-12-17,396,21172.081622,141,116,327.79242424242426,129805.8,149,247,0.6032388663967612,0.8226950354609929,Extreme Greed,87.0
0x47add9a56df66b524d5e2c1993a43cde53b6ed85,2024-12-18,226,3311.822419,83,47,380.76508849557524,86052.91,117,109,1.073394495412844,0.5662650602409639,Extreme Greed,81.0
0x47add9a56df66b524d5e2c1993a43cde53b6ed85,2024-12-19,135,3491.018544,64,63,427.7865185185185,57751.18,74,61,1.2131147540983607,0.984375,Extreme Greed,75.0
0x47add9a56df66b524d5e2c1993a43cde53b6ed85,2024-12-20,128,6049.6938279999995,56,54,718.267421875,91938.23,70,58,1.206896551724138,0.9642857142857143,Greed,74.0
0x47add9a56df66b524d5e2c1993a43cde53b6ed85,2024-12-21,229,7454.276452,95,86,475.0544978165939,108787.48,66,163,0.4049079754601227,0.9052631578947369,Greed,73.0
0x47add9a56df66b524d5e2c1993a43cde53b6ed85,2024-12-22,102,1063.854341,45,30,441.9328431372549,45077.15,52,50,1.04,0.6666666666666666,Greed,73.0
0x47add9a56df66b524d5e2c1993a43cde53b6ed85,2024-12-23,486,4704.4420789999995,230,193,478.66473251028805,232631.06,236,250,0.944,0.8391304347826087,Greed,70.0
0x47add9a56df66b524d5e2c1993a43cde53b6ed85,2024-12-24,121,1506.989241,62,51,393.04826446280987,47558.84,56,65,0.8615384615384616,0.8225806451612904,Greed,73.0
0x47add9a56df66b524d5e2c1993a43cde53b6ed85,2024-12-25,99,271.246809,40,30,434.2566666666667,42991.41,41,58,0.7068965517241379,0.75,Greed,73.0
0x47add9a56df66b524d5e2c1993a43cde53b6ed85,2024-12-26,160,9136.439892,62,56,875.6657499999999,140106.52,46,114,0.40350877192982454,0.9032258064516129,Extreme Greed,79.0
0x47add9a56df66b524d5e2c1993a43cde53b6ed85,2024-12-27,115,1473.2450880000001,76,70,439.5926086956522,50553.15,70,45,1.5555555555555556,0.9210526315789473,Greed,74.0
0x47add9a56df66b524d5e2c1993a43cde53b6ed85,2024-12-28,43,74.156745,10,10,286.27116279069764,12309.66,10,33,0.30303030303030304,1.0,Greed,72.0
0x47add9a56df66b524d5e2c1993a43cde53b6ed85,2024-12-29,92,1609.679253,39,39,473.0703260869565,43522.47,48,44,1.0909090909090908,1.0,Greed,73.0
0x47add9a56df66b524d5e2c1993a43cde53b6ed85,2024-12-30,59,240.749155,31,30,530.9594915254237,31326.61,36,23,1.565217391304348,0.967741935483871,Greed,65.0
0x47add9a56df66b524d5e2c1993a43cde53b6ed85,2024-12-31,99,97.688169,14,7,541.9542424242425,53653.47,34,65,0.5230769230769231,0.5,Greed,64.0
0x47add9a56df66b524d5e2c1993a43cde53b6ed85,2025-01-01,16,17.784696,3,3,632.90125,10126.42,9,7,1.2857142857142858,1.0,Greed,66.0
0x47add9a56df66b524d5e2c1993a43cde53b6ed85,2025-01-02,90,677.276764,45,43,548.5241111111111,49367.17,30,60,0.5,0.9555555555555556,Greed,70.0
0x47add9a56df66b524d5e2c1993a43cde53b6ed85,2025-01-03,102,846.655814,46,24,321.5754901960784,32800.7,51,51,1.0,0.5217391304347826,Greed,74.0
0x47add9a56df66b524d5e2c1993a43cde53b6ed85,2025-01-04,57,73.451675,17,15,628.7080701754386,35836.36,20,37,0.5405405405405406,0.8823529411764706,Greed,73.0
0x47add9a56df66b524d5e2c1993a43cde53b6ed85,2025-01-05,38,8.594753,5,4,439.9673684210526,16718.76,1,37,0.02702702702702703,0.8,Greed,72.0
0x47add9a56df66b524d5e2c1993a43cde53b6ed85,2025-01-06,84,559.643925,29,17,414.94607142857143,34855.47,27,57,0.47368421052631576,0.5862068965517241,Extreme Greed,76.0
0x47add9a56df66b524d5e2c1993a43cde53b6ed85,2025-01-07,40,289.257865,34,31,1311.98475,52479.39,30,10,3.0,0.9117647058823529,Extreme Greed,78.0
0x47add9a56df66b524d5e2c1993a43cde53b6ed85,2025-01-08,187,1377.989592,84,59,524.9171122994652,98159.5,125,62,2.0161290322580645,0.7023809523809523,Greed,70.0
0x47add9a56df66b524d5e2c1993a43cde53b6ed85,2025-01-09,95,279.587921,26,18,498.5522105263158,47362.46,45,50,0.9,0.6923076923076923,Greed,69.0
0x47add9a56df66b524d5e2c1993a43cde53b6ed85,2025-01-10,97,-271.259943,43,26,586.3769072164948,56878.56,39,58,0.6724137931034483,0.6046511627906976,Neutral,50.0
0x47add9a56df66b524d5e2c1993a43cde53b6ed85,2025-01-11,39,71.39075800000003,20,7,484.43128205128204,18892.82,16,23,0.6956521739130435,0.35,Greed,69.0
0x47add9a56df66b524d5e2c1993a43cde53b6ed85,2025-01-12,44,103.67729899999999,8,6,282.01,12408.44,10,34,0.29411764705882354,0.75,Greed,62.0
0x47add9a56df66b524d5e2c1993a43cde53b6ed85,2025-01-13,67,218.429393,15,8,540.2710447761193,36198.159999999996,28,39,0.717948717948718,0.5333333333333333,Greed,61.0
0x47add9a56df66b524d5e2c1993a43cde53b6ed85,2025-01-14,79,992.803005,27,25,484.3945569620253,38267.17,31,48,0.6458333333333334,0.9259259259259259,Greed,63.0
0x47add9a56df66b524d5e2c1993a43cde53b6ed85,2025-01-15,72,361.155853,35,27,792.0838888888889,57030.04,17,55,0.3090909090909091,0.7714285714285715,Greed,70.0
0x47add9a56df66b524d5e2c1993a43cde53b6ed85,2025-01-16,88,319.22369499999996,30,23,467.3454545454546,41126.4,21,67,0.31343283582089554,0.7666666666666667,Extreme Greed,75.0
0x47add9a56df66b524d5e2c1993a43cde53b6ed85,2025-01-17,50,498.16985999999997,25,25,558.7280000000001,27936.4,20,30,0.6666666666666666,1.0,Extreme Greed,75.0
0x47add9a56df66b524d5e2c1993a43cde53b6ed85,2025-01-18,34,307.105046,21,17,583.8729411764706,19851.68,18,16,1.125,0.8095238095238095,Extreme Greed,77.0
0x47add9a56df66b524d5e2c1993a43cde53b6ed85,2025-01-19,27,541.742729,10,10,855.0277777777778,23085.75,15,12,1.25,1.0,Extreme Greed,77.0
0x47add9a56df66b524d5e2c1993a43cde53b6ed85,2025-01-20,66,2262.94445,44,37,1131.5053030303031,74679.35,47,19,2.473684210526316,0.8409090909090909,Extreme Greed,76.0
0x47add9a56df66b524d5e2c1993a43cde53b6ed85,2025-01-21,13,287.821918,6,6,645.536153846154,8391.970000000001,9,4,2.25,1.0,Extreme Greed,76.0
0x47add9a56df66b524d5e2c1993a43cde53b6ed85,2025-01-22,98,2867.6138889999997,37,35,587.97,57621.06,24,74,0.32432432432432434,0.9459459459459459,Extreme Greed,84.0
0x47add9a56df66b524d5e2c1993a43cde53b6ed85,2025-01-23,26,420.491149,14,12,501.15999999999997,13030.16,19,7,2.7142857142857144,0.8571428571428571,Extreme Greed,75.0
0x47add9a56df66b524d5e2c1993a43cde53b6ed85,2025-01-24,40,553.5255989999999,20,18,583.839,23353.56,28,12,2.3333333333333335,0.9,Extreme Greed,75.0
0x47add9a56df66b524d5e2c1993a43cde53b6ed85,2025-01-25,36,416.148576,21,20,607.7458333333333,21878.85,19,17,1.1176470588235294,0.9523809523809523,Extreme Greed,75.0
0x47add9a56df66b524d5e2c1993a43cde53b6ed85,2025-01-26,18,535.938645,16,16,586.3983333333333,10555.17,4,14,0.2857142857142857,1.0,Greed,73.0
0x47add9a56df66b524d5e2c1993a43cde53b6ed85,2025-01-27,83,1295.825632,42,34,600.4903614457832,49840.7,67,16,4.1875,0.8095238095238095,Greed,71.0
0x47add9a56df66b524d5e2c1993a43cde53b6ed85,2025-01-28,43,475.702642,35,27,577.776511627907,24844.39,8,35,0.22857142857142856,0.7714285714285715,Greed,72.0
0x47add9a56df66b524d5e2c1993a43cde53b6ed85,2025-01-29,14,41.935052,3,3,446.21642857142854,6247.03,13,1,13.0,1.0,Greed,72.0
0x47add9a56df66b524d5e2c1993a43cde53b6ed85,2025-01-30,44,783.829317,20,19,634.8495454545455,27933.38,4,40,0.1,0.95,Greed,70.0
0x47add9a56df66b524d5e2c1993a43cde53b6ed85,2025-01-31,57,488.582241,23,23,426.12614035087717,24289.19,11,46,0.2391304347826087,1.0,Extreme Greed,76.0
0x47add9a56df66b524d5e2c1993a43cde53b6ed85,2025-02-01,33,526.448209,25,23,490.5812121212121,16189.18,23,10,2.3,0.92,Greed,68.0
0x47add9a56df66b524d5e2c1993a43cde53b6ed85,2025-02-02,108,-782.6517170000001,38,27,475.55675925925925,51360.13,83,25,3.32,0.7105263157894737,Greed,60.0
0x47add9a56df66b524d5e2c1993a43cde53b6ed85,2025-02-03,182,2440.916534,84,73,633.5157142857142,115299.86,108,74,1.4594594594594594,0.8690476190476191,Fear,44.0
0x47add9a56df66b524d5e2c1993a43cde53b6ed85,2025-02-04,34,874.3810560000001,18,16,389.9655882352941,13258.83,14,20,0.7,0.8888888888888888,Greed,72.0
0x47add9a56df66b524d5e2c1993a43cde53b6ed85,2025-02-05,3,32.72269,1,1,431.90000000000003,1295.7,2,1,2.0,1.0,Neutral,54.0
0x47add9a56df66b524d5e2c1993a43cde53b6ed85,2025-02-06,63,922.6724320000001,16,15,414.6168253968254,26120.86,39,24,1.625,0.9375,Neutral,49.0
0x47add9a56df66b524d5e2c1993a43cde53b6ed85,2025-02-07,17,126.11297599999999,15,14,288.2288235294118,4899.89,9,8,1.125,0.9333333333333333,Fear,44.0
0x47add9a56df66b524d5e2c1993a43cde53b6ed85,2025-02-08,22,78.902492,5,5,532.6045454545455,11717.3,19,3,6.333333333333333,1.0,Fear,44.0
0x47add9a56df66b524d5e2c1993a43cde53b6ed85,2025-02-09,29,378.027954,25,22,352.76931034482755,10230.31,9,20,0.45,0.88,Neutral,46.0
0x47add9a56df66b524d5e2c1993a43cde53b6ed85,2025-02-10,6,4.42722,2,2,521.32,3127.92,0,6,0.0,1.0,Fear,43.0
0x47add9a56df66b524d5e2c1993a43cde53b6ed85,2025-02-11,17,314.918282,7,7,456.26176470588234,7756.45,5,12,0.4166666666666667,1.0,Neutral,47.0
0x47add9a56df66b524d5e2c1993a43cde53b6ed85,2025-02-12,5,117.09923500000001,5,4,661.658,3308.29,3,2,1.5,0.8,Neutral,46.0
0x47add9a56df66b524d5e2c1993a43cde53b6ed85,2025-02-13,47,534.854304,27,27,383.71595744680855,18034.65,11,36,0.3055555555555556,1.0,Neutral,50.0
0x47add9a56df66b524d5e2c1993a43cde53b6ed85,2025-02-14,47,-10.630689999999959,35,32,315.5821276595745,14832.36,12,35,0.34285714285714286,0.9142857142857143,Neutral,48.0
0x47add9a56df66b524d5e2c1993a43cde53b6ed85,2025-02-15,21,231.07204,5,5,367.2038095238095,7711.28,11,10,1.1,1.0,Neutral,50.0
0x47add9a56df66b524d5e2c1993a43cde53b6ed85,2025-02-16,41,278.922501,27,17,396.6439024390244,16262.4,31,10,3.1,0.6296296296296297,Neutral,54.0
0x47add9a56df66b524d5e2c1993a43cde53b6ed85,2025-02-17,13,19.482565,7,5,392.2353846153846,5099.0599999999995,9,4,2.25,0.7142857142857143,Neutral,51.0
0x47add9a56df66b524d5e2c1993a43cde53b6ed85,2025-02-18,54,336.64107,20,20,415.7527777777778,22450.65,38,16,2.375,1.0,Neutral,47.0
0x47add9a56df66b524d5e2c1993a43cde53b6ed85,2025-02-19,22,89.261197,8,6,303.90090909090907,6685.82,19,3,6.333333333333333,0.75,Fear,44.0
0x47add9a56df66b524d5e2c1993a43cde53b6ed85,2025-02-20,13,168.023469,11,11,378.7576923076923,4923.85,7,6,1.1666666666666667,1.0,Neutral,49.0
0x47add9a56df66b524d5e2c1993a43cde53b6ed85,2025-02-21,15,165.776644,12,11,301.59066666666666,4523.86,6,9,0.6666666666666666,0.9166666666666666,Greed,55.0
0x47add9a56df66b524d5e2c1993a43cde53b6ed85,2025-02-22,18,31.523152,5,2,343.53666666666663,6183.66,6,12,0.5,0.4,Neutral,49.0
0x47add9a56df66b524d5e2c1993a43cde53b6ed85,2025-02-23,7,122.057796,7,5,369.9928571428572,2589.9500000000003,6,1,6.0,0.7142857142857143,Neutral,50.0
0x47add9a56df66b524d5e2c1993a43cde53b6ed85,2025-02-24,29,437.185458,12,11,543.7444827586207,15768.59,25,4,6.25,0.9166666666666666,Neutral,49.0
0x47add9a56df66b524d5e2c1993a43cde53b6ed85,2025-02-25,190,3455.584856,84,70,512.5179473684211,97378.41,139,51,2.7254901960784315,0.8333333333333334,Fear,25.0
0x47add9a56df66b524d5e2c1993a43cde53b6ed85,2025-02-26,28,-200.798196,15,3,603.3185714285713,16892.92,4,24,0.16666666666666666,0.2,Extreme Fear,21.0
0x47add9a56df66b524d5e2c1993a43cde53b6ed85,2025-02-27,18,-195.841458,5,1,330.11833333333334,5942.13,7,11,0.6363636363636364,0.2,Extreme Fear,10.0
0x47add9a56df66b524d5e2c1993a43cde53b6ed85,2025-02-28,71,933.170538,30,26,514.1759154929578,36506.49,47,24,1.9583333333333333,0.8666666666666667,Extreme Fear,16.0
0x47add9a56df66b524d5e2c1993a43cde53b6ed85,2025-03-01,27,109.593094,18,12,617.1918518518519,16664.18,5,22,0.22727272727272727,0.6666666666666666,Extreme Fear,20.0
0x47add9a56df66b524d5e2c1993a43cde53b6ed85,2025-03-02,21,349.12092600000005,8,8,1106.6938095238095,23240.57,3,18,0.16666666666666666,1.0,Fear,26.0
0x47add9a56df66b524d5e2c1993a43cde53b6ed85,2025-03-03,33,376.017126,16,12,591.2160606060606,19510.13,7,26,0.2692307692307692,0.75,Fear,33.0
0x47add9a56df66b524d5e2c1993a43cde53b6ed85,2025-03-04,32,444.266681,7,7,502.8234375,16090.35,31,1,31.0,1.0,Extreme Fear,15.0
0x47add9a56df66b524d5e2c1993a43cde53b6ed85,2025-03-05,21,423.18325600000003,6,6,550.0914285714285,11551.92,13,8,1.625,1.0,Extreme Fear,20.0
0x47add9a56df66b524d5e2c1993a43cde53b6ed85,2025-03-06,12,102.92652,8,6,742.9966666666666,8915.96,4,8,0.5,0.75,Fear,25.0
0x47add9a56df66b524d5e2c1993a43cde53b6ed85,2025-03-07,62,781.670551,17,16,463.668064516129,28747.42,43,19,2.263157894736842,0.9411764705882353,Fear,34.0
0x47add9a56df66b524d5e2c1993a43cde53b6ed85,2025-03-08,31,119.3611,7,7,449.9274193548387,13947.75,26,5,5.2,1.0,Fear,28.0
0x47add9a56df66b524d5e2c1993a43cde53b6ed85,2025-03-09,8,0.0,0,0,827.6537500000001,6621.2300000000005,8,0,,,Fear,27.0
0x47add9a56df66b524d5e2c1993a43cde53b6ed85,2025-03-10,16,0.0,0,0,734.3568750000001,11749.710000000001,16,0,,,Extreme Fear,20.0
0x47add9a56df66b524d5e2c1993a43cde53b6ed85,2025-03-11,32,266.837111,6,4,504.60375,16147.32,22,10,2.2,0.6666666666666666,Extreme Fear,24.0
0x47add9a56df66b524d5e2c1993a43cde53b6ed85,2025-03-12,7,78.714444,3,3,738.5457142857142,5169.82,0,7,0.0,1.0,Fear,34.0
0x47add9a56df66b524d5e2c1993a43cde53b6ed85,2025-03-13,9,-1.2672399999999993,3,2,364.46555555555557,3280.19,8,1,8.0,0.6666666666666666,Neutral,45.0
0x47add9a56df66b524d5e2c1993a43cde53b6ed85,2025-03-15,36,202.313183,31,30,837.4561111111111,30148.420000000002,3,33,0.09090909090909091,0.967741935483871,Neutral,46.0
0x47add9a56df66b524d5e2c1993a43cde53b6ed85,2025-03-16,7,-6.342484000000001,5,2,569.8328571428572,3988.83,6,1,6.0,0.4,Fear,30.0
0x47add9a56df66b524d5e2c1993a43cde53b6ed85,2025-03-17,3,-31.277088,1,0,705.3433333333334,2116.03,0,3,0.0,0.0,Fear,32.0
0x47add9a56df66b524d5e2c1993a43cde53b6ed85,2025-03-19,12,-2.8135689999999993,7,2,485.3908333333334,5824.6900000000005,1,11,0.09090909090909091,0.2857142857142857,Fear,32.0
0x47add9a56df66b524d5e2c1993a43cde53b6ed85,2025-03-20,20,-147.78931200000002,17,14,769.2385,15384.77,9,11,0.8181818181818182,0.8235294117647058,Neutral,49.0
0x47add9a56df66b524d5e2c1993a43cde53b6ed85,2025-03-21,6,39.1247,2,2,494.46000000000004,2966.76,2,4,0.5,1.0,Fear,31.0
0x47add9a56df66b524d5e2c1993a43cde53b6ed85,2025-03-22,11,-1184.046158,11,0,340.78363636363633,3748.62,0,11,0.0,0.0,Fear,32.0
0x47add9a56df66b524d5e2c1993a43cde53b6ed85,2025-03-23,2,0.0,0,0,374.475,748.95,0,2,0.0,,Fear,30.0
0x47add9a56df66b524d5e2c1993a43cde53b6ed85,2025-03-24,25,-216.431703,14,10,545.196,13629.9,8,17,0.47058823529411764,0.7142857142857143,Neutral,45.0
0x47add9a56df66b524d5e2c1993a43cde53b6ed85,2025-03-25,3,87.95347999999998,3,1,377.80999999999995,1133.4299999999998,1,2,0.5,0.3333333333333333,Neutral,46.0
0x47add9a56df66b524d5e2c1993a43cde53b6ed85,2025-03-26,3,69.285,1,1,749.9666666666667,2249.9,3,0,,1.0,Neutral,47.0
0x47add9a56df66b524d5e2c1993a43cde53b6ed85,2025-03-30,3,0.0,0,0,250.07333333333335,750.22,3,0,,,Fear,32.0
0x47add9a56df66b524d5e2c1993a43cde53b6ed85,2025-03-31,16,798.187528,5,5,471.555,7544.88,15,1,15.0,1.0,Fear,34.0
0x47add9a56df66b524d5e2c1993a43cde53b6ed85,2025-04-01,19,-680.287463,18,6,247.43947368421055,4701.35,6,13,0.46153846153846156,0.3333333333333333,Fear,34.0
0x47add9a56df66b524d5e2c1993a43cde53b6ed85,2025-04-02,4,93.006465,3,3,405.9275,1623.71,3,1,3.0,1.0,Fear,44.0
0x47add9a56df66b524d5e2c1993a43cde53b6ed85,2025-04-03,14,7.052034,2,2,635.2357142857143,8893.3,12,2,6.0,1.0,Fear,25.0
0x47add9a56df66b524d5e2c1993a43cde53b6ed85,2025-04-04,2,0.0,0,0,874.78,1749.56,2,0,,,Fear,28.0
0x47add9a56df66b524d5e2c1993a43cde53b6ed85,2025-04-05,25,-132.88134,11,10,586.6572,14666.43,4,21,0.19047619047619047,0.9090909090909091,Fear,30.0
0x47add9a56df66b524d5e2c1993a43cde53b6ed85,2025-04-06,15,-1400.5515480000001,7,4,661.3813333333333,9920.72,6,9,0.6666666666666666,0.5714285714285714,Fear,34.0
0x47add9a56df66b524d5e2c1993a43cde53b6ed85,2025-04-07,48,-5651.552238,27,7,569.6545833333333,27343.420000000002,21,27,0.7777777777777778,0.25925925925925924,Extreme Fear,23.0
0x47add9a56df66b524d5e2c1993a43cde53b6ed85,2025-04-08,42,-6745.027414,31,11,700.9559523809525,29440.15,15,27,0.5555555555555556,0.3548387096774194,Extreme Fear,24.0
0x47add9a56df66b524d5e2c1993a43cde53b6ed85,2025-04-09,56,-3911.273892,46,26,638.1583928571429,35736.87,27,29,0.9310344827586207,0.5652173913043478,Extreme Fear,18.0
0x47add9a56df66b524d5e2c1993a43cde53b6ed85,2025-04-10,21,258.032458,9,8,520.317619047619,10926.67,18,3,6.0,0.8888888888888888,Fear,39.0
0x47add9a56df66b524d5e2c1993a43cde53b6ed85,2025-04-11,28,608.246567,19,17,378.8592857142857,10608.06,14,14,1.0,0.8947368421052632,Fear,25.0
0x47add9a56df66b524d5e2c1993a43cde53b6ed85,2025-04-12,41,3105.920269,27,24,550.1919512195121,22557.87,26,15,1.7333333333333334,0.8888888888888888,Fear,43.0
0x47add9a56df66b524d5e2c1993a43cde53b6ed85,2025-04-13,26,490.32631200000003,10,10,601.84,15647.84,18,8,2.25,1.0,Neutral,45.0
0x47add9a56df66b524d5e2c1993a43cde53b6ed85,2025-04-14,7,263.769257,5,5,377.75428571428574,2644.28,6,1,6.0,1.0,Fear,31.0
0x47add9a56df66b524d5e2c1993a43cde53b6ed85,2025-04-16,11,17.022667,3,3,768.989090909091,8458.880000000001,10,1,10.0,1.0,Fear,29.0
0x47add9a56df66b524d5e2c1993a43cde53b6ed85,2025-04-17,29,169.67583499999998,15,15,456.538275862069,13239.61,7,22,0.3181818181818182,1.0,Fear,30.0
0x47add9a56df66b524d5e2c1993a43cde53b6ed85,2025-04-19,2,64.128219,2,2,375.075,750.15,0,2,0.0,1.0,Fear,32.0
0x47add9a56df66b524d5e2c1993a43cde53b6ed85,2025-04-20,21,12.652267000000005,12,11,580.8100000000001,12197.01,15,6,2.5,0.9166666666666666,Fear,37.0
0x47add9a56df66b524d5e2c1993a43cde53b6ed85,2025-04-21,12,-2.1503300000000003,8,5,249.97833333333332,2999.74,9,3,3.0,0.625,Fear,39.0
0x47add9a56df66b524d5e2c1993a43cde53b6ed85,2025-04-22,14,-282.266207,4,1,343.8335714285714,4813.67,2,12,0.16666666666666666,0.25,Neutral,47.0
0x47add9a56df66b524d5e2c1993a43cde53b6ed85,2025-04-23,45,511.720343,17,16,336.54622222222224,15144.58,11,34,0.3235294117647059,0.9411764705882353,Greed,72.0
0x47add9a56df66b524d5e2c1993a43cde53b6ed85,2025-04-24,24,350.896638,8,6,396.0429166666667,9505.03,11,13,0.8461538461538461,0.75,Greed,63.0
0x47add9a56df66b524d5e2c1993a43cde53b6ed85,2025-04-25,7,0.0,0,0,392.83714285714285,2749.86,3,4,0.75,,Greed,60.0
0x47add9a56df66b524d5e2c1993a43cde53b6ed85,2025-04-26,18,147.607393,4,4,288.9161111111111,5200.49,6,12,0.5,1.0,Greed,65.0
0x47add9a56df66b524d5e2c1993a43cde53b6ed85,2025-04-27,13,361.183441,12,9,370.71153846153845,4819.25,5,8,0.625,0.75,Greed,61.0
0x47add9a56df66b524d5e2c1993a43cde53b6ed85,2025-04-28,9,146.420556,8,8,360.80111111111114,3247.21,5,4,1.25,1.0,Neutral,54.0
0x47add9a56df66b524d5e2c1993a43cde53b6ed85,2025-04-29,7,30.495403,1,1,356.9714285714286,2498.8,1,6,0.16666666666666666,1.0,Greed,60.0
0x47add9a56df66b524d5e2c1993a43cde53b6ed85,2025-05-01,7,37.385304,1,1,299.0128571428572,2093.09,0,7,0.0,1.0,Neutral,53.0
0x4acb90e786d897ecffb614dc822eb231b4ffb9f4,2024-12-14,1,0.0,0,0,24979.8,24979.8,1,0,,,Extreme Greed,83.0
0x4acb90e786d897ecffb614dc822eb231b4ffb9f4,2024-12-19,89,7440.638159,36,36,5090.390786516854,453044.78,53,36,1.4722222222222223,1.0,Extreme Greed,75.0
0x4acb90e786d897ecffb614dc822eb231b4ffb9f4,2024-12-20,238,53635.529649,108,99,9628.82474789916,2291660.29,129,109,1.18348623853211,0.9166666666666666,Greed,74.0
0x4acb90e786d897ecffb614dc822eb231b4ffb9f4,2024-12-27,18,357.346725,9,9,7190.583333333333,129430.5,9,9,1.0,1.0,Greed,74.0
0x4acb90e786d897ecffb614dc822eb231b4ffb9f4,2024-12-30,38,2227.18659,25,25,6536.572105263158,248389.74,13,25,0.52,1.0,Greed,65.0
0x4acb90e786d897ecffb614dc822eb231b4ffb9f4,2025-01-08,139,0.0,0,0,5040.074460431654,700570.35,139,0,,,Greed,70.0
0x4acb90e786d897ecffb614dc822eb231b4ffb9f4,2025-01-09,96,35352.95374,56,56,7755.243541666667,744503.38,40,56,0.7142857142857143,1.0,Greed,69.0
0x4acb90e786d897ecffb614dc822eb231b4ffb9f4,2025-01-10,27,2812.7685,27,27,4195.841481481481,113287.72,0,27,0.0,1.0,Neutral,50.0
0x4acb90e786d897ecffb614dc822eb231b4ffb9f4,2025-01-12,390,927.412681,390,390,830.1821794871795,323771.05,0,390,0.0,1.0,Greed,62.0
0x4acb90e786d897ecffb614dc822eb231b4ffb9f4,2025-01-13,23,0.0,0,0,6845.160434782609,157438.69,23,0,,,Greed,61.0
0x4acb90e786d897ecffb614dc822eb231b4ffb9f4,2025-01-16,4,13963.52,4,4,42850.549999999996,171402.19999999998,0,4,0.0,1.0,Extreme Greed,75.0
0x4acb90e786d897ecffb614dc822eb231b4ffb9f4,2025-01-19,30,1519.769822,20,20,3916.7593333333334,117502.78,10,20,0.5,1.0,Extreme Greed,77.0
0x4acb90e786d897ecffb614dc822eb231b4ffb9f4,2025-01-20,43,-2427.873799,36,0,2596.646976744186,111655.81999999999,7,36,0.19444444444444445,0.0,Extreme Greed,76.0
0x4acb90e786d897ecffb614dc822eb231b4ffb9f4,2025-02-20,13,0.0,0,0,1538.4553846153844,19999.92,13,0,,,Neutral,49.0
0x4acb90e786d897ecffb614dc822eb231b4ffb9f4,2025-02-24,41,856.4737299999999,7,7,5876.914634146341,240953.5,34,7,4.857142857142857,1.0,Neutral,49.0
0x4acb90e786d897ecffb614dc822eb231b4ffb9f4,2025-02-25,215,11271.895074,114,114,5634.781581395349,1211478.04,101,114,0.8859649122807017,1.0,Fear,25.0
0x4acb90e786d897ecffb614dc822eb231b4ffb9f4,2025-02-26,50,22137.551238,50,50,8442.721599999999,422136.07999999996,0,50,0.0,1.0,Extreme Fear,21.0
0x4acb90e786d897ecffb614dc822eb231b4ffb9f4,2025-02-27,12,503.31943,4,4,8378.118333333334,100537.42,8,4,2.0,1.0,Extreme Fear,10.0
0x4acb90e786d897ecffb614dc822eb231b4ffb9f4,2025-02-28,89,22299.186495,72,72,14857.899887640451,1322353.09,17,72,0.2361111111111111,1.0,Extreme Fear,16.0
0x4acb90e786d897ecffb614dc822eb231b4ffb9f4,2025-03-03,19,0.0,0,0,10522.962631578948,199936.29,19,0,,,Fear,33.0
0x4acb90e786d897ecffb614dc822eb231b4ffb9f4,2025-03-04,155,0.0,0,0,5549.306774193548,860142.5499999999,155,0,,,Extreme Fear,15.0
0x4acb90e786d897ecffb614dc822eb231b4ffb9f4,2025-03-06,15,5109.859504,5,5,9685.342,145280.13,10,5,2.0,1.0,Fear,25.0
0x4acb90e786d897ecffb614dc822eb231b4ffb9f4,2025-03-07,57,0.0,0,0,1755.7517543859651,100077.85,57,0,,,Fear,34.0
0x4acb90e786d897ecffb614dc822eb231b4ffb9f4,2025-03-10,114,0.08712,1,1,5590.744561403509,637344.88,113,1,113.0,1.0,Extreme Fear,20.0
0x4acb90e786d897ecffb614dc822eb231b4ffb9f4,2025-03-11,84,0.0,0,0,3216.501666666667,270186.14,84,0,,,Extreme Fear,24.0
0x4acb90e786d897ecffb614dc822eb231b4ffb9f4,2025-03-13,15,0.0,0,0,4349.66,65244.9,15,0,,,Neutral,45.0
0x4acb90e786d897ecffb614dc822eb231b4ffb9f4,2025-03-20,195,4839.59228,151,151,3233.520923076923,630536.58,44,151,0.2913907284768212,1.0,Neutral,49.0
0x4acb90e786d897ecffb614dc822eb231b4ffb9f4,2025-03-21,17,0.0,0,0,1470.5794117647058,24999.85,17,0,,,Fear,31.0
0x4acb90e786d897ecffb614dc822eb231b4ffb9f4,2025-03-22,53,4350.379248,53,53,1308.6299999999999,69357.39,0,53,0.0,1.0,Fear,32.0
0x4acb90e786d897ecffb614dc822eb231b4ffb9f4,2025-03-23,76,2897.148962,26,26,3986.6614473684212,302986.27,50,26,1.9230769230769231,1.0,Fear,30.0
0x4acb90e786d897ecffb614dc822eb231b4ffb9f4,2025-03-24,185,48946.705539,185,185,6360.884432432433,1176763.62,0,185,0.0,1.0,Neutral,45.0
0x4acb90e786d897ecffb614dc822eb231b4ffb9f4,2025-03-25,50,30531.101000000002,50,50,12797.315200000001,639865.76,0,50,0.0,1.0,Neutral,46.0
0x4acb90e786d897ecffb614dc822eb231b4ffb9f4,2025-03-26,140,9261.449882,85,85,4924.3603571428575,689410.4500000001,55,85,0.6470588235294118,1.0,Neutral,47.0
0x4acb90e786d897ecffb614dc822eb231b4ffb9f4,2025-03-29,23,314.6728,3,3,15232.22,350341.06,20,3,6.666666666666667,1.0,Fear,26.0
0x4acb90e786d897ecffb614dc822eb231b4ffb9f4,2025-03-30,21,5362.529222,21,21,12161.259047619047,255386.44,0,21,0.0,1.0,Fear,32.0
0x4acb90e786d897ecffb614dc822eb231b4ffb9f4,2025-03-31,47,4750.8109939999995,26,26,9463.05744680851,444763.7,21,26,0.8076923076923077,1.0,Fear,34.0
0x4acb90e786d897ecffb614dc822eb231b4ffb9f4,2025-04-02,16,444.205198,10,10,37473.885625,599582.17,10,6,1.6666666666666667,1.0,Fear,44.0
0x4acb90e786d897ecffb614dc822eb231b4ffb9f4,2025-04-03,60,0.0,0,0,16666.611,999996.66,60,0,,,Fear,25.0
0x4acb90e786d897ecffb614dc822eb231b4ffb9f4,2025-04-04,51,0.0,0,0,8264.040980392158,421466.09,51,0,,,Fear,28.0
0x4acb90e786d897ecffb614dc822eb231b4ffb9f4,2025-04-05,102,31134.240601999998,102,102,5175.765784313725,527928.11,0,102,0.0,1.0,Fear,30.0
0x4acb90e786d897ecffb614dc822eb231b4ffb9f4,2025-04-06,103,0.0,0,0,5508.490970873787,567374.5700000001,103,0,,,Fear,34.0
0x4acb90e786d897ecffb614dc822eb231b4ffb9f4,2025-04-07,189,13642.628143,40,40,7781.819788359788,1470763.94,149,40,3.725,1.0,Extreme Fear,23.0
0x4acb90e786d897ecffb614dc822eb231b4ffb9f4,2025-04-08,3,221.0,1,1,52275.0,156825.0,1,2,0.5,1.0,Extreme Fear,24.0
0x4acb90e786d897ecffb614dc822eb231b4ffb9f4,2025-04-09,290,107892.62706,143,137,17935.84644827586,5201395.47,147,143,1.027972027972028,0.958041958041958,Extreme Fear,18.0
0x4acb90e786d897ecffb614dc822eb231b4ffb9f4,2025-04-10,222,84856.33534,80,80,26118.342432432433,5798272.0200000005,142,80,1.775,1.0,Fear,39.0
0x4acb90e786d897ecffb614dc822eb231b4ffb9f4,2025-04-11,74,122461.112004,74,74,24390.13621621622,1804870.08,0,74,0.0,1.0,Fear,25.0
0x4acb90e786d897ecffb614dc822eb231b4ffb9f4,2025-04-12,68,0.0,0,0,16878.26676470588,1147722.14,0,68,0.0,,Fear,43.0
0x4acb90e786d897ecffb614dc822eb231b4ffb9f4,2025-04-14,76,21531.8321,56,56,26925.528815789472,2046340.19,53,23,2.3043478260869565,1.0,Fear,31.0
0x4acb90e786d897ecffb614dc822eb231b4ffb9f4,2025-04-15,51,0.0,0,0,3354.117450980392,171059.99,0,51,0.0,,Fear,38.0
0x4acb90e786d897ecffb614dc822eb231b4ffb9f4,2025-04-16,1,3088.0,1,1,166444.0,166444.0,1,0,,1.0,Fear,29.0
0x4acb90e786d897ecffb614dc822eb231b4ffb9f4,2025-04-17,6,-110.0,6,0,28273.666666666668,169642.0,6,0,,0.0,Fear,30.0
0x4acb90e786d897ecffb614dc822eb231b4ffb9f4,2025-04-21,23,-681.29819,22,0,30543.59565217391,702502.7,1,22,0.045454545454545456,0.0,Fear,39.0
0x4acb90e786d897ecffb614dc822eb231b4ffb9f4,2025-04-22,6,132.0,1,1,15215.498333333335,91292.99,1,5,0.2,1.0,Neutral,47.0
0x4acb90e786d897ecffb614dc822eb231b4ffb9f4,2025-04-23,121,2875.230157,66,30,6709.732727272728,811877.66,66,55,1.2,0.45454545454545453,Greed,72.0
0x4acb90e786d897ecffb614dc822eb231b4ffb9f4,2025-04-24,23,459.24741,22,22,4407.6721739130435,101376.46,22,1,22.0,1.0,Greed,63.0
0x4acb90e786d897ecffb614dc822eb231b4ffb9f4,2025-04-25,3,0.0,0,0,63142.666666666664,189428.0,0,3,0.0,,Greed,60.0
0x4acb90e786d897ecffb614dc822eb231b4ffb9f4,2025-04-26,41,47.876234000000004,41,41,6897.073170731707,282780.0,41,0,,1.0,Greed,65.0
0x4acb90e786d897ecffb614dc822eb231b4ffb9f4,2025-04-30,5,510.0,4,4,75258.0,376290.0,4,1,4.0,1.0,Greed,56.0
0x4f93fead39b70a1824f981a54d4e55b278e9f760,2024-03-13,7,0.0,0,0,857.2571428571428,6000.799999999999,7,0,,,Extreme Greed,81.0
0x4f93fead39b70a1824f981a54d4e55b278e9f760,2024-03-14,1,65.480454,1,1,6066.28,6066.28,0,1,0.0,1.0,Extreme Greed,88.0
0x4f93fead39b70a1824f981a54d4e55b278e9f760,2024-03-15,8,338.42832,1,1,3292.47625,26339.81,7,1,7.0,1.0,Extreme Greed,83.0
0x4f93fead39b70a1824f981a54d4e55b278e9f760,2024-03-16,6,228.57984,1,1,4537.276666666667,27223.66,5,1,5.0,1.0,Extreme Greed,81.0
0x4f93fead39b70a1824f981a54d4e55b278e9f760,2024-03-17,14,429.683075,4,4,6218.810714285714,87063.35,10,4,2.5,1.0,Extreme Greed,79.0
0x4f93fead39b70a1824f981a54d4e55b278e9f760,2024-03-18,12,0.0,0,0,2833.491666666667,34001.9,12,0,,,Extreme Greed,77.0
0x4f93fead39b70a1824f981a54d4e55b278e9f760,2024-03-19,4,0.0,0,0,2266.8775,9067.51,4,0,,,Extreme Greed,79.0
0x4f93fead39b70a1824f981a54d4e55b278e9f760,2024-03-21,1,0.0,0,0,9744.18,9744.18,1,0,,,Extreme Greed,78.0
0x4f93fead39b70a1824f981a54d4e55b278e9f760,2024-03-25,7,1302.916428,6,6,8159.4742857142855,57116.32,0,7,0.0,1.0,Extreme Greed,75.0
0x4f93fead39b70a1824f981a54d4e55b278e9f760,2024-03-26,7,20.599193,1,1,3426.62,23986.34,6,1,6.0,1.0,Extreme Greed,81.0
0x4f93fead39b70a1824f981a54d4e55b278e9f760,2024-03-27,27,189.192,12,12,3224.6703703703706,87066.1,12,15,0.8,1.0,Extreme Greed,83.0
0x4f93fead39b70a1824f981a54d4e55b278e9f760,2024-03-28,3,0.0,0,0,6671.296666666666,20013.89,3,0,,,Extreme Greed,80.0
0x4f93fead39b70a1824f981a54d4e55b278e9f760,2024-03-29,15,883.097404,6,6,5794.291333333333,86914.37,9,6,1.5,1.0,Extreme Greed,79.0
0x4f93fead39b70a1824f981a54d4e55b278e9f760,2024-03-31,13,912.786145,10,10,3070.2276923076925,39912.96,0,13,0.0,1.0,Extreme Greed,75.0
0x4f93fead39b70a1824f981a54d4e55b278e9f760,2024-04-01,29,0.840939,2,2,4654.808275862069,134989.44,25,4,6.25,1.0,Extreme Greed,79.0
0x4f93fead39b70a1824f981a54d4e55b278e9f760,2024-04-02,37,883.760812,12,12,6072.016756756757,224664.62,6,31,0.1935483870967742,1.0,Extreme Greed,79.0
0x4f93fead39b70a1824f981a54d4e55b278e9f760,2024-04-04,32,0.0,0,0,2999.6165625,95987.73,0,32,0.0,,Greed,70.0
0x4f93fead39b70a1824f981a54d4e55b278e9f760,2024-04-05,10,4444.4983010000005,7,7,17253.157,172531.56999999998,10,0,,1.0,Extreme Greed,79.0
0x4f93fead39b70a1824f981a54d4e55b278e9f760,2024-04-06,16,236.33513399999998,4,4,4263.979375,68223.67,0,16,0.0,1.0,Extreme Greed,75.0
0x4f93fead39b70a1824f981a54d4e55b278e9f760,2024-04-07,23,0.0,0,0,2173.397391304348,49988.14,0,23,0.0,,Extreme Greed,78.0
0x4f93fead39b70a1824f981a54d4e55b278e9f760,2024-04-08,28,0.0,0,0,5827.370357142857,163166.37,0,28,0.0,,Extreme Greed,76.0
0x4f93fead39b70a1824f981a54d4e55b278e9f760,2024-04-09,3,0.0,0,0,19021.280000000002,57063.840000000004,0,3,0.0,,Extreme Greed,80.0
0x4f93fead39b70a1824f981a54d4e55b278e9f760,2024-04-10,41,5207.443414,36,36,8578.926097560974,351735.97,40,1,40.0,1.0,Extreme Greed,78.0
0x4f93fead39b70a1824f981a54d4e55b278e9f760,2024-04-11,16,389.743164,2,2,4775.06,76400.96,14,2,7.0,1.0,Extreme Greed,76.0
0x4f93fead39b70a1824f981a54d4e55b278e9f760,2024-04-12,21,0.0,0,0,7138.52761904762,149909.08000000002,21,0,,,Extreme Greed,79.0
0x4f93fead39b70a1824f981a54d4e55b278e9f760,2024-04-13,18,0.0,0,0,8677.150000000001,156188.7,18,0,,,Greed,72.0
0x4f93fead39b70a1824f981a54d4e55b278e9f760,2024-04-14,64,-36565.98544,41,3,9199.4678125,588765.94,23,41,0.5609756097560976,0.07317073170731707,Greed,72.0
0x4f93fead39b70a1824f981a54d4e55b278e9f760,2024-04-15,3,0.0,0,0,16671.31666666667,50013.950000000004,3,0,,,Greed,74.0
0x4f93fead39b70a1824f981a54d4e55b278e9f760,2024-04-19,35,1946.4454620000001,27,27,9635.940571428573,337257.92000000004,5,30,0.16666666666666666,1.0,Greed,66.0
0x4f93fead39b70a1824f981a54d4e55b278e9f760,2024-04-20,2,0.0,0,0,5999.795,11999.59,0,2,0.0,,Greed,66.0
0x4f93fead39b70a1824f981a54d4e55b278e9f760,2024-04-22,9,0.0,0,0,5332.623333333333,47993.61,0,9,0.0,,Greed,73.0
0x4f93fead39b70a1824f981a54d4e55b278e9f760,2024-04-23,54,759.2148159999999,31,31,3567.7494444444446,192658.47,35,19,1.8421052631578947,1.0,Greed,71.0
0x4f93fead39b70a1824f981a54d4e55b278e9f760,2024-04-24,20,279.185907,7,6,7063.762,141275.24,13,7,1.8571428571428572,0.8571428571428571,Greed,72.0
0x4f93fead39b70a1824f981a54d4e55b278e9f760,2024-04-25,6,0.0,0,0,11496.523333333333,68979.14,6,0,,,Greed,72.0
0x4f93fead39b70a1824f981a54d4e55b278e9f760,2024-04-27,27,4281.488139,19,19,5713.498888888889,154264.47,0,27,0.0,1.0,Greed,67.0
0x4f93fead39b70a1824f981a54d4e55b278e9f760,2024-04-28,8,0.0,0,0,3374.92625,26999.41,0,8,0.0,,Greed,65.0
0x4f93fead39b70a1824f981a54d4e55b278e9f760,2024-04-29,31,526.9338359999999,17,17,3370.167419354839,104475.19,24,7,3.4285714285714284,1.0,Greed,67.0
0x4f93fead39b70a1824f981a54d4e55b278e9f760,2024-04-30,24,0.0,0,0,5209.114583333333,125018.75,24,0,,,Greed,67.0
0x4f93fead39b70a1824f981a54d4e55b278e9f760,2024-05-01,14,0.0,0,0,6216.103571428571,87025.45,14,0,,,Neutral,54.0
0x4f93fead39b70a1824f981a54d4e55b278e9f760,2024-05-03,23,5319.861625,16,16,12059.708260869564,277373.29,0,23,0.0,1.0,Neutral,48.0
0x4f93fead39b70a1824f981a54d4e55b278e9f760,2024-05-04,6,0.0,0,0,8999.890000000001,53999.340000000004,0,6,0.0,,Greed,67.0
0x4f93fead39b70a1824f981a54d4e55b278e9f760,2024-05-05,4,0.0,0,0,5996.512500000001,23986.050000000003,0,4,0.0,,Greed,69.0
0x4f93fead39b70a1824f981a54d4e55b278e9f760,2024-05-06,9,968.59038,4,4,22890.714444444442,206016.43,8,1,8.0,1.0,Greed,71.0
0x4f93fead39b70a1824f981a54d4e55b278e9f760,2024-05-07,10,656.21704,7,7,9890.126,98901.26000000001,4,6,0.6666666666666666,1.0,Greed,68.0
0x4f93fead39b70a1824f981a54d4e55b278e9f760,2024-05-08,10,0.0,0,0,6583.419,65834.19,10,0,,,Greed,64.0
0x4f93fead39b70a1824f981a54d4e55b278e9f760,2024-05-09,25,1147.595856,11,11,8679.6232,216990.58,9,16,0.5625,1.0,Greed,55.0
0x4f93fead39b70a1824f981a54d4e55b278e9f760,2024-05-10,22,2101.741695,6,6,7131.0,156882.0,16,6,2.6666666666666665,1.0,Greed,66.0
0x4f93fead39b70a1824f981a54d4e55b278e9f760,2024-05-11,9,251.604742,9,9,7027.661111111111,63248.95,0,9,0.0,1.0,Neutral,53.0
0x4f93fead39b70a1824f981a54d4e55b278e9f760,2024-05-12,10,0.0,0,0,4500.464,45004.64,10,0,,,Greed,56.0
0x4f93fead39b70a1824f981a54d4e55b278e9f760,2024-05-13,25,2136.853859,10,10,7525.7636,188144.09,5,20,0.25,1.0,Greed,57.0
0x4f93fead39b70a1824f981a54d4e55b278e9f760,2024-05-14,23,1150.5233050000002,4,4,6341.452173913043,145853.4,23,0,,1.0,Greed,66.0
0x4f93fead39b70a1824f981a54d4e55b278e9f760,2024-05-15,36,948.970582,17,17,6525.626944444444,234922.57,11,25,0.44,1.0,Greed,64.0
0x4f93fead39b70a1824f981a54d4e55b278e9f760,2024-05-16,24,214.5898,5,5,6615.870416666668,158780.89,14,10,1.4,1.0,Greed,70.0
0x4f93fead39b70a1824f981a54d4e55b278e9f760,2024-05-18,25,3522.3946610000003,16,16,5052.1256,126303.14,7,18,0.3888888888888889,1.0,Greed,73.0
0x4f93fead39b70a1824f981a54d4e55b278e9f760,2024-05-19,8,0.0,0,0,3749.76125,29998.09,8,0,,,Greed,72.0
0x4f93fead39b70a1824f981a54d4e55b278e9f760,2024-05-20,7,0.0,0,0,4714.771428571429,33003.4,7,0,,,Greed,70.0
0x4f93fead39b70a1824f981a54d4e55b278e9f760,2024-05-21,53,6017.309216,7,7,9096.75358490566,482127.94,11,42,0.2619047619047619,1.0,Extreme Greed,76.0
0x4f93fead39b70a1824f981a54d4e55b278e9f760,2024-05-22,6,0.0,0,0,7499.215,44995.29,0,6,0.0,,Extreme Greed,76.0
0x4f93fead39b70a1824f981a54d4e55b278e9f760,2024-06-07,52,7329.223137999999,30,30,15114.859615384614,785972.7,39,13,3.0,1.0,Extreme Greed,77.0
0x4f93fead39b70a1824f981a54d4e55b278e9f760,2024-06-08,7,0.0,0,0,6428.95,45002.65,7,0,,,Greed,72.0
0x4f93fead39b70a1824f981a54d4e55b278e9f760,2024-06-09,5,0.0,0,0,4199.992,20999.96,5,0,,,Extreme Greed,75.0
0x4f93fead39b70a1824f981a54d4e55b278e9f760,2024-06-10,4,0.0,0,0,6000.075,24000.3,4,0,,,Greed,72.0
0x4f93fead39b70a1824f981a54d4e55b278e9f760,2024-06-11,21,0.0,0,0,13143.021904761907,276003.46,21,0,,,Greed,74.0
0x4f93fead39b70a1824f981a54d4e55b278e9f760,2024-06-14,16,0.0,0,0,6124.31,97988.96,16,0,,,Greed,74.0
0x4f93fead39b70a1824f981a54d4e55b278e9f760,2024-06-15,38,2084.433906,29,29,15581.516578947369,592097.63,9,29,0.3103448275862069,1.0,Greed,74.0
0x4f93fead39b70a1824f981a54d4e55b278e9f760,2024-06-17,14,1268.7590360000002,5,4,18035.112857142856,252491.58,8,6,1.3333333333333333,0.8,Greed,71.0
0x4f93fead39b70a1824f981a54d4e55b278e9f760,2024-06-18,7,0.0,0,0,8999.745714285715,62998.22,7,0,,,Greed,74.0
0x4f93fead39b70a1824f981a54d4e55b278e9f760,2024-06-19,17,2053.973644,17,17,11180.089411764706,190061.52,0,17,0.0,1.0,Greed,64.0
0x4f93fead39b70a1824f981a54d4e55b278e9f760,2024-06-20,4,0.0,0,0,7499.34,29997.36,0,4,0.0,,Greed,60.0
0x4f93fead39b70a1824f981a54d4e55b278e9f760,2024-06-21,11,773.5582039999999,3,3,6746.9345454545455,74216.28,11,0,,1.0,Greed,63.0
0x4f93fead39b70a1824f981a54d4e55b278e9f760,2024-06-22,3,0.0,0,0,6000.07,18000.21,3,0,,,Neutral,53.0
0x4f93fead39b70a1824f981a54d4e55b278e9f760,2024-06-24,21,0.0,0,0,12000.350952380952,252007.37,21,0,,,Neutral,51.0
0x4f93fead39b70a1824f981a54d4e55b278e9f760,2024-06-26,31,4197.732182,21,21,11748.220645161291,364194.84,0,31,0.0,1.0,Neutral,46.0
0x4f93fead39b70a1824f981a54d4e55b278e9f760,2024-06-27,12,0.0,0,0,9999.173333333334,119990.08,0,12,0.0,,Fear,40.0
0x4f93fead39b70a1824f981a54d4e55b278e9f760,2024-06-29,17,1842.738325,13,13,13148.880588235294,223530.97,16,1,16.0,1.0,Fear,30.0
0x4f93fead39b70a1824f981a54d4e55b278e9f760,2024-06-30,3,0.0,0,0,9999.756666666666,29999.27,3,0,,,Neutral,47.0
0x4f93fead39b70a1824f981a54d4e55b278e9f760,2024-07-01,13,1202.488212,9,9,7476.965384615385,97200.55,2,11,0.18181818181818182,1.0,Neutral,53.0
0x4f93fead39b70a1824f981a54d4e55b278e9f760,2024-07-03,10,1118.387284,4,4,10388.008,103880.08,10,0,,1.0,Neutral,50.0
0x4f93fead39b70a1824f981a54d4e55b278e9f760,2024-07-04,14,0.0,0,0,18215.87285714286,255022.22,14,0,,,Fear,44.0
0x4f93fead39b70a1824f981a54d4e55b278e9f760,2024-07-05,20,0.0,0,0,13514.937,270298.74,20,0,,,Fear,29.0
0x4f93fead39b70a1824f981a54d4e55b278e9f760,2024-07-10,43,11595.627026,33,33,15625.97930232558,671917.11,10,33,0.30303030303030304,1.0,Fear,28.0
0x4f93fead39b70a1824f981a54d4e55b278e9f760,2024-07-11,19,1876.812082,9,9,8941.422105263156,169887.02,10,9,1.1111111111111112,1.0,Fear,29.0
0x4f93fead39b70a1824f981a54d4e55b278e9f760,2024-07-12,10,0.0,0,0,7600.664999999999,76006.65,10,0,,,Fear,25.0
0x4f93fead39b70a1824f981a54d4e55b278e9f760,2024-07-13,13,2678.839374,13,13,10668.462307692309,138690.01,0,13,0.0,1.0,Fear,25.0
0x4f93fead39b70a1824f981a54d4e55b278e9f760,2024-07-14,7,0.0,0,0,12000.16142857143,84001.13,0,7,0.0,,Fear,33.0
0x4f93fead39b70a1824f981a54d4e55b278e9f760,2024-07-15,21,0.0,0,0,7999.7071428571435,167993.85,0,21,0.0,,Neutral,52.0
0x4f93fead39b70a1824f981a54d4e55b278e9f760,2024-07-16,22,0.0,0,0,6545.480454545454,144000.57,0,22,0.0,,Greed,65.0
0x4f93fead39b70a1824f981a54d4e55b278e9f760,2024-07-17,9,0.0,0,0,18326.035555555558,164934.32,0,9,0.0,,Greed,69.0
0x4f93fead39b70a1824f981a54d4e55b278e9f760,2024-07-18,53,2569.979964,41,41,12119.926603773585,642356.11,53,0,,1.0,Greed,61.0
0x4f93fead39b70a1824f981a54d4e55b278e9f760,2024-07-19,16,2120.091364,11,11,9132.66875,146122.7,0,16,0.0,1.0,Greed,60.0
0x4f93fead39b70a1824f981a54d4e55b278e9f760,2024-07-20,9,129.66130099999998,4,4,11097.74111111111,99879.67,9,0,,1.0,Greed,74.0
0x4f93fead39b70a1824f981a54d4e55b278e9f760,2024-07-21,3,0.0,0,0,14665.06,43995.18,3,0,,,Greed,74.0
0x4f93fead39b70a1824f981a54d4e55b278e9f760,2024-07-22,21,2273.29301,13,13,10728.97,225308.37,10,11,0.9090909090909091,1.0,Greed,70.0
0x4f93fead39b70a1824f981a54d4e55b278e9f760,2024-07-23,2,0.0,0,0,11997.235,23994.47,2,0,,,Greed,71.0
0x4f93fead39b70a1824f981a54d4e55b278e9f760,2024-07-24,21,0.0,0,0,1333.8833333333332,28011.55,3,18,0.16666666666666666,,Greed,69.0
0x4f93fead39b70a1824f981a54d4e55b278e9f760,2024-07-25,65,0.0,0,0,7990.4683076923075,519380.44,65,0,,,Greed,68.0
0x4f93fead39b70a1824f981a54d4e55b278e9f760,2024-07-26,10,0.0,0,0,15000.965,150009.65,10,0,,,Greed,68.0
0x4f93fead39b70a1824f981a54d4e55b278e9f760,2024-07-27,52,6400.623656,42,42,17322.249807692308,900756.99,9,43,0.20930232558139536,1.0,Greed,72.0
0x4f93fead39b70a1824f981a54d4e55b278e9f760,2024-07-28,3,0.0,0,0,10666.563333333334,31999.690000000002,3,0,,,Greed,71.0
0x4f93fead39b70a1824f981a54d4e55b278e9f760,2024-07-30,6,0.0,0,0,6001.078333333334,36006.47,6,0,,,Greed,67.0
0x4f93fead39b70a1824f981a54d4e55b278e9f760,2024-07-31,3,0.0,0,0,13335.046666666667,40005.14,3,0,,,Greed,61.0
0x4f93fead39b70a1824f981a54d4e55b278e9f760,2024-08-01,13,0.0,0,0,11076.539230769231,143995.01,13,0,,,Neutral,52.0
0x4f93fead39b70a1824f981a54d4e55b278e9f760,2024-08-02,36,0.0,0,0,8221.31,295967.16,35,1,35.0,,Greed,57.0
0x4f93fead39b70a1824f981a54d4e55b278e9f760,2024-08-03,13,0.0,0,0,8652.23,112478.98999999999,13,0,,,Fear,37.0
0x4f93fead39b70a1824f981a54d4e55b278e9f760,2024-08-04,72,-108604.496278,60,0,12521.542916666665,901551.09,12,60,0.2,0.0,Fear,34.0
0x4f93fead39b70a1824f981a54d4e55b278e9f760,2024-08-05,17,-4779.219012,2,0,12572.832941176472,213738.16,15,2,7.5,0.0,Fear,26.0
0x4f93fead39b70a1824f981a54d4e55b278e9f760,2024-08-09,12,11147.900554,9,9,11003.166666666666,132038.0,3,9,0.3333333333333333,1.0,Neutral,48.0
0x4f93fead39b70a1824f981a54d4e55b278e9f760,2024-08-11,8,847.7766200000001,4,4,5104.981250000001,40839.850000000006,0,8,0.0,1.0,Fear,39.0
0x4f93fead39b70a1824f981a54d4e55b278e9f760,2024-08-12,16,858.6705000000001,6,6,2758.775,44140.4,16,0,,1.0,Fear,25.0
0x4f93fead39b70a1824f981a54d4e55b278e9f760,2024-08-13,5,0.0,0,0,2500.02,12500.1,4,1,4.0,,Fear,31.0
0x4f93fead39b70a1824f981a54d4e55b278e9f760,2024-08-14,9,2168.9015130000003,5,5,7185.148888888889,64666.34,4,5,0.8,1.0,Fear,30.0
0x4f93fead39b70a1824f981a54d4e55b278e9f760,2024-08-16,2,0.0,0,0,6250.0650000000005,12500.130000000001,2,0,,,Fear,27.0
0x4f93fead39b70a1824f981a54d4e55b278e9f760,2024-08-18,14,307.201888,12,12,4486.033571428571,62804.47,0,14,0.0,1.0,Fear,31.0
0x4f93fead39b70a1824f981a54d4e55b278e9f760,2024-08-20,8,192.602844,1,1,5302.23375,42417.87,5,3,1.6666666666666667,1.0,Fear,30.0
0x4f93fead39b70a1824f981a54d4e55b278e9f760,2024-08-23,10,1005.30527,3,3,6350.956,63509.56,0,10,0.0,1.0,Fear,34.0
0x4f93fead39b70a1824f981a54d4e55b278e9f760,2024-08-24,2,0.0,0,0,7500.035,15000.07,0,2,0.0,,Greed,56.0
0x4f93fead39b70a1824f981a54d4e55b278e9f760,2024-08-25,4,0.0,0,0,3749.0825,14996.33,0,4,0.0,,Neutral,54.0
0x4f93fead39b70a1824f981a54d4e55b278e9f760,2024-08-26,5,231.236918,2,2,18452.704,92263.52,5,0,,1.0,Greed,55.0
0x4f93fead39b70a1824f981a54d4e55b278e9f760,2024-08-27,7,0.0,0,0,9286.455714285714,65005.19,7,0,,,Neutral,48.0
0x4f93fead39b70a1824f981a54d4e55b278e9f760,2024-08-28,7,0.0,0,0,6784.937142857142,47494.56,7,0,,,Fear,30.0
0x4f93fead39b70a1824f981a54d4e55b278e9f760,2024-08-30,3,0.0,0,0,9164.183333333334,27492.550000000003,3,0,,,Fear,34.0
0x4f93fead39b70a1824f981a54d4e55b278e9f760,2024-09-02,2,0.0,0,0,15000.21,30000.42,2,0,,,Fear,26.0
0x4f93fead39b70a1824f981a54d4e55b278e9f760,2024-09-04,1,0.0,0,0,35004.98,35004.98,1,0,,,Fear,27.0
0x4f93fead39b70a1824f981a54d4e55b278e9f760,2024-09-06,4,0.0,0,0,8747.6675,34990.67,4,0,,,Extreme Fear,22.0
0x4f93fead39b70a1824f981a54d4e55b278e9f760,2024-09-20,12,9585.03428,9,8,25380.9675,304571.61,3,9,0.3333333333333333,0.8888888888888888,Neutral,54.0
0x4f93fead39b70a1824f981a54d4e55b278e9f760,2024-09-22,3,0.0,0,0,6666.579999999999,19999.739999999998,3,0,,,Neutral,52.0
0x4f93fead39b70a1824f981a54d4e55b278e9f760,2024-09-23,2,334.760796,1,1,20167.145,40334.29,1,1,1.0,1.0,Neutral,50.0
0x4f93fead39b70a1824f981a54d4e55b278e9f760,2024-09-25,6,0.0,0,0,8333.518333333333,50001.11,6,0,,,Greed,59.0
0x4f93fead39b70a1824f981a54d4e55b278e9f760,2024-09-26,3,439.812513,2,2,26813.47333333333,80440.42,0,3,0.0,1.0,Neutral,50.0
0x4f93fead39b70a1824f981a54d4e55b278e9f760,2024-09-27,10,0.0,0,0,9999.232,99992.31999999999,0,10,0.0,,Greed,61.0
0x4f93fead39b70a1824f981a54d4e55b278e9f760,2024-09-30,10,2710.626288,5,5,17728.09,177280.9,10,0,,1.0,Greed,61.0
0x4f93fead39b70a1824f981a54d4e55b278e9f760,2024-10-01,4,0.0,0,0,34988.58,139954.32,4,0,,,Neutral,50.0
0x4f93fead39b70a1824f981a54d4e55b278e9f760,2024-10-02,4,0.0,0,0,24988.585,99954.34,4,0,,,Fear,42.0
0x4f93fead39b70a1824f981a54d4e55b278e9f760,2024-10-03,4,0.0,0,0,30002.25,120009.0,4,0,,,Fear,37.0
0x4f93fead39b70a1824f981a54d4e55b278e9f760,2024-10-05,36,5767.161892,24,24,16822.36472222222,605605.13,9,27,0.3333333333333333,1.0,Neutral,49.0
0x4f93fead39b70a1824f981a54d4e55b278e9f760,2024-10-06,22,130.487079,5,5,13642.298181818182,300130.56,6,16,0.375,1.0,Neutral,50.0
0x4f93fead39b70a1824f981a54d4e55b278e9f760,2024-10-07,21,0.0,0,0,10475.459523809524,219984.65,0,21,0.0,,Neutral,50.0
0x4f93fead39b70a1824f981a54d4e55b278e9f760,2024-10-08,35,5396.546638,33,33,12416.672857142858,434583.55,34,1,34.0,1.0,Neutral,49.0
0x4f93fead39b70a1824f981a54d4e55b278e9f760,2024-10-09,14,396.06272,3,3,15742.852142857142,220399.93,11,3,3.6666666666666665,1.0,Neutral,49.0
0x4f93fead39b70a1824f981a54d4e55b278e9f760,2024-10-10,16,0.0,0,0,18751.521249999998,300024.33999999997,16,0,,,Fear,39.0
0x4f93fead39b70a1824f981a54d4e55b278e9f760,2024-10-11,25,8885.327477,18,18,19556.1384,488903.45999999996,0,25,0.0,1.0,Fear,32.0
0x4f93fead39b70a1824f981a54d4e55b278e9f760,2024-10-12,10,541.55471,7,7,15971.34,159713.4,7,3,2.3333333333333335,1.0,Neutral,49.0
0x4f93fead39b70a1824f981a54d4e55b278e9f760,2024-10-13,10,0.0,0,0,6000.242,60002.42,10,0,,,Neutral,50.0
0x4f93fead39b70a1824f981a54d4e55b278e9f760,2024-10-14,5,1913.61958,5,5,12383.204000000002,61916.020000000004,0,5,0.0,1.0,Neutral,48.0
0x4f93fead39b70a1824f981a54d4e55b278e9f760,2024-10-15,7,1170.2260760000001,4,4,11596.194285714286,81173.36,3,4,0.75,1.0,Greed,65.0
0x4f93fead39b70a1824f981a54d4e55b278e9f760,2024-10-16,11,219.480876,3,3,7293.560909090909,80229.17,8,3,2.6666666666666665,1.0,Greed,73.0
0x4f93fead39b70a1824f981a54d4e55b278e9f760,2024-10-17,8,36.11496,2,1,17504.00375,140032.03,6,2,3.0,0.5,Greed,71.0
0x4f93fead39b70a1824f981a54d4e55b278e9f760,2024-10-18,6,333.219141,5,5,20055.238333333335,120331.43000000001,1,5,0.2,1.0,Greed,73.0
0x4f93fead39b70a1824f981a54d4e55b278e9f760,2024-10-19,4,0.0,0,0,24999.215,99996.86,4,0,,,Greed,72.0
0x4f93fead39b70a1824f981a54d4e55b278e9f760,2024-10-20,6,229.060526,5,5,20037.618333333336,120225.71,1,5,0.2,1.0,Greed,73.0
0x4f93fead39b70a1824f981a54d4e55b278e9f760,2024-10-21,11,0.0,0,0,13638.561818181817,150024.18,11,0,,,Greed,72.0
0x4f93fead39b70a1824f981a54d4e55b278e9f760,2024-10-22,3,0.0,0,0,20000.12,60000.36,3,0,,,Greed,70.0
0x4f93fead39b70a1824f981a54d4e55b278e9f760,2024-10-23,18,-46.489941,3,0,11667.003888888888,210006.07,15,3,5.0,0.0,Greed,71.0
0x4f93fead39b70a1824f981a54d4e55b278e9f760,2024-10-25,25,4543.862071,16,16,16183.4872,404587.18,9,16,0.5625,1.0,Greed,72.0
0x4f93fead39b70a1824f981a54d4e55b278e9f760,2024-10-27,4,666.6623079999999,3,3,22666.1025,90664.41,0,4,0.0,1.0,Greed,74.0
0x4f93fead39b70a1824f981a54d4e55b278e9f760,2024-10-28,9,0.0,0,0,13332.702222222222,119994.32,0,9,0.0,,Greed,72.0
0x4f93fead39b70a1824f981a54d4e55b278e9f760,2024-10-29,37,0.0,0,0,16285.80864864865,602574.92,0,37,0.0,,Greed,72.0
0x4f93fead39b70a1824f981a54d4e55b278e9f760,2024-10-31,28,765.475192,23,23,30487.215,853642.02,25,3,8.333333333333334,1.0,Extreme Greed,77.0
0x4f93fead39b70a1824f981a54d4e55b278e9f760,2024-11-01,9,1040.5747959999999,2,2,25670.122222222224,231031.1,7,2,3.5,1.0,Extreme Greed,75.0
0x4f93fead39b70a1824f981a54d4e55b278e9f760,2024-11-02,2,0.0,0,0,20000.0,40000.0,2,0,,,Greed,72.0
0x4f93fead39b70a1824f981a54d4e55b278e9f760,2024-11-03,4,0.0,0,0,27498.585,109994.34,4,0,,,Greed,74.0
0x4f93fead39b70a1824f981a54d4e55b278e9f760,2024-11-04,26,2259.351364,13,13,16623.486153846156,432210.64,13,13,1.0,1.0,Greed,70.0
0x4f93fead39b70a1824f981a54d4e55b278e9f760,2024-11-05,10,678.4759280000001,5,5,20062.723,200627.23,5,5,1.0,1.0,Greed,70.0
0x4f93fead39b70a1824f981a54d4e55b278e9f760,2024-11-06,12,2821.24842,7,7,10158.865,121906.38,5,7,0.7142857142857143,1.0,Greed,70.0
0x4f93fead39b70a1824f981a54d4e55b278e9f760,2024-11-07,2,628.96246,1,1,30314.425,60628.85,1,1,1.0,1.0,Extreme Greed,77.0
0x4f93fead39b70a1824f981a54d4e55b278e9f760,2024-11-08,24,646.3734049999999,6,6,10026.734583333333,240641.63,18,6,3.0,1.0,Extreme Greed,75.0
0x4f93fead39b70a1824f981a54d4e55b278e9f760,2024-11-09,9,0.0,0,0,16666.712222222224,150000.41,9,0,,,Extreme Greed,75.0
0x4f93fead39b70a1824f981a54d4e55b278e9f760,2024-11-10,8,548.36595,6,6,22568.36875,180546.95,2,6,0.3333333333333333,1.0,Extreme Greed,78.0
0x4f93fead39b70a1824f981a54d4e55b278e9f760,2024-11-11,20,1479.677222,9,9,16571.107,331422.14,11,9,1.2222222222222223,1.0,Extreme Greed,76.0
0x4f93fead39b70a1824f981a54d4e55b278e9f760,2024-11-12,74,2053.119744,12,12,14354.293783783784,1062217.74,62,12,5.166666666666667,1.0,Extreme Greed,80.0
0x4f93fead39b70a1824f981a54d4e55b278e9f760,2024-11-13,25,7680.907897,16,16,19512.4728,487811.82,9,16,0.5625,1.0,Extreme Greed,84.0
0x4f93fead39b70a1824f981a54d4e55b278e9f760,2024-11-14,41,2348.106228,14,14,21522.69975609756,882430.6900000001,27,14,1.9285714285714286,1.0,Extreme Greed,88.0
0x4f93fead39b70a1824f981a54d4e55b278e9f760,2024-11-15,79,2003.536586,33,33,17219.896202531647,1360371.8,45,34,1.3235294117647058,1.0,Extreme Greed,80.0
0x4f93fead39b70a1824f981a54d4e55b278e9f760,2024-11-16,12,255.14686999999998,7,7,18322.8475,219874.16999999998,7,5,1.4,1.0,Extreme Greed,86.0
0x4f93fead39b70a1824f981a54d4e55b278e9f760,2024-11-17,26,546.624374,8,8,23861.476153846153,620398.38,18,8,2.25,1.0,Extreme Greed,90.0
0x4f93fead39b70a1824f981a54d4e55b278e9f760,2024-11-18,35,3158.176614,15,15,26917.316857142858,942106.09,19,16,1.1875,1.0,Extreme Greed,83.0
0x4f93fead39b70a1824f981a54d4e55b278e9f760,2024-11-19,30,1573.210981,15,15,10658.076000000001,319742.28,17,13,1.3076923076923077,1.0,Extreme Greed,90.0
0x4f93fead39b70a1824f981a54d4e55b278e9f760,2024-11-20,33,2259.775633,16,16,25402.638787878786,838287.08,15,18,0.8333333333333334,1.0,Extreme Greed,83.0
0x4f93fead39b70a1824f981a54d4e55b278e9f760,2024-11-21,9,909.745283,4,4,17786.91,160082.19,5,4,1.25,1.0,Extreme Greed,82.0
0x4f93fead39b70a1824f981a54d4e55b278e9f760,2024-11-22,18,1825.01255,12,12,16769.490555555556,301850.83,6,12,0.5,1.0,Extreme Greed,94.0
0x4f93fead39b70a1824f981a54d4e55b278e9f760,2024-11-23,9,0.0,0,0,6667.414444444444,60006.729999999996,9,0,,,Extreme Greed,93.0
0x4f93fead39b70a1824f981a54d4e55b278e9f760,2024-11-24,33,445.338356,5,5,15770.984848484848,520442.5,28,5,5.6,1.0,Extreme Greed,80.0
0x4f93fead39b70a1824f981a54d4e55b278e9f760,2024-11-25,30,5059.459732,10,10,28814.273999999998,864428.22,20,10,2.0,1.0,Extreme Greed,82.0
0x4f93fead39b70a1824f981a54d4e55b278e9f760,2024-11-26,22,0.0,0,0,19319.39181818182,425026.62,22,0,,,Extreme Greed,79.0
0x4f93fead39b70a1824f981a54d4e55b278e9f760,2024-11-27,44,-2848.159792,37,0,28557.08818181818,1256511.88,3,41,0.07317073170731707,0.0,Extreme Greed,75.0
0x4f93fead39b70a1824f981a54d4e55b278e9f760,2024-11-28,12,1174.315571,6,6,28232.108333333334,338785.3,9,3,3.0,1.0,Extreme Greed,77.0
0x4f93fead39b70a1824f981a54d4e55b278e9f760,2024-11-29,7,610.52512,1,1,25798.085714285717,180586.6,0,7,0.0,1.0,Extreme Greed,78.0
0x4f93fead39b70a1824f981a54d4e55b278e9f760,2024-11-30,12,850.54514,5,5,19926.774999999998,239121.3,12,0,,1.0,Extreme Greed,84.0
0x4f93fead39b70a1824f981a54d4e55b278e9f760,2024-12-01,27,337.835516,16,16,22229.845925925925,600205.84,5,22,0.22727272727272727,1.0,Extreme Greed,81.0
0x4f93fead39b70a1824f981a54d4e55b278e9f760,2024-12-02,17,754.7378,6,6,17691.249411764704,300751.24,11,6,1.8333333333333333,1.0,Extreme Greed,80.0
0x4f93fead39b70a1824f981a54d4e55b278e9f760,2024-12-03,9,1467.1002210000001,4,4,31374.63555555556,282371.72000000003,5,4,1.25,1.0,Extreme Greed,76.0
0x4f93fead39b70a1824f981a54d4e55b278e9f760,2024-12-04,13,291.35271,3,3,20080.955384615383,261052.41999999998,10,3,3.3333333333333335,1.0,Extreme Greed,78.0
0x4f93fead39b70a1824f981a54d4e55b278e9f760,2024-12-05,19,1435.68724,2,2,40074.16368421053,761409.11,0,19,0.0,1.0,Extreme Greed,84.0
0x4f93fead39b70a1824f981a54d4e55b278e9f760,2024-12-06,59,7206.315268,21,21,25128.245762711864,1482566.5,39,20,1.95,1.0,Greed,72.0
0x4f93fead39b70a1824f981a54d4e55b278e9f760,2024-12-07,4,2342.996384,4,4,49620.3625,198481.45,4,0,,1.0,Extreme Greed,75.0
0x4f93fead39b70a1824f981a54d4e55b278e9f760,2024-12-08,7,0.0,0,0,8570.51857142857,59993.63,0,7,0.0,,Extreme Greed,79.0
0x4f93fead39b70a1824f981a54d4e55b278e9f760,2024-12-09,17,2350.499742,7,7,21156.991764705883,359668.86,13,4,3.25,1.0,Extreme Greed,78.0
0x4f93fead39b70a1824f981a54d4e55b278e9f760,2024-12-10,36,3986.312514,12,12,19470.586944444443,700941.13,27,9,3.0,1.0,Extreme Greed,78.0
0x4f93fead39b70a1824f981a54d4e55b278e9f760,2024-12-11,30,1083.777057,8,8,23331.314333333332,699939.4299999999,6,24,0.25,1.0,Greed,74.0
0x4f93fead39b70a1824f981a54d4e55b278e9f760,2024-12-12,31,0.0,0,0,12254.174838709678,379879.42,0,31,0.0,,Extreme Greed,83.0
0x4f93fead39b70a1824f981a54d4e55b278e9f760,2024-12-13,49,6790.274613,27,27,20715.92551020408,1015080.35,37,12,3.0833333333333335,1.0,Extreme Greed,76.0
0x4f93fead39b70a1824f981a54d4e55b278e9f760,2024-12-14,19,570.1898180000001,6,6,10507.837368421053,199648.91,14,5,2.8,1.0,Extreme Greed,83.0
0x4f93fead39b70a1824f981a54d4e55b278e9f760,2024-12-15,21,263.914304,5,5,14297.049523809523,300238.04,4,17,0.23529411764705882,1.0,Extreme Greed,80.0
0x4f93fead39b70a1824f981a54d4e55b278e9f760,2024-12-16,27,0.0,0,0,32579.84037037037,879655.69,0,27,0.0,,Extreme Greed,83.0
0x4f93fead39b70a1824f981a54d4e55b278e9f760,2024-12-17,12,0.0,0,0,14999.839166666667,179998.07,0,12,0.0,,Extreme Greed,87.0
0x4f93fead39b70a1824f981a54d4e55b278e9f760,2024-12-18,62,-4627.220257,40,5,28169.055161290322,1746481.42,57,5,11.4,0.125,Extreme Greed,81.0
0x4f93fead39b70a1824f981a54d4e55b278e9f760,2024-12-19,53,1582.2032900000002,6,6,17374.649433962266,920856.42,47,6,7.833333333333333,1.0,Extreme Greed,75.0
0x4f93fead39b70a1824f981a54d4e55b278e9f760,2024-12-20,6,0.0,0,0,37047.935,222287.61,6,0,,,Greed,74.0
0x4f93fead39b70a1824f981a54d4e55b278e9f760,2024-12-21,50,1367.500173,28,28,20223.721400000002,1011186.0700000001,22,28,0.7857142857142857,1.0,Greed,73.0
0x4f93fead39b70a1824f981a54d4e55b278e9f760,2024-12-22,3,0.0,0,0,43336.74,130010.22,3,0,,,Greed,73.0
0x4f93fead39b70a1824f981a54d4e55b278e9f760,2024-12-23,16,0.0,0,0,21196.97,339151.52,16,0,,,Greed,70.0
0x4f93fead39b70a1824f981a54d4e55b278e9f760,2024-12-24,32,2081.2674110000003,21,21,29259.798125,936313.54,3,29,0.10344827586206896,1.0,Greed,73.0
0x4f93fead39b70a1824f981a54d4e55b278e9f760,2024-12-25,3,0.0,0,0,23333.069999999996,69999.20999999999,0,3,0.0,,Greed,73.0
0x4f93fead39b70a1824f981a54d4e55b278e9f760,2024-12-26,21,7617.597338,8,8,21067.338571428572,442414.11,20,1,20.0,1.0,Extreme Greed,79.0
0x4f93fead39b70a1824f981a54d4e55b278e9f760,2024-12-27,18,0.0,0,0,3890.9755555555553,70037.56,18,0,,,Greed,74.0
0x4f93fead39b70a1824f981a54d4e55b278e9f760,2024-12-28,6,16.972942,3,3,18342.231666666667,110053.39,0,6,0.0,1.0,Greed,72.0
0x4f93fead39b70a1824f981a54d4e55b278e9f760,2024-12-29,14,390.062046,4,4,5685.322142857142,79594.51,7,7,1.0,1.0,Greed,73.0
0x4f93fead39b70a1824f981a54d4e55b278e9f760,2024-12-30,22,4235.298688000001,9,9,25644.989545454548,564189.77,13,9,1.4444444444444444,1.0,Greed,65.0
0x4f93fead39b70a1824f981a54d4e55b278e9f760,2024-12-31,47,2301.21954,2,2,10472.761489361701,492219.79,45,2,22.5,1.0,Greed,64.0
0x4f93fead39b70a1824f981a54d4e55b278e9f760,2025-01-01,1,0.0,0,0,49999.51,49999.51,1,0,,,Greed,66.0
0x4f93fead39b70a1824f981a54d4e55b278e9f760,2025-01-02,19,2399.9471460000004,8,8,19582.443684210524,372066.43,11,8,1.375,1.0,Greed,70.0
0x4f93fead39b70a1824f981a54d4e55b278e9f760,2025-01-03,48,3084.287743,29,29,9644.217708333334,462922.45,19,29,0.6551724137931034,1.0,Greed,74.0
0x4f93fead39b70a1824f981a54d4e55b278e9f760,2025-01-04,14,0.0,0,0,7142.837142857143,99999.72,14,0,,,Greed,73.0
0x4f93fead39b70a1824f981a54d4e55b278e9f760,2025-01-05,19,890.33157,4,4,19427.31105263158,369118.91000000003,15,4,3.75,1.0,Greed,72.0
0x4f93fead39b70a1824f981a54d4e55b278e9f760,2025-01-06,32,3575.442423,14,14,10735.9740625,343551.17,18,14,1.2857142857142858,1.0,Extreme Greed,76.0
0x4f93fead39b70a1824f981a54d4e55b278e9f760,2025-01-07,39,0.0,0,0,12147.022564102565,473733.88,39,0,,,Extreme Greed,78.0
0x4f93fead39b70a1824f981a54d4e55b278e9f760,2025-01-08,16,0.0,0,0,19291.1175,308657.88,16,0,,,Greed,70.0
0x4f93fead39b70a1824f981a54d4e55b278e9f760,2025-01-10,219,-36229.641811,117,98,26918.19479452055,5895084.66,102,117,0.8717948717948718,0.8376068376068376,Neutral,50.0
0x4f93fead39b70a1824f981a54d4e55b278e9f760,2025-01-11,76,1559.841529,27,27,20461.92407894737,1555106.23,49,27,1.8148148148148149,1.0,Greed,69.0
0x4f93fead39b70a1824f981a54d4e55b278e9f760,2025-01-12,75,736.621517,34,34,24737.227600000002,1855292.07,30,45,0.6666666666666666,1.0,Greed,62.0
0x4f93fead39b70a1824f981a54d4e55b278e9f760,2025-01-13,97,1756.982034,54,54,24201.82237113402,2347576.77,49,48,1.0208333333333333,1.0,Greed,61.0
0x4f93fead39b70a1824f981a54d4e55b278e9f760,2025-01-14,42,1878.804638,17,17,15041.543095238096,631744.81,25,17,1.4705882352941178,1.0,Greed,63.0
0x4f93fead39b70a1824f981a54d4e55b278e9f760,2025-01-15,73,7470.003118,42,42,21394.826301369863,1561822.32,26,47,0.5531914893617021,1.0,Greed,70.0
0x4f93fead39b70a1824f981a54d4e55b278e9f760,2025-01-16,100,5170.4237570000005,57,55,27260.669100000003,2726066.91,45,55,0.8181818181818182,0.9649122807017544,Extreme Greed,75.0
0x4f93fead39b70a1824f981a54d4e55b278e9f760,2025-01-17,21,811.1445319999999,7,7,30510.78523809524,640726.49,14,7,2.0,1.0,Extreme Greed,75.0
0x4f93fead39b70a1824f981a54d4e55b278e9f760,2025-01-18,58,4078.848863,32,32,32431.74827586207,1881041.4000000001,32,26,1.2307692307692308,1.0,Extreme Greed,77.0
0x4f93fead39b70a1824f981a54d4e55b278e9f760,2025-01-19,88,3253.260003,32,32,25180.392613636363,2215874.55,63,25,2.52,1.0,Extreme Greed,77.0
0x4f93fead39b70a1824f981a54d4e55b278e9f760,2025-01-20,194,7466.841136,69,69,29887.263092783505,5798129.04,133,61,2.180327868852459,1.0,Extreme Greed,76.0
0x4f93fead39b70a1824f981a54d4e55b278e9f760,2025-01-21,92,2953.3108039999997,40,40,14189.073260869565,1305394.74,34,58,0.5862068965517241,1.0,Extreme Greed,76.0
0x4f93fead39b70a1824f981a54d4e55b278e9f760,2025-01-22,61,2971.896355,25,25,17456.443770491805,1064843.07,35,26,1.3461538461538463,1.0,Extreme Greed,84.0
0x4f93fead39b70a1824f981a54d4e55b278e9f760,2025-01-23,82,6749.1349199999995,22,22,17999.84780487805,1475987.52,55,27,2.037037037037037,1.0,Extreme Greed,75.0
0x4f93fead39b70a1824f981a54d4e55b278e9f760,2025-01-24,42,1707.06994,16,16,14664.804285714286,615921.78,14,28,0.5,1.0,Extreme Greed,75.0
0x4f93fead39b70a1824f981a54d4e55b278e9f760,2025-01-25,18,446.44485399999996,4,4,22485.88888888889,404746.0,18,0,,1.0,Extreme Greed,75.0
0x4f93fead39b70a1824f981a54d4e55b278e9f760,2025-01-27,15,0.0,0,0,33170.452666666664,497556.79,15,0,,,Greed,71.0
0x4f93fead39b70a1824f981a54d4e55b278e9f760,2025-01-30,75,3278.847724,38,35,21280.349733333333,1596026.23,39,36,1.0833333333333333,0.9210526315789473,Greed,70.0
0x4f93fead39b70a1824f981a54d4e55b278e9f760,2025-01-31,59,975.654751,21,21,13735.521525423728,810395.77,35,24,1.4583333333333333,1.0,Extreme Greed,76.0
0x4f93fead39b70a1824f981a54d4e55b278e9f760,2025-02-01,4,0.0,0,0,22500.69,90002.76,4,0,,,Greed,68.0
0x4f93fead39b70a1824f981a54d4e55b278e9f760,2025-02-02,30,0.0,0,0,25418.461333333333,762553.84,30,0,,,Greed,60.0
0x4f93fead39b70a1824f981a54d4e55b278e9f760,2025-02-04,9,6403.5061239999995,9,9,95439.94666666667,858959.52,0,9,0.0,1.0,Greed,72.0
0x4f93fead39b70a1824f981a54d4e55b278e9f760,2025-02-05,9,0.0,0,0,16663.026666666665,149967.24,9,0,,,Neutral,54.0
0x4f93fead39b70a1824f981a54d4e55b278e9f760,2025-02-06,10,440.753133,4,4,30041.394,300413.94,6,4,1.5,1.0,Neutral,49.0
0x4f93fead39b70a1824f981a54d4e55b278e9f760,2025-02-07,27,3691.30885,9,9,19508.291481481483,526723.87,12,15,0.8,1.0,Fear,44.0
0x4f93fead39b70a1824f981a54d4e55b278e9f760,2025-02-08,8,0.0,0,0,22498.25125,179986.01,8,0,,,Fear,44.0
0x4f93fead39b70a1824f981a54d4e55b278e9f760,2025-02-09,3,866.203569,1,1,90292.82333333335,270878.47000000003,0,3,0.0,1.0,Neutral,46.0
0x4f93fead39b70a1824f981a54d4e55b278e9f760,2025-02-10,84,2069.55836,29,29,14470.832976190475,1215549.97,46,38,1.2105263157894737,1.0,Fear,43.0
0x4f93fead39b70a1824f981a54d4e55b278e9f760,2025-02-11,56,1353.604398,22,22,12581.13017857143,704543.29,28,28,1.0,1.0,Neutral,47.0
0x4f93fead39b70a1824f981a54d4e55b278e9f760,2025-02-12,84,5212.729861,45,45,14802.268214285714,1243390.53,22,62,0.3548387096774194,1.0,Neutral,46.0
0x4f93fead39b70a1824f981a54d4e55b278e9f760,2025-02-13,23,2205.413149,11,11,17512.87652173913,402796.16,23,0,,1.0,Neutral,50.0
0x4f93fead39b70a1824f981a54d4e55b278e9f760,2025-02-14,58,2678.115601,25,25,19911.15103448276,1154846.76,27,31,0.8709677419354839,1.0,Neutral,48.0
0x4f93fead39b70a1824f981a54d4e55b278e9f760,2025-02-15,21,3884.0032459999998,13,13,22683.889523809525,476361.68,17,4,4.25,1.0,Neutral,50.0
0x4f93fead39b70a1824f981a54d4e55b278e9f760,2025-02-16,25,314.96786,11,11,14405.7528,360143.82,15,10,1.5,1.0,Neutral,54.0
0x4f93fead39b70a1824f981a54d4e55b278e9f760,2025-02-17,42,1204.110761,5,5,12833.438095238096,539004.4,24,18,1.3333333333333333,1.0,Neutral,51.0
0x4f93fead39b70a1824f981a54d4e55b278e9f760,2025-02-18,44,1670.219701,14,14,13191.782954545453,580438.45,30,14,2.142857142857143,1.0,Neutral,47.0
0x4f93fead39b70a1824f981a54d4e55b278e9f760,2025-02-19,58,3512.2119079999998,23,23,16248.182068965516,942394.5599999999,45,13,3.4615384615384617,1.0,Fear,44.0
0x4f93fead39b70a1824f981a54d4e55b278e9f760,2025-02-20,90,1829.292797,40,40,17114.072111111112,1540266.49,48,42,1.1428571428571428,1.0,Neutral,49.0
0x4f93fead39b70a1824f981a54d4e55b278e9f760,2025-02-21,76,5993.575314,8,8,17026.42842105263,1294008.56,30,46,0.6521739130434783,1.0,Greed,55.0
0x4f93fead39b70a1824f981a54d4e55b278e9f760,2025-02-22,91,1287.143384,52,52,16717.653406593407,1521306.46,39,52,0.75,1.0,Neutral,49.0
0x4f93fead39b70a1824f981a54d4e55b278e9f760,2025-02-23,31,109.68322,13,7,9029.90806451613,279927.15,22,9,2.4444444444444446,0.5384615384615384,Neutral,50.0
0x4f93fead39b70a1824f981a54d4e55b278e9f760,2025-02-24,17,1925.839355,5,5,27169.443529411765,461880.54,12,5,2.4,1.0,Neutral,49.0
0x4f93fead39b70a1824f981a54d4e55b278e9f760,2025-02-25,51,0.0,0,0,19559.930980392157,997556.48,51,0,,,Fear,25.0
0x4f93fead39b70a1824f981a54d4e55b278e9f760,2025-03-02,26,11005.991600000001,21,21,43406.429615384615,1128567.17,5,21,0.23809523809523808,1.0,Fear,26.0
0x4f93fead39b70a1824f981a54d4e55b278e9f760,2025-03-03,12,1136.272279,6,6,26764.120833333334,321169.45,6,6,1.0,1.0,Fear,33.0
0x4f93fead39b70a1824f981a54d4e55b278e9f760,2025-03-04,59,8002.939313,28,28,25872.653898305085,1526486.58,22,37,0.5945945945945946,1.0,Extreme Fear,15.0
0x4f93fead39b70a1824f981a54d4e55b278e9f760,2025-03-05,54,2741.101375,20,20,28870.43833333333,1559003.67,23,31,0.7419354838709677,1.0,Extreme Fear,20.0
0x4f93fead39b70a1824f981a54d4e55b278e9f760,2025-03-06,37,3069.196282,14,10,17383.593783783785,643192.97,23,14,1.6428571428571428,0.7142857142857143,Fear,25.0
0x4f93fead39b70a1824f981a54d4e55b278e9f760,2025-03-07,22,3273.5394420000002,18,18,10090.28,221986.16,7,15,0.4666666666666667,1.0,Fear,34.0
0x4f93fead39b70a1824f981a54d4e55b278e9f760,2025-03-08,17,0.0,0,0,7059.288823529412,120007.91,17,0,,,Fear,28.0
0x4f93fead39b70a1824f981a54d4e55b278e9f760,2025-03-09,11,0.0,0,0,38167.586363636365,419843.45,11,0,,,Fear,27.0
0x4f93fead39b70a1824f981a54d4e55b278e9f760,2025-03-10,103,14133.265684,42,42,25248.4113592233,2600586.37,61,42,1.4523809523809523,1.0,Extreme Fear,20.0
0x4f93fead39b70a1824f981a54d4e55b278e9f760,2025-03-11,33,2479.265806,21,21,31854.999696969695,1051214.99,12,21,0.5714285714285714,1.0,Extreme Fear,24.0
0x4f93fead39b70a1824f981a54d4e55b278e9f760,2025-03-12,10,0.0,0,0,17999.379,179993.79,10,0,,,Fear,34.0
0x4f93fead39b70a1824f981a54d4e55b278e9f760,2025-03-13,22,5770.595066,8,8,28439.44318181818,625667.75,14,8,1.75,1.0,Neutral,45.0
0x4f93fead39b70a1824f981a54d4e55b278e9f760,2025-03-14,25,11039.384571,10,10,22036.92,550923.0,0,25,0.0,1.0,Fear,27.0
0x4f93fead39b70a1824f981a54d4e55b278e9f760,2025-03-15,8,575.945518,7,7,17424.6975,139397.58,8,0,,1.0,Neutral,46.0
0x4f93fead39b70a1824f981a54d4e55b278e9f760,2025-03-16,6,144.99309,2,2,26689.39,160136.34,4,2,2.0,1.0,Fear,30.0
0x4f93fead39b70a1824f981a54d4e55b278e9f760,2025-03-17,11,2220.589556,8,8,18384.756363636363,202232.32,1,10,0.1,1.0,Fear,32.0
0x4f93fead39b70a1824f981a54d4e55b278e9f760,2025-03-18,44,362.477712,1,1,9083.757954545454,399685.35,41,3,13.666666666666666,1.0,Fear,34.0
0x4f93fead39b70a1824f981a54d4e55b278e9f760,2025-03-19,29,1438.717656,28,28,11776.706206896552,341524.48,1,28,0.03571428571428571,1.0,Fear,32.0
0x4f93fead39b70a1824f981a54d4e55b278e9f760,2025-03-20,8,0.0,0,0,14999.98875,119999.91,8,0,,,Neutral,49.0
0x4f93fead39b70a1824f981a54d4e55b278e9f760,2025-03-21,6,0.0,0,0,30000.725000000002,180004.35,6,0,,,Fear,31.0
0x4f93fead39b70a1824f981a54d4e55b278e9f760,2025-03-22,24,58.007635,24,24,12502.583333333334,300062.0,0,24,0.0,1.0,Fear,32.0
0x4f93fead39b70a1824f981a54d4e55b278e9f760,2025-03-23,10,134.82844,9,9,4013.454,40134.54,1,9,0.1111111111111111,1.0,Fear,30.0
0x4f93fead39b70a1824f981a54d4e55b278e9f760,2025-03-24,14,0.0,0,0,4285.6335714285715,59998.869999999995,0,14,0.0,,Neutral,45.0
0x4f93fead39b70a1824f981a54d4e55b278e9f760,2025-03-25,9,217.47456799999998,5,5,13309.063333333334,119781.57,9,0,,1.0,Neutral,46.0
0x4f93fead39b70a1824f981a54d4e55b278e9f760,2025-03-26,10,980.433384,6,6,20075.693,200756.93,4,6,0.6666666666666666,1.0,Neutral,47.0
0x4f93fead39b70a1824f981a54d4e55b278e9f760,2025-03-27,40,4329.319769,16,16,19609.212,784368.48,24,16,1.5,1.0,Fear,40.0
0x4f93fead39b70a1824f981a54d4e55b278e9f760,2025-03-28,10,0.0,0,0,19998.763,199987.63,10,0,,,Fear,44.0
0x4f93fead39b70a1824f981a54d4e55b278e9f760,2025-03-29,8,0.0,0,0,27499.309999999998,219994.47999999998,8,0,,,Fear,26.0
0x4f93fead39b70a1824f981a54d4e55b278e9f760,2025-03-31,40,2112.5276,22,22,18052.58175,722103.27,18,22,0.8181818181818182,1.0,Fear,34.0
0x4f93fead39b70a1824f981a54d4e55b278e9f760,2025-04-01,20,1402.082488,8,8,7070.317,141406.34,12,8,1.5,1.0,Fear,34.0
0x4f93fead39b70a1824f981a54d4e55b278e9f760,2025-04-02,1,0.0,0,0,19999.7,19999.7,1,0,,,Fear,44.0
0x4f93fead39b70a1824f981a54d4e55b278e9f760,2025-04-03,9,0.0,0,0,31104.344444444443,279939.1,9,0,,,Fear,25.0
0x4f93fead39b70a1824f981a54d4e55b278e9f760,2025-04-04,21,4591.427138999999,13,13,20216.697142857145,424550.64,8,13,0.6153846153846154,1.0,Fear,28.0
0x4f93fead39b70a1824f981a54d4e55b278e9f760,2025-04-06,7,0.0,0,0,25710.512857142858,179973.59,7,0,,,Fear,34.0
0x4f93fead39b70a1824f981a54d4e55b278e9f760,2025-04-07,45,0.0,0,0,13332.73688888889,599973.16,45,0,,,Extreme Fear,23.0
0x4f93fead39b70a1824f981a54d4e55b278e9f760,2025-04-08,28,21114.136771999998,24,24,38252.94535714285,1071082.47,4,24,0.16666666666666666,1.0,Extreme Fear,24.0
0x4f93fead39b70a1824f981a54d4e55b278e9f760,2025-04-09,45,25875.837656,24,24,19464.35377777778,875895.92,21,24,0.875,1.0,Extreme Fear,18.0
0x4f93fead39b70a1824f981a54d4e55b278e9f760,2025-04-10,9,0.0,0,0,16655.645555555555,149900.81,9,0,,,Fear,39.0
0x4f93fead39b70a1824f981a54d4e55b278e9f760,2025-04-11,3,3188.3381949999994,3,3,51029.70333333334,153089.11000000002,0,3,0.0,1.0,Fear,25.0
0x4f93fead39b70a1824f981a54d4e55b278e9f760,2025-04-13,8,253.67505,3,3,6281.60375,50252.83,5,3,1.6666666666666667,1.0,Neutral,45.0
0x4f93fead39b70a1824f981a54d4e55b278e9f760,2025-04-14,27,322.73095,4,4,4642.299259259259,125342.08,23,4,5.75,1.0,Fear,31.0
0x4f93fead39b70a1824f981a54d4e55b278e9f760,2025-04-16,4,0.0,0,0,18749.704999999998,74998.81999999999,4,0,,,Fear,29.0
0x4f93fead39b70a1824f981a54d4e55b278e9f760,2025-04-17,9,1713.120195,8,8,19636.307777777776,176726.77,1,8,0.125,1.0,Fear,30.0
0x4f93fead39b70a1824f981a54d4e55b278e9f760,2025-04-18,4,0.0,0,0,12499.515,49998.06,4,0,,,Fear,33.0
0x4f93fead39b70a1824f981a54d4e55b278e9f760,2025-04-19,18,721.976596,13,13,8373.388333333334,150720.99000000002,5,13,0.38461538461538464,1.0,Fear,32.0
0x4f93fead39b70a1824f981a54d4e55b278e9f760,2025-04-20,8,0.0,0,0,15624.63125,124997.05,8,0,,,Fear,37.0
0x4f93fead39b70a1824f981a54d4e55b278e9f760,2025-04-21,9,459.153994,9,9,16717.272222222222,150455.44999999998,0,9,0.0,1.0,Fear,39.0
0x4f93fead39b70a1824f981a54d4e55b278e9f760,2025-04-24,4,0.0,0,0,18749.59,74998.36,0,4,0.0,,Greed,63.0
0x4f93fead39b70a1824f981a54d4e55b278e9f760,2025-04-25,16,0.0,0,0,28126.7575,450028.12,0,16,0.0,,Greed,60.0
0x4f93fead39b70a1824f981a54d4e55b278e9f760,2025-04-30,36,5286.100993,23,23,19298.768333333333,694755.66,26,10,2.6,1.0,Greed,56.0
0x4f93fead39b70a1824f981a54d4e55b278e9f760,2025-05-01,14,1220.746604,10,7,14373.198571428571,201224.78,3,11,0.2727272727272727,0.7,Neutral,53.0
0x513b8629fe877bb581bf244e326a047b249c4ff1,2024-12-09,42,0.0,0,0,1682.2211904761903,70653.29,42,0,,,Extreme Greed,78.0
0x513b8629fe877bb581bf244e326a047b249c4ff1,2024-12-12,89,0.0,0,0,3332.177640449438,296563.81,89,0,,,Extreme Greed,83.0
0x513b8629fe877bb581bf244e326a047b249c4ff1,2024-12-15,28,0.0,0,0,4194.129285714285,117435.62,28,0,,,Extreme Greed,80.0
0x513b8629fe877bb581bf244e326a047b249c4ff1,2024-12-19,64,0.0,0,0,3791.86515625,242679.37,64,0,,,Extreme Greed,75.0
0x513b8629fe877bb581bf244e326a047b249c4ff1,2025-02-14,464,194499.072534,464,464,1986.7047629310346,921831.01,0,464,0.0,1.0,Neutral,48.0
0x513b8629fe877bb581bf244e326a047b249c4ff1,2025-02-17,292,0.0,0,0,3155.894726027397,921521.26,292,0,,,Neutral,51.0
0x513b8629fe877bb581bf244e326a047b249c4ff1,2025-03-17,35,0.0,0,0,9144.806857142858,320068.24,35,0,,,Fear,32.0
0x513b8629fe877bb581bf244e326a047b249c4ff1,2025-03-18,6,5429.87424,6,6,43103.988333333335,258623.93000000002,0,6,0.0,1.0,Fear,34.0
0x513b8629fe877bb581bf244e326a047b249c4ff1,2025-03-19,133,13272.411278,43,20,6491.884887218045,863420.6900000001,69,64,1.078125,0.46511627906976744,Fear,32.0
0x513b8629fe877bb581bf244e326a047b249c4ff1,2025-03-20,75,3865.013572,75,75,1391.7530666666667,104381.48,0,75,0.0,1.0,Neutral,49.0
0x513b8629fe877bb581bf244e326a047b249c4ff1,2025-03-27,77,0.0,0,0,2064.410909090909,158959.64,77,0,,,Fear,40.0
0x513b8629fe877bb581bf244e326a047b249c4ff1,2025-03-28,84,1470.407794,84,84,1909.8789285714283,160429.83,0,84,0.0,1.0,Fear,44.0
0x513b8629fe877bb581bf244e326a047b249c4ff1,2025-04-01,13,0.0,0,0,13807.81,179501.53,13,0,,,Fear,34.0
0x513b8629fe877bb581bf244e326a047b249c4ff1,2025-04-03,49,0.0,0,0,2260.9597959183675,110787.03,49,0,,,Fear,25.0
0x513b8629fe877bb581bf244e326a047b249c4ff1,2025-04-05,34,0.0,0,0,2537.0485294117643,86259.65,34,0,,,Fear,30.0
0x513b8629fe877bb581bf244e326a047b249c4ff1,2025-04-07,76,-37999.868086,54,6,6969.902236842105,529712.57,6,70,0.08571428571428572,0.1111111111111111,Extreme Fear,23.0
0x513b8629fe877bb581bf244e326a047b249c4ff1,2025-04-08,148,3131.840108,16,16,9667.030743243244,1430720.55,132,16,8.25,1.0,Extreme Fear,24.0
0x513b8629fe877bb581bf244e326a047b249c4ff1,2025-04-09,122,-36253.792726,87,83,11281.935245901639,1376396.0999999999,4,118,0.03389830508474576,0.9540229885057471,Extreme Fear,18.0
0x513b8629fe877bb581bf244e326a047b249c4ff1,2025-04-10,337,22908.117384,246,244,25584.4765578635,8621968.6,257,80,3.2125,0.991869918699187,Fear,39.0
0x513b8629fe877bb581bf244e326a047b249c4ff1,2025-04-11,65,0.0,0,0,33255.74600000001,2161623.49,65,0,,,Fear,25.0
0x513b8629fe877bb581bf244e326a047b249c4ff1,2025-04-12,1251,88152.006818,328,195,40967.58708233413,51250451.44,459,792,0.5795454545454546,0.5945121951219512,Fear,43.0
0x513b8629fe877bb581bf244e326a047b249c4ff1,2025-04-13,285,11239.437228,86,86,31745.770947368423,9047544.72,199,86,2.313953488372093,1.0,Neutral,45.0
0x513b8629fe877bb581bf244e326a047b249c4ff1,2025-04-14,230,7922.167264999999,90,58,38233.16656521739,8793628.31,140,90,1.5555555555555556,0.6444444444444445,Fear,31.0
0x513b8629fe877bb581bf244e326a047b249c4ff1,2025-04-15,731,40966.673478000004,433,433,25242.244090287277,18452080.43,172,559,0.3076923076923077,1.0,Fear,38.0
0x513b8629fe877bb581bf244e326a047b249c4ff1,2025-04-16,886,41498.141783,380,342,39232.42645598194,34759929.84,548,338,1.621301775147929,0.9,Fear,29.0
0x513b8629fe877bb581bf244e326a047b249c4ff1,2025-04-17,5,0.0,0,0,147619.302,738096.51,5,0,,,Fear,30.0
0x513b8629fe877bb581bf244e326a047b249c4ff1,2025-04-18,379,43400.145539,289,289,58751.562744063325,22266842.28,90,289,0.31141868512110726,1.0,Fear,33.0
0x513b8629fe877bb581bf244e326a047b249c4ff1,2025-04-19,637,62373.791703999996,229,229,43140.85288854003,27480723.29,397,240,1.6541666666666666,1.0,Fear,32.0
0x513b8629fe877bb581bf244e326a047b249c4ff1,2025-04-20,160,0.0,0,0,52569.3078125,8411089.25,160,0,,,Fear,37.0
0x513b8629fe877bb581bf244e326a047b249c4ff1,2025-04-21,869,39772.479641,448,316,46044.36062140392,40012549.38,432,437,0.988558352402746,0.7053571428571429,Fear,39.0
0x513b8629fe877bb581bf244e326a047b249c4ff1,2025-04-22,418,73209.060448,185,185,62608.63574162679,26170409.74,233,185,1.2594594594594595,1.0,Neutral,47.0
0x513b8629fe877bb581bf244e326a047b249c4ff1,2025-04-23,211,1656.211757,156,118,54580.961753554504,11516582.93,37,174,0.21264367816091953,0.7564102564102564,Greed,72.0
0x513b8629fe877bb581bf244e326a047b249c4ff1,2025-04-24,672,35332.403093,378,303,47146.683541666665,31682571.34,279,393,0.7099236641221374,0.8015873015873016,Greed,63.0
0x513b8629fe877bb581bf244e326a047b249c4ff1,2025-04-25,499,8410.75479,298,298,49855.811983967935,24878050.18,298,201,1.4825870646766168,1.0,Greed,60.0
0x513b8629fe877bb581bf244e326a047b249c4ff1,2025-04-26,314,0.0,0,0,35046.08286624204,11004470.02,314,0,,,Greed,65.0
0x513b8629fe877bb581bf244e326a047b249c4ff1,2025-04-28,654,37973.605394,397,349,38360.42061162079,25087715.08,257,397,0.6473551637279596,0.8790931989924433,Neutral,54.0
0x513b8629fe877bb581bf244e326a047b249c4ff1,2025-04-29,992,117648.295306,474,474,32144.09112903226,31886938.4,518,474,1.0928270042194093,1.0,Greed,60.0
0x513b8629fe877bb581bf244e326a047b249c4ff1,2025-04-30,481,0.0,0,0,22932.819688149688,11030686.27,481,0,,,Greed,56.0
0x513b8629fe877bb581bf244e326a047b249c4ff1,2025-05-01,329,60544.304874,236,236,22713.250030395135,7472659.26,93,236,0.3940677966101695,1.0,Neutral,53.0
0x6d6a4b953f202f8df5bed40692e7fd865318264a,2024-12-11,8,698.009722,8,8,136.67374999999998,1093.3899999999999,0,8,0.0,1.0,Greed,74.0
0x6d6a4b953f202f8df5bed40692e7fd865318264a,2024-12-12,4,362.84131,4,4,133.0725,532.29,0,4,0.0,1.0,Extreme Greed,83.0
0x6d6a4b953f202f8df5bed40692e7fd865318264a,2024-12-14,80,39057.10912,80,80,664.7225000000001,53177.8,0,80,0.0,1.0,Extreme Greed,83.0
0x6d6a4b953f202f8df5bed40692e7fd865318264a,2024-12-15,15,18879.21027,15,15,1635.1666666666667,24527.5,0,15,0.0,1.0,Extreme Greed,80.0
0x6d6a4b953f202f8df5bed40692e7fd865318264a,2024-12-16,47,12648.870412,47,47,341.3504255319149,16043.47,0,47,0.0,1.0,Extreme Greed,83.0
0x6d6a4b953f202f8df5bed40692e7fd865318264a,2024-12-17,7,2244.04603,7,7,401.2685714285714,2808.88,0,7,0.0,1.0,Extreme Greed,87.0
0x6d6a4b953f202f8df5bed40692e7fd865318264a,2024-12-21,89,27649.187167,89,89,372.85966292134833,33184.51,0,89,0.0,1.0,Greed,73.0
0x6d6a4b953f202f8df5bed40692e7fd865318264a,2025-01-11,33,0.0,0,0,227.26757575757574,7499.83,33,0,,,Greed,69.0
0x6d6a4b953f202f8df5bed40692e7fd865318264a,2025-01-12,12,0.0,0,0,833.3333333333334,10000.0,12,0,,,Greed,62.0
0x6d6a4b953f202f8df5bed40692e7fd865318264a,2025-01-13,23,0.0,0,0,543.5169565217391,12500.89,23,0,,,Greed,61.0
0x6d6a4b953f202f8df5bed40692e7fd865318264a,2025-01-19,12,0.0,0,0,291.6675,3500.01,12,0,,,Extreme Greed,77.0
0x6d6a4b953f202f8df5bed40692e7fd865318264a,2025-01-20,3,0.0,0,0,1666.64,4999.92,3,0,,,Extreme Greed,76.0
0x6d6a4b953f202f8df5bed40692e7fd865318264a,2025-01-23,3,0.0,0,0,141.0,423.0,3,0,,,Extreme Greed,75.0
0x6d6a4b953f202f8df5bed40692e7fd865318264a,2025-01-27,11,0.0,0,0,1272.7318181818182,14000.05,11,0,,,Greed,71.0
0x6d6a4b953f202f8df5bed40692e7fd865318264a,2025-01-30,8,1643.602279,8,8,1242.675,9941.4,0,8,0.0,1.0,Greed,70.0
0x6d6a4b953f202f8df5bed40692e7fd865318264a,2025-02-01,5,0.0,0,0,1987.6240000000003,9938.12,5,0,,,Greed,68.0
0x6d6a4b953f202f8df5bed40692e7fd865318264a,2025-02-14,21,844.8168900000001,21,21,254.39857142857142,5342.37,0,21,0.0,1.0,Neutral,48.0
0x6d6a4b953f202f8df5bed40692e7fd865318264a,2025-02-15,11,0.0,0,0,485.4918181818182,5340.41,11,0,,,Neutral,50.0
0x6d6a4b953f202f8df5bed40692e7fd865318264a,2025-03-26,18,413.304033,2,2,875.7783333333333,15764.01,16,2,8.0,1.0,Neutral,47.0
0x6d6a4b953f202f8df5bed40692e7fd865318264a,2025-03-27,23,154.257092,15,15,550.3630434782609,12658.35,8,15,0.5333333333333333,1.0,Fear,40.0
0x6d6a4b953f202f8df5bed40692e7fd865318264a,2025-03-28,12,0.0,0,0,227.225,2726.7,12,0,,,Fear,44.0
0x6d6a4b953f202f8df5bed40692e7fd865318264a,2025-03-29,7,0.0,0,0,221.41285714285712,1549.8899999999999,7,0,,,Fear,26.0
0x6d6a4b953f202f8df5bed40692e7fd865318264a,2025-03-30,6,3.492534,1,1,276.01,1656.06,4,2,2.0,1.0,Fear,32.0
0x6d6a4b953f202f8df5bed40692e7fd865318264a,2025-03-31,1,0.0,0,0,149.99,149.99,1,0,,,Fear,34.0
0x6d6a4b953f202f8df5bed40692e7fd865318264a,2025-04-01,14,132.71954399999998,4,4,1954.3107142857145,27360.350000000002,4,10,0.4,1.0,Fear,34.0
0x6d6a4b953f202f8df5bed40692e7fd865318264a,2025-04-02,34,234.497751,9,9,1120.655,38102.27,15,19,0.7894736842105263,1.0,Fear,44.0
0x6d6a4b953f202f8df5bed40692e7fd865318264a,2025-04-03,20,298.031364,5,5,922.9384999999999,18458.769999999997,19,1,19.0,1.0,Fear,25.0
0x6d6a4b953f202f8df5bed40692e7fd865318264a,2025-04-04,60,392.35488599999996,9,9,626.296,37577.76,36,24,1.5,1.0,Fear,28.0
0x6d6a4b953f202f8df5bed40692e7fd865318264a,2025-04-05,17,41.479757,12,11,1026.9088235294118,17457.45,12,5,2.4,0.9166666666666666,Fear,30.0
0x6d6a4b953f202f8df5bed40692e7fd865318264a,2025-04-06,22,207.98348199999998,10,10,1384.9813636363635,30469.59,20,2,10.0,1.0,Fear,34.0
0x6d6a4b953f202f8df5bed40692e7fd865318264a,2025-04-07,51,232.000726,9,7,990.5305882352941,50517.06,32,19,1.6842105263157894,0.7777777777777778,Extreme Fear,23.0
0x6d6a4b953f202f8df5bed40692e7fd865318264a,2025-04-08,32,409.437344,12,12,1307.165,41829.28,12,20,0.6,1.0,Extreme Fear,24.0
0x6d6a4b953f202f8df5bed40692e7fd865318264a,2025-04-09,60,1395.820542,25,25,902.617,54157.02,13,47,0.2765957446808511,1.0,Extreme Fear,18.0
0x6d6a4b953f202f8df5bed40692e7fd865318264a,2025-04-10,18,463.813132,9,9,1599.0455555555554,28782.82,14,4,3.5,1.0,Fear,39.0
0x6d6a4b953f202f8df5bed40692e7fd865318264a,2025-04-11,5,56.216535,1,1,2161.054,10805.27,0,5,0.0,1.0,Fear,25.0
0x6d6a4b953f202f8df5bed40692e7fd865318264a,2025-04-12,12,-89.1781,2,0,1094.5383333333332,13134.46,2,10,0.2,0.0,Fear,43.0
0x6d6a4b953f202f8df5bed40692e7fd865318264a,2025-04-13,1,0.0,0,0,999.44,999.44,0,1,0.0,,Neutral,45.0
0x6d6a4b953f202f8df5bed40692e7fd865318264a,2025-04-14,5,73.7414,1,1,2214.596,11072.98,2,3,0.6666666666666666,1.0,Fear,31.0
0x6d6a4b953f202f8df5bed40692e7fd865318264a,2025-04-15,8,0.0,0,0,1124.95125,8999.61,0,8,0.0,,Fear,38.0
0x6d6a4b953f202f8df5bed40692e7fd865318264a,2025-04-16,4,70.94968,4,4,494.38,1977.52,4,0,,1.0,Fear,29.0
0x6d6a4b953f202f8df5bed40692e7fd865318264a,2025-04-19,85,0.0,0,0,414.2778823529412,35213.62,0,85,0.0,,Fear,32.0
0x6d6a4b953f202f8df5bed40692e7fd865318264a,2025-04-21,6,0.0,0,0,1166.0616666666667,6996.37,0,6,0.0,,Fear,39.0
0x6d6a4b953f202f8df5bed40692e7fd865318264a,2025-04-22,10,0.0,0,0,999.832,9998.32,0,10,0.0,,Neutral,47.0
0x6d6a4b953f202f8df5bed40692e7fd865318264a,2025-04-23,18,0.0,0,0,527.7555555555556,9499.6,0,18,0.0,,Greed,72.0
0x6d6a4b953f202f8df5bed40692e7fd865318264a,2025-04-24,20,168.69881,13,13,441.69899999999996,8833.98,13,7,1.8571428571428572,1.0,Greed,63.0
0x6d6a4b953f202f8df5bed40692e7fd865318264a,2025-04-25,7,0.0,0,0,535.6742857142857,3749.7200000000003,0,7,0.0,,Greed,60.0
0x6d6a4b953f202f8df5bed40692e7fd865318264a,2025-04-26,7,43.903059999999996,4,4,1815.0585714285714,12705.41,4,3,1.3333333333333333,1.0,Greed,65.0
0x72743ae2822edd658c0c50608fd7c5c501b2afbd,2024-12-17,98,0.0,0,0,18481.63244897959,1811199.98,0,98,0.0,,Extreme Greed,87.0
0x72743ae2822edd658c0c50608fd7c5c501b2afbd,2024-12-22,104,327545.999992,104,104,14265.865288461539,1483649.99,104,0,,1.0,Greed,73.0
0x72743ae2822edd658c0c50608fd7c5c501b2afbd,2025-01-04,141,0.0,0,0,11569.857730496453,1631349.94,0,141,0.0,,Greed,73.0
0x72743ae2822edd658c0c50608fd7c5c501b2afbd,2025-01-08,48,122050.866984,48,48,31443.71166666667,1509298.1600000001,48,0,,1.0,Greed,70.0
0x72743ae2822edd658c0c50608fd7c5c501b2afbd,2025-02-28,77,0.0,0,0,1457.8809090909092,112256.83,19,58,0.3275862068965517,,Extreme Fear,16.0
0x72743ae2822edd658c0c50608fd7c5c501b2afbd,2025-03-08,15,0.0,0,0,2119.866666666667,31798.0,10,5,2.0,,Fear,28.0
0x72743ae2822edd658c0c50608fd7c5c501b2afbd,2025-03-09,90,0.0,0,0,1365.6884444444443,122911.95999999999,74,16,4.625,,Fear,27.0
0x72743ae2822edd658c0c50608fd7c5c501b2afbd,2025-04-08,77,0.0,0,0,2481.818051948052,191099.99,37,40,0.925,,Extreme Fear,24.0
0x72743ae2822edd658c0c50608fd7c5c501b2afbd,2025-04-09,355,33980.0,312,312,8095.553154929577,2873921.37,43,312,0.13782051282051283,1.0,Extreme Fear,18.0
0x72743ae2822edd658c0c50608fd7c5c501b2afbd,2025-04-10,8,0.0,0,0,12530.401249999999,100243.20999999999,0,8,0.0,,Fear,39.0
0x72743ae2822edd658c0c50608fd7c5c501b2afbd,2025-04-11,3,0.0,0,0,51734.1,155202.3,0,3,0.0,,Fear,25.0
0x72743ae2822edd658c0c50608fd7c5c501b2afbd,2025-04-16,53,-14838.4,53,0,4603.773962264151,244000.02,53,0,,0.0,Fear,29.0
0x72743ae2822edd658c0c50608fd7c5c501b2afbd,2025-04-18,65,-42923.271911,65,50,8851.193692307692,575327.59,15,50,0.3,0.7692307692307693,Fear,33.0
0x72743ae2822edd658c0c50608fd7c5c501b2afbd,2025-04-19,39,0.0,0,0,1287.706923076923,50220.57,0,39,0.0,,Fear,32.0
0x72743ae2822edd658c0c50608fd7c5c501b2afbd,2025-04-20,38,-458.08035,38,0,1333.6473684210525,50678.6,38,0,,0.0,Fear,37.0
0x72743ae2822edd658c0c50608fd7c5c501b2afbd,2025-04-22,79,0.0,0,0,1341.7722784810126,106000.01,79,0,,,Neutral,47.0
0x72743ae2822edd658c0c50608fd7c5c501b2afbd,2025-04-23,167,10148.4512,36,36,1633.4878443113773,272792.47000000003,78,89,0.8764044943820225,1.0,Greed,72.0
0x72743ae2822edd658c0c50608fd7c5c501b2afbd,2025-04-24,111,-3500.0,59,0,878.3780180180181,97499.96,0,111,0.0,0.0,Greed,63.0
0x72743ae2822edd658c0c50608fd7c5c501b2afbd,2025-04-25,22,-2650.0,22,0,2502.2713636363637,55049.97,0,22,0.0,0.0,Greed,60.0
0x72c6a4624e1dffa724e6d00d64ceae698af892a0,2024-09-20,4,0.0,0,0,7075.4425,28301.77,0,4,0.0,,Neutral,54.0
0x72c6a4624e1dffa724e6d00d64ceae698af892a0,2024-09-24,1,0.0,0,0,6113.57,6113.57,0,1,0.0,,Neutral,54.0
0x72c6a4624e1dffa724e6d00d64ceae698af892a0,2024-09-25,3,0.0,0,0,917.6733333333333,2753.02,0,3,0.0,,Greed,59.0
0x72c6a4624e1dffa724e6d00d64ceae698af892a0,2024-09-26,5,0.0,0,0,6654.302000000001,33271.51,0,5,0.0,,Neutral,50.0
0x72c6a4624e1dffa724e6d00d64ceae698af892a0,2024-09-27,46,0.0,0,0,567.4939130434783,26104.72,0,46,0.0,,Greed,61.0
0x72c6a4624e1dffa724e6d00d64ceae698af892a0,2024-09-28,4,0.0,0,0,7299.8025,29199.21,0,4,0.0,,Greed,64.0
0x72c6a4624e1dffa724e6d00d64ceae698af892a0,2024-09-30,96,0.0,0,0,389.4682291666666,37388.95,0,96,0.0,,Greed,61.0
0x72c6a4624e1dffa724e6d00d64ceae698af892a0,2024-10-25,5,8692.0,5,5,4659.2,23296.0,5,0,,1.0,Greed,72.0
0x72c6a4624e1dffa724e6d00d64ceae698af892a0,2024-10-26,6,42471.99413,6,6,14778.143333333333,88668.86,6,0,,1.0,,
0x72c6a4624e1dffa724e6d00d64ceae698af892a0,2024-11-29,1,573.585288,1,1,573.59,573.59,0,1,0.0,1.0,Extreme Greed,78.0
0x72c6a4624e1dffa724e6d00d64ceae698af892a0,2024-12-12,17,0.0,0,0,1397.385294117647,23755.55,0,17,0.0,,Extreme Greed,83.0
0x72c6a4624e1dffa724e6d00d64ceae698af892a0,2024-12-13,30,0.0,0,0,2951.8799999999997,88556.4,0,30,0.0,,Extreme Greed,76.0
0x72c6a4624e1dffa724e6d00d64ceae698af892a0,2024-12-14,43,0.0,0,0,2042.2541860465114,87816.93,0,43,0.0,,Extreme Greed,83.0
0x72c6a4624e1dffa724e6d00d64ceae698af892a0,2024-12-15,8,0.0,0,0,2812.5,22500.0,0,8,0.0,,Extreme Greed,80.0
0x72c6a4624e1dffa724e6d00d64ceae698af892a0,2024-12-16,41,0.0,0,0,1561.8182926829268,64034.549999999996,0,41,0.0,,Extreme Greed,83.0
0x72c6a4624e1dffa724e6d00d64ceae698af892a0,2024-12-17,14,0.0,0,0,3150.0064285714284,44100.09,0,14,0.0,,Extreme Greed,87.0
0x72c6a4624e1dffa724e6d00d64ceae698af892a0,2024-12-18,31,0.0,0,0,3206.451290322581,99399.99,0,31,0.0,,Extreme Greed,81.0
0x72c6a4624e1dffa724e6d00d64ceae698af892a0,2024-12-19,1,0.0,0,0,24880.0,24880.0,0,1,0.0,,Extreme Greed,75.0
0x72c6a4624e1dffa724e6d00d64ceae698af892a0,2024-12-20,28,0.0,0,0,4121.142857142857,115392.0,0,28,0.0,,Greed,74.0
0x72c6a4624e1dffa724e6d00d64ceae698af892a0,2024-12-23,35,0.0,0,0,3422.0648571428574,119772.27,0,35,0.0,,Greed,70.0
0x72c6a4624e1dffa724e6d00d64ceae698af892a0,2024-12-25,1,0.0,0,0,28677.0,28677.0,0,1,0.0,,Greed,73.0
0x72c6a4624e1dffa724e6d00d64ceae698af892a0,2024-12-27,6,0.0,0,0,9450.001666666667,56700.01,0,6,0.0,,Greed,74.0
0x72c6a4624e1dffa724e6d00d64ceae698af892a0,2024-12-28,34,0.0,0,0,2406.462941176471,81819.74,0,34,0.0,,Greed,72.0
0x72c6a4624e1dffa724e6d00d64ceae698af892a0,2024-12-29,14,0.0,0,0,5006.2699999999995,70087.78,0,14,0.0,,Greed,73.0
0x72c6a4624e1dffa724e6d00d64ceae698af892a0,2024-12-30,15,0.0,0,0,2392.239333333333,35883.59,0,15,0.0,,Greed,65.0
0x72c6a4624e1dffa724e6d00d64ceae698af892a0,2025-01-02,3,0.0,0,0,8894.193333333335,26682.58,0,3,0.0,,Greed,70.0
0x72c6a4624e1dffa724e6d00d64ceae698af892a0,2025-01-03,6,0.0,0,0,6065.75,36394.5,0,6,0.0,,Greed,74.0
0x72c6a4624e1dffa724e6d00d64ceae698af892a0,2025-01-04,1,0.0,0,0,2128.95,2128.95,0,1,0.0,,Greed,73.0
0x72c6a4624e1dffa724e6d00d64ceae698af892a0,2025-01-05,8,0.0,0,0,2863.6875,22909.5,0,8,0.0,,Greed,72.0
0x72c6a4624e1dffa724e6d00d64ceae698af892a0,2025-01-06,25,0.0,0,0,2910.8484000000003,72771.21,0,25,0.0,,Extreme Greed,76.0
0x72c6a4624e1dffa724e6d00d64ceae698af892a0,2025-01-09,1,10647.977,1,1,38563.98,38563.98,1,0,,1.0,Greed,69.0
0x72c6a4624e1dffa724e6d00d64ceae698af892a0,2025-01-24,2,0.0,0,0,2258.9,4517.8,2,0,,,Extreme Greed,75.0
0x72c6a4624e1dffa724e6d00d64ceae698af892a0,2025-01-25,14,0.0,0,0,3981.5714285714284,55742.0,14,0,,,Extreme Greed,75.0
0x72c6a4624e1dffa724e6d00d64ceae698af892a0,2025-01-26,55,262.95,16,16,1671.9961818181819,91959.79000000001,16,39,0.41025641025641024,1.0,Greed,73.0
0x72c6a4624e1dffa724e6d00d64ceae698af892a0,2025-01-27,1,0.0,0,0,11300.0,11300.0,0,1,0.0,,Greed,71.0
0x72c6a4624e1dffa724e6d00d64ceae698af892a0,2025-01-28,70,1474.79,38,38,1620.264857142857,113418.54,38,32,1.1875,1.0,Greed,72.0
0x72c6a4624e1dffa724e6d00d64ceae698af892a0,2025-02-02,37,0.0,0,0,837.1502702702703,30974.56,0,37,0.0,,Greed,60.0
0x72c6a4624e1dffa724e6d00d64ceae698af892a0,2025-02-04,1,0.0,0,0,15000.0,15000.0,0,1,0.0,,Greed,72.0
0x72c6a4624e1dffa724e6d00d64ceae698af892a0,2025-02-07,54,0.0,0,0,772.9157407407408,41737.450000000004,25,29,0.8620689655172413,,Fear,44.0
0x72c6a4624e1dffa724e6d00d64ceae698af892a0,2025-02-10,24,0.0,0,0,2206.1225,52946.94,0,24,0.0,,Fear,43.0
0x72c6a4624e1dffa724e6d00d64ceae698af892a0,2025-02-14,5,0.0,0,0,3058.91,15294.55,1,4,0.25,,Neutral,48.0
0x72c6a4624e1dffa724e6d00d64ceae698af892a0,2025-02-15,7,0.0,0,0,1628.5714285714287,11400.0,7,0,,,Neutral,50.0
0x72c6a4624e1dffa724e6d00d64ceae698af892a0,2025-02-16,6,0.0,0,0,1650.0,9900.0,6,0,,,Neutral,54.0
0x72c6a4624e1dffa724e6d00d64ceae698af892a0,2025-02-18,9,0.0,0,0,701.2211111111111,6310.99,9,0,,,Neutral,47.0
0x72c6a4624e1dffa724e6d00d64ceae698af892a0,2025-02-21,18,0.0,0,0,374.33,6737.94,0,18,0.0,,Greed,55.0
0x72c6a4624e1dffa724e6d00d64ceae698af892a0,2025-02-22,14,0.0,0,0,1038.095,14533.33,13,1,13.0,,Neutral,49.0
0x72c6a4624e1dffa724e6d00d64ceae698af892a0,2025-02-25,137,81776.7151,136,136,1940.033503649635,265784.58999999997,137,0,,1.0,Fear,25.0
0x72c6a4624e1dffa724e6d00d64ceae698af892a0,2025-02-26,1,8230.0,1,1,23710.0,23710.0,1,0,,1.0,Extreme Fear,21.0
0x72c6a4624e1dffa724e6d00d64ceae698af892a0,2025-02-27,13,8517.7655,13,13,2059.193846153846,26769.52,13,0,,1.0,Extreme Fear,10.0
0x72c6a4624e1dffa724e6d00d64ceae698af892a0,2025-02-28,3,15700.5,2,2,7567.57,22702.71,3,0,,1.0,Extreme Fear,16.0
0x72c6a4624e1dffa724e6d00d64ceae698af892a0,2025-03-01,14,0.0,0,0,791.3578571428571,11079.01,10,4,2.5,,Extreme Fear,20.0
0x72c6a4624e1dffa724e6d00d64ceae698af892a0,2025-03-02,25,10915.212,25,25,1366.0404,34151.01,25,0,,1.0,Fear,26.0
0x72c6a4624e1dffa724e6d00d64ceae698af892a0,2025-03-03,16,17247.427499999998,10,10,3784.509375,60552.15,16,0,,1.0,Fear,33.0
0x72c6a4624e1dffa724e6d00d64ceae698af892a0,2025-03-04,155,169132.29611,154,77,3030.0763225806454,469661.83,155,0,,0.5,Extreme Fear,15.0
0x72c6a4624e1dffa724e6d00d64ceae698af892a0,2025-03-07,10,0.0,0,0,496.50100000000003,4965.01,10,0,,,Fear,34.0
0x72c6a4624e1dffa724e6d00d64ceae698af892a0,2025-03-08,7,0.0,0,0,480.2857142857143,3362.0,7,0,,,Fear,28.0
0x72c6a4624e1dffa724e6d00d64ceae698af892a0,2025-03-09,21,0.0,0,0,232.88047619047617,4890.49,19,2,9.5,,Fear,27.0
0x72c6a4624e1dffa724e6d00d64ceae698af892a0,2025-03-10,35,-2680.0,17,0,678.8711428571429,23760.49,6,29,0.20689655172413793,0.0,Extreme Fear,20.0
0x72c6a4624e1dffa724e6d00d64ceae698af892a0,2025-03-15,1,0.0,0,0,5925.5,5925.5,0,1,0.0,,Neutral,46.0
0x72c6a4624e1dffa724e6d00d64ceae698af892a0,2025-04-12,12,-3546.9,9,0,1581.1591666666666,18973.91,0,12,0.0,0.0,Fear,43.0
0x72c6a4624e1dffa724e6d00d64ceae698af892a0,2025-04-13,5,-4526.698469,5,0,2040.0,10200.0,0,5,0.0,0.0,Neutral,45.0
0x72c6a4624e1dffa724e6d00d64ceae698af892a0,2025-04-14,3,7848.0,3,3,2675.8333333333335,8027.5,3,0,,1.0,Fear,31.0
0x72c6a4624e1dffa724e6d00d64ceae698af892a0,2025-04-15,6,6335.6,6,6,1444.0666666666666,8664.4,6,0,,1.0,Fear,38.0
0x72c6a4624e1dffa724e6d00d64ceae698af892a0,2025-04-16,44,14609.800000000001,44,44,825.0,36300.0,31,13,2.3846153846153846,1.0,Fear,29.0
0x72c6a4624e1dffa724e6d00d64ceae698af892a0,2025-04-20,55,18374.63,55,47,1135.2727272727273,62440.0,47,8,5.875,0.8545454545454545,Fear,37.0
0x72c6a4624e1dffa724e6d00d64ceae698af892a0,2025-04-21,17,-9046.14,17,7,1703.0882352941176,28952.5,7,10,0.7,0.4117647058823529,Fear,39.0
0x75f7eeb85dc639d5e99c78f95393aa9a5f1170d4,2024-01-19,9,-0.20400000000000001,4,1,169.64555555555555,1526.81,4,5,0.8,0.25,Neutral,51.0
0x75f7eeb85dc639d5e99c78f95393aa9a5f1170d4,2024-01-22,48,1166.248788,26,14,1125.4704166666668,54022.58,28,20,1.4,0.5384615384615384,Greed,55.0
0x75f7eeb85dc639d5e99c78f95393aa9a5f1170d4,2024-01-26,2,90.2,1,1,4627.9,9255.8,1,1,1.0,1.0,Neutral,49.0
0x75f7eeb85dc639d5e99c78f95393aa9a5f1170d4,2024-01-29,2,1.71544,1,1,1034.4299999999998,2068.8599999999997,1,1,1.0,1.0,Greed,55.0
0x75f7eeb85dc639d5e99c78f95393aa9a5f1170d4,2024-02-14,88,3639.3031690000003,80,79,2478.8488636363636,218138.7,27,61,0.4426229508196721,0.9875,Greed,74.0
0x75f7eeb85dc639d5e99c78f95393aa9a5f1170d4,2024-02-15,52,1024.70728,49,49,1469.9592307692308,76437.88,49,3,16.333333333333332,1.0,Greed,72.0
0x75f7eeb85dc639d5e99c78f95393aa9a5f1170d4,2024-02-16,170,5491.768834,146,146,2730.2580588235296,464143.87,105,65,1.6153846153846154,1.0,Greed,72.0
0x75f7eeb85dc639d5e99c78f95393aa9a5f1170d4,2024-02-17,64,1670.012358,54,54,3161.86234375,202359.19,25,39,0.6410256410256411,1.0,Extreme Greed,76.0
0x75f7eeb85dc639d5e99c78f95393aa9a5f1170d4,2024-02-18,97,477.6248299999999,68,61,1619.0532989690723,157048.17,38,59,0.6440677966101694,0.8970588235294118,Greed,72.0
0x75f7eeb85dc639d5e99c78f95393aa9a5f1170d4,2024-02-19,95,4325.827543,76,76,2488.1485263157892,236374.11,38,57,0.6666666666666666,1.0,Extreme Greed,75.0
0x75f7eeb85dc639d5e99c78f95393aa9a5f1170d4,2024-02-20,35,3053.31353,28,27,3363.1262857142856,117709.42,13,22,0.5909090909090909,0.9642857142857143,Greed,72.0
0x75f7eeb85dc639d5e99c78f95393aa9a5f1170d4,2024-02-21,21,1858.7985700000002,15,15,4668.662857142857,98041.92,6,15,0.4,1.0,Extreme Greed,78.0
0x75f7eeb85dc639d5e99c78f95393aa9a5f1170d4,2024-02-22,86,3894.1050699999996,54,40,4279.456162790698,368033.23,33,53,0.6226415094339622,0.7407407407407407,Greed,74.0
0x75f7eeb85dc639d5e99c78f95393aa9a5f1170d4,2024-02-23,143,1418.55293,138,137,776.966013986014,111106.14,131,12,10.916666666666666,0.9927536231884058,Extreme Greed,76.0
0x75f7eeb85dc639d5e99c78f95393aa9a5f1170d4,2024-02-25,5,-30.7705,2,0,896.0260000000001,4480.13,2,3,0.6666666666666666,0.0,Greed,74.0
0x75f7eeb85dc639d5e99c78f95393aa9a5f1170d4,2024-02-26,37,4416.8473,34,34,5180.734324324325,191687.17,27,10,2.7,1.0,Greed,72.0
0x75f7eeb85dc639d5e99c78f95393aa9a5f1170d4,2024-02-27,55,312.130593,35,19,3759.7450909090912,206785.98,33,22,1.5,0.5428571428571428,Extreme Greed,79.0
0x75f7eeb85dc639d5e99c78f95393aa9a5f1170d4,2024-02-28,45,2503.747235,39,39,3802.380666666667,171107.13,31,14,2.2142857142857144,1.0,Extreme Greed,82.0
0x75f7eeb85dc639d5e99c78f95393aa9a5f1170d4,2024-02-29,109,8493.192736,97,97,3402.198532110092,370839.64,60,49,1.2244897959183674,1.0,Extreme Greed,80.0
0x75f7eeb85dc639d5e99c78f95393aa9a5f1170d4,2024-03-01,137,8244.241409,128,128,3452.370072992701,472974.7,37,100,0.37,1.0,Extreme Greed,80.0
0x75f7eeb85dc639d5e99c78f95393aa9a5f1170d4,2024-03-02,24,1674.715167,21,21,2510.5745833333335,60253.79,21,3,7.0,1.0,Extreme Greed,80.0
0x75f7eeb85dc639d5e99c78f95393aa9a5f1170d4,2024-03-03,79,8361.086245,54,54,4946.1478481012655,390745.68,36,43,0.8372093023255814,1.0,Extreme Greed,83.0
0x75f7eeb85dc639d5e99c78f95393aa9a5f1170d4,2024-03-04,287,26773.771643,257,253,5485.087665505226,1574220.16,161,126,1.2777777777777777,0.9844357976653697,Extreme Greed,82.0
0x75f7eeb85dc639d5e99c78f95393aa9a5f1170d4,2024-03-05,180,19791.026041,163,163,4676.724,841810.32,55,125,0.44,1.0,Extreme Greed,90.0
0x75f7eeb85dc639d5e99c78f95393aa9a5f1170d4,2024-03-06,82,6814.825139,72,72,3990.4636585365856,327218.02,49,33,1.4848484848484849,1.0,Extreme Greed,75.0
0x75f7eeb85dc639d5e99c78f95393aa9a5f1170d4,2024-03-08,67,4271.886236,59,59,2740.047462686567,183583.18,19,48,0.3958333333333333,1.0,Extreme Greed,81.0
0x75f7eeb85dc639d5e99c78f95393aa9a5f1170d4,2024-03-09,117,9949.501624,107,97,5625.459401709401,658178.75,83,34,2.4411764705882355,0.9065420560747663,Extreme Greed,84.0
0x75f7eeb85dc639d5e99c78f95393aa9a5f1170d4,2024-03-10,42,2482.9272,38,29,5237.472619047619,219973.85,38,4,9.5,0.7631578947368421,Extreme Greed,79.0
0x75f7eeb85dc639d5e99c78f95393aa9a5f1170d4,2024-03-11,42,3588.179495,39,39,4202.844047619047,176519.44999999998,12,30,0.4,1.0,Extreme Greed,82.0
0x75f7eeb85dc639d5e99c78f95393aa9a5f1170d4,2024-03-12,8,3039.166,7,7,12880.10625,103040.85,1,7,0.14285714285714285,1.0,Extreme Greed,81.0
0x75f7eeb85dc639d5e99c78f95393aa9a5f1170d4,2024-03-14,17,3400.385378,15,15,11756.876470588235,199866.9,2,15,0.13333333333333333,1.0,Extreme Greed,88.0
0x75f7eeb85dc639d5e99c78f95393aa9a5f1170d4,2024-03-15,35,5509.2545,32,32,7132.707714285714,249644.77,13,22,0.5909090909090909,1.0,Extreme Greed,83.0
0x75f7eeb85dc639d5e99c78f95393aa9a5f1170d4,2024-03-17,7,73.61088,6,6,705.8557142857143,4940.99,6,1,6.0,1.0,Extreme Greed,79.0
0x75f7eeb85dc639d5e99c78f95393aa9a5f1170d4,2024-03-18,6,1244.6384,5,5,8540.285,51241.71,1,5,0.2,1.0,Extreme Greed,77.0
0x75f7eeb85dc639d5e99c78f95393aa9a5f1170d4,2024-03-19,10,842.799493,5,5,18098.891,180988.91,5,5,1.0,1.0,Extreme Greed,79.0
0x75f7eeb85dc639d5e99c78f95393aa9a5f1170d4,2024-03-20,59,2593.147623,56,56,2446.8210169491526,144362.44,23,36,0.6388888888888888,1.0,Greed,74.0
0x75f7eeb85dc639d5e99c78f95393aa9a5f1170d4,2024-03-21,23,2097.182,22,22,4256.877391304348,97908.18,22,1,22.0,1.0,Extreme Greed,78.0
0x75f7eeb85dc639d5e99c78f95393aa9a5f1170d4,2024-03-24,19,1297.018477,15,15,4873.274210526315,92592.20999999999,15,4,3.75,1.0,Greed,74.0
0x75f7eeb85dc639d5e99c78f95393aa9a5f1170d4,2024-03-26,111,3195.3074,109,109,1572.7824324324324,174578.85,2,109,0.01834862385321101,1.0,Extreme Greed,81.0
0x75f7eeb85dc639d5e99c78f95393aa9a5f1170d4,2024-03-27,11,-38.78086,7,0,1163.5172727272727,12798.689999999999,7,4,1.75,0.0,Extreme Greed,83.0
0x75f7eeb85dc639d5e99c78f95393aa9a5f1170d4,2024-03-28,10,227.85100799999998,9,9,1530.983,15309.83,9,1,9.0,1.0,Extreme Greed,80.0
0x75f7eeb85dc639d5e99c78f95393aa9a5f1170d4,2024-03-30,45,1100.57514,44,44,2246.753777777778,101103.92,1,44,0.022727272727272728,1.0,Extreme Greed,75.0
0x75f7eeb85dc639d5e99c78f95393aa9a5f1170d4,2024-04-01,48,2507.122467,41,40,4260.021458333334,204481.03,7,41,0.17073170731707318,0.975609756097561,Extreme Greed,79.0
0x75f7eeb85dc639d5e99c78f95393aa9a5f1170d4,2024-04-03,2,126.7884,1,1,3443.955,6887.91,1,1,1.0,1.0,Greed,71.0
0x75f7eeb85dc639d5e99c78f95393aa9a5f1170d4,2024-04-05,82,5296.433789,75,75,3723.111585365854,305295.15,7,75,0.09333333333333334,1.0,Extreme Greed,79.0
0x75f7eeb85dc639d5e99c78f95393aa9a5f1170d4,2024-04-08,2,1218.4267,1,1,24387.135,48774.27,1,1,1.0,1.0,Extreme Greed,76.0
0x75f7eeb85dc639d5e99c78f95393aa9a5f1170d4,2024-04-12,93,2237.798674,86,71,2815.611935483871,261851.91,7,86,0.08139534883720931,0.8255813953488372,Extreme Greed,79.0
0x75f7eeb85dc639d5e99c78f95393aa9a5f1170d4,2024-04-13,71,6621.451755,61,61,4651.021830985916,330222.55,28,43,0.6511627906976745,1.0,Greed,72.0
0x75f7eeb85dc639d5e99c78f95393aa9a5f1170d4,2024-04-14,43,461.97292000000004,33,30,1637.1216279069768,70396.23,23,20,1.15,0.9090909090909091,Greed,72.0
0x75f7eeb85dc639d5e99c78f95393aa9a5f1170d4,2024-04-15,38,3774.08872,35,35,6344.664210526315,241097.24,15,23,0.6521739130434783,1.0,Greed,74.0
0x75f7eeb85dc639d5e99c78f95393aa9a5f1170d4,2024-04-16,46,2467.702221,43,43,3952.523695652174,181816.09,31,15,2.066666666666667,1.0,Greed,65.0
0x75f7eeb85dc639d5e99c78f95393aa9a5f1170d4,2024-04-17,14,2441.4683999999997,13,13,6968.785000000001,97562.99,13,1,13.0,1.0,Greed,67.0
0x75f7eeb85dc639d5e99c78f95393aa9a5f1170d4,2024-04-23,12,360.32138,4,4,3366.369166666667,40396.43,2,10,0.2,1.0,Greed,71.0
0x75f7eeb85dc639d5e99c78f95393aa9a5f1170d4,2024-05-03,7,-13.844579999999999,3,1,47.215714285714284,330.51,3,4,0.75,0.3333333333333333,Neutral,48.0
0x75f7eeb85dc639d5e99c78f95393aa9a5f1170d4,2024-05-05,2,0.916,1,1,41.15,82.3,1,1,1.0,1.0,Greed,69.0
0x75f7eeb85dc639d5e99c78f95393aa9a5f1170d4,2024-05-07,1,0.0,0,0,47.59,47.59,0,1,0.0,,Greed,68.0
0x75f7eeb85dc639d5e99c78f95393aa9a5f1170d4,2024-05-08,3,1.56576,2,1,46.46,139.38,2,1,2.0,0.5,Greed,64.0
0x75f7eeb85dc639d5e99c78f95393aa9a5f1170d4,2024-05-23,1,0.0,0,0,10.56,10.56,0,1,0.0,,Extreme Greed,76.0
0x75f7eeb85dc639d5e99c78f95393aa9a5f1170d4,2024-06-13,1,-1.40304,1,0,11.97,11.97,1,0,,0.0,Greed,70.0
0x75f7eeb85dc639d5e99c78f95393aa9a5f1170d4,2024-12-09,7,0.01574,3,3,16.731428571428573,117.12,3,4,0.75,1.0,Extreme Greed,78.0
0x75f7eeb85dc639d5e99c78f95393aa9a5f1170d4,2024-12-10,153,3634.56814,147,147,1401.238888888889,214389.55000000002,40,113,0.35398230088495575,1.0,Extreme Greed,78.0
0x75f7eeb85dc639d5e99c78f95393aa9a5f1170d4,2024-12-11,23,1567.4026840000001,11,8,7024.881304347826,161572.27,12,11,1.0909090909090908,0.7272727272727273,Greed,74.0
0x75f7eeb85dc639d5e99c78f95393aa9a5f1170d4,2024-12-12,52,323.34897900000016,29,4,3563.27,185290.04,29,23,1.2608695652173914,0.13793103448275862,Extreme Greed,83.0
0x75f7eeb85dc639d5e99c78f95393aa9a5f1170d4,2024-12-13,26,8276.625256,25,25,4533.178461538461,117862.64,8,18,0.4444444444444444,1.0,Extreme Greed,76.0
0x75f7eeb85dc639d5e99c78f95393aa9a5f1170d4,2024-12-14,36,-33.03286,11,1,1667.6102777777778,60033.97,11,25,0.44,0.09090909090909091,Extreme Greed,83.0
0x75f7eeb85dc639d5e99c78f95393aa9a5f1170d4,2024-12-15,14,126.32543000000001,13,13,469.7357142857143,6576.3,1,13,0.07692307692307693,1.0,Extreme Greed,80.0
0x75f7eeb85dc639d5e99c78f95393aa9a5f1170d4,2024-12-16,10,758.93225,8,4,5082.063,50820.630000000005,5,5,1.0,0.5,Extreme Greed,83.0
0x75f7eeb85dc639d5e99c78f95393aa9a5f1170d4,2024-12-17,67,3146.294798,64,64,1978.6264179104478,132567.97,38,29,1.3103448275862069,1.0,Extreme Greed,87.0
0x75f7eeb85dc639d5e99c78f95393aa9a5f1170d4,2024-12-18,115,2507.193252,110,109,1492.9519130434783,171689.47,100,15,6.666666666666667,0.990909090909091,Extreme Greed,81.0
0x75f7eeb85dc639d5e99c78f95393aa9a5f1170d4,2024-12-19,235,13027.2866,214,205,2927.3372765957447,687924.26,42,193,0.21761658031088082,0.9579439252336449,Extreme Greed,75.0
0x75f7eeb85dc639d5e99c78f95393aa9a5f1170d4,2024-12-20,219,3509.273443,204,197,1042.2276712328767,228247.86000000002,202,17,11.882352941176471,0.9656862745098039,Greed,74.0
0x75f7eeb85dc639d5e99c78f95393aa9a5f1170d4,2024-12-21,8,24.404600000000002,4,4,1607.23625,12857.89,4,4,1.0,1.0,Greed,73.0
0x75f7eeb85dc639d5e99c78f95393aa9a5f1170d4,2024-12-23,51,657.693565,50,50,1163.6007843137254,59343.64,50,1,50.0,1.0,Greed,70.0
0x75f7eeb85dc639d5e99c78f95393aa9a5f1170d4,2025-01-02,53,3429.9583199999997,50,50,3870.1449056603774,205117.68,17,36,0.4722222222222222,1.0,Greed,70.0
0x75f7eeb85dc639d5e99c78f95393aa9a5f1170d4,2025-01-07,232,11206.706221,221,221,2729.2947413793104,633196.38,219,13,16.846153846153847,1.0,Extreme Greed,78.0
0x75f7eeb85dc639d5e99c78f95393aa9a5f1170d4,2025-01-08,49,3710.36178,45,45,4625.799183673469,226664.16,27,22,1.2272727272727273,1.0,Greed,70.0
0x75f7eeb85dc639d5e99c78f95393aa9a5f1170d4,2025-01-13,50,3944.7294389999997,47,47,4342.4238000000005,217121.19,3,47,0.06382978723404255,1.0,Greed,61.0
0x75f7eeb85dc639d5e99c78f95393aa9a5f1170d4,2025-01-14,9,104.68064,4,4,4696.798888888889,42271.19,4,5,0.8,1.0,Greed,63.0
0x75f7eeb85dc639d5e99c78f95393aa9a5f1170d4,2025-01-18,33,-3249.381438,23,7,7728.827272727272,255051.3,23,10,2.3,0.30434782608695654,Extreme Greed,77.0
0x75f7eeb85dc639d5e99c78f95393aa9a5f1170d4,2025-01-20,409,16210.341667,395,395,1671.0059413202935,683441.43,190,219,0.867579908675799,1.0,Extreme Greed,76.0
0x75f7eeb85dc639d5e99c78f95393aa9a5f1170d4,2025-01-22,35,548.62199,34,34,2301.3917142857144,80548.71,1,34,0.029411764705882353,1.0,Extreme Greed,84.0
0x75f7eeb85dc639d5e99c78f95393aa9a5f1170d4,2025-01-24,137,3540.716915,129,129,1282.6185401459854,175718.74,53,84,0.6309523809523809,1.0,Extreme Greed,75.0
0x75f7eeb85dc639d5e99c78f95393aa9a5f1170d4,2025-01-27,128,2582.715893,122,122,1981.91671875,253685.34,99,29,3.413793103448276,1.0,Greed,71.0
0x75f7eeb85dc639d5e99c78f95393aa9a5f1170d4,2025-01-28,37,1150.332823,34,34,3275.1991891891894,121182.37000000001,3,34,0.08823529411764706,1.0,Greed,72.0
0x75f7eeb85dc639d5e99c78f95393aa9a5f1170d4,2025-01-29,36,45.381082,28,28,1330.8616666666667,47911.02,8,28,0.2857142857142857,1.0,Greed,72.0
0x75f7eeb85dc639d5e99c78f95393aa9a5f1170d4,2025-01-30,134,5049.257348,110,110,2169.4271641791042,290703.24,62,72,0.8611111111111112,1.0,Greed,70.0
0x75f7eeb85dc639d5e99c78f95393aa9a5f1170d4,2025-01-31,172,6216.099195999999,152,120,2295.991569767442,394910.55,92,80,1.15,0.7894736842105263,Extreme Greed,76.0
0x75f7eeb85dc639d5e99c78f95393aa9a5f1170d4,2025-02-01,148,9609.447365,115,114,4026.3325675675674,595897.22,114,34,3.3529411764705883,0.991304347826087,Greed,68.0
0x75f7eeb85dc639d5e99c78f95393aa9a5f1170d4,2025-02-03,351,14982.681725,330,263,2940.937606837607,1032269.1,100,251,0.398406374501992,0.796969696969697,Fear,44.0
0x75f7eeb85dc639d5e99c78f95393aa9a5f1170d4,2025-02-04,76,1985.815595,74,74,1605.050657894737,121983.85,2,74,0.02702702702702703,1.0,Greed,72.0
0x75f7eeb85dc639d5e99c78f95393aa9a5f1170d4,2025-02-05,20,14.590934,15,15,2107.2529999999997,42145.06,5,15,0.3333333333333333,1.0,Neutral,54.0
0x75f7eeb85dc639d5e99c78f95393aa9a5f1170d4,2025-02-06,73,2055.538866,37,20,4675.59698630137,341318.58,40,33,1.2121212121212122,0.5405405405405406,Neutral,49.0
0x75f7eeb85dc639d5e99c78f95393aa9a5f1170d4,2025-02-07,58,2648.450789,51,41,3997.0581034482757,231829.37,6,52,0.11538461538461539,0.803921568627451,Fear,44.0
0x75f7eeb85dc639d5e99c78f95393aa9a5f1170d4,2025-02-08,2,235.47104,1,1,6882.275,13764.55,1,1,1.0,1.0,Fear,44.0
0x75f7eeb85dc639d5e99c78f95393aa9a5f1170d4,2025-02-09,71,627.556755,66,66,1530.2932394366196,108650.81999999999,66,5,13.2,1.0,Neutral,46.0
0x75f7eeb85dc639d5e99c78f95393aa9a5f1170d4,2025-02-10,58,990.674468,35,35,2647.6505172413795,153563.73,24,34,0.7058823529411765,1.0,Fear,43.0
0x75f7eeb85dc639d5e99c78f95393aa9a5f1170d4,2025-02-11,5,1053.5230999999999,3,3,7386.992,36934.96,2,3,0.6666666666666666,1.0,Neutral,47.0
0x75f7eeb85dc639d5e99c78f95393aa9a5f1170d4,2025-02-12,118,-22303.603584,100,28,2953.0322881355933,348457.81,31,87,0.3563218390804598,0.28,Neutral,46.0
0x75f7eeb85dc639d5e99c78f95393aa9a5f1170d4,2025-02-13,101,2390.12335,84,84,1278.79198019802,129157.99,84,17,4.9411764705882355,1.0,Neutral,50.0
0x75f7eeb85dc639d5e99c78f95393aa9a5f1170d4,2025-02-15,28,462.740727,19,19,3875.14,108503.92,9,19,0.47368421052631576,1.0,Neutral,50.0
0x75f7eeb85dc639d5e99c78f95393aa9a5f1170d4,2025-02-16,5,14.54605,1,1,341.232,1706.16,4,1,4.0,1.0,Neutral,54.0
0x75f7eeb85dc639d5e99c78f95393aa9a5f1170d4,2025-02-18,131,3112.721339,127,106,2398.0035877862597,314138.47000000003,18,113,0.1592920353982301,0.8346456692913385,Neutral,47.0
0x75f7eeb85dc639d5e99c78f95393aa9a5f1170d4,2025-02-19,221,770.462266,208,154,1613.0980995475113,356494.68,204,17,12.0,0.7403846153846154,Fear,44.0
0x75f7eeb85dc639d5e99c78f95393aa9a5f1170d4,2025-02-20,69,1727.154021,65,65,2101.7873913043477,145023.33,52,17,3.0588235294117645,1.0,Neutral,49.0
0x75f7eeb85dc639d5e99c78f95393aa9a5f1170d4,2025-02-21,188,2720.828056,149,121,1504.8432978723404,282910.54,61,127,0.48031496062992124,0.8120805369127517,Greed,55.0
0x75f7eeb85dc639d5e99c78f95393aa9a5f1170d4,2025-02-22,121,1437.17482,82,80,2194.715289256198,265560.55,41,80,0.5125,0.975609756097561,Neutral,49.0
0x75f7eeb85dc639d5e99c78f95393aa9a5f1170d4,2025-02-23,125,1001.2053860000001,99,98,2364.3752000000004,295546.9,26,99,0.26262626262626265,0.98989898989899,Neutral,50.0
0x75f7eeb85dc639d5e99c78f95393aa9a5f1170d4,2025-02-25,79,3622.6256409999996,76,76,2395.0187341772153,189206.48,17,62,0.27419354838709675,1.0,Fear,25.0
0x75f7eeb85dc639d5e99c78f95393aa9a5f1170d4,2025-02-26,86,5303.037252,81,80,3985.245697674419,342731.13,81,5,16.2,0.9876543209876543,Extreme Fear,21.0
0x75f7eeb85dc639d5e99c78f95393aa9a5f1170d4,2025-03-02,12,948.6016900000001,11,11,3923.564166666667,47082.770000000004,11,1,11.0,1.0,Fear,26.0
0x75f7eeb85dc639d5e99c78f95393aa9a5f1170d4,2025-03-03,101,-370.250064,68,61,1018.7064356435644,102889.35,33,68,0.4852941176470588,0.8970588235294118,Fear,33.0
0x75f7eeb85dc639d5e99c78f95393aa9a5f1170d4,2025-03-05,2,-5843.04,1,0,42921.479999999996,85842.95999999999,1,1,1.0,0.0,Extreme Fear,20.0
0x75f7eeb85dc639d5e99c78f95393aa9a5f1170d4,2025-03-08,18,556.480533,17,17,1573.7972222222222,28328.35,17,1,17.0,1.0,Fear,28.0
0x75f7eeb85dc639d5e99c78f95393aa9a5f1170d4,2025-03-11,170,23670.188163,161,161,3202.6863529411767,544456.68,86,84,1.0238095238095237,1.0,Extreme Fear,24.0
0x75f7eeb85dc639d5e99c78f95393aa9a5f1170d4,2025-03-12,24,788.209533,21,21,2053.1325,49275.18,3,21,0.14285714285714285,1.0,Fear,34.0
0x75f7eeb85dc639d5e99c78f95393aa9a5f1170d4,2025-03-13,20,216.69714,1,1,3998.917,79978.34,1,19,0.05263157894736842,1.0,Neutral,45.0
0x75f7eeb85dc639d5e99c78f95393aa9a5f1170d4,2025-03-15,33,500.116094,30,7,1352.128787878788,44620.25,30,3,10.0,0.23333333333333334,Neutral,46.0
0x75f7eeb85dc639d5e99c78f95393aa9a5f1170d4,2025-03-16,15,941.32505,14,14,2071.034666666667,31065.52,1,14,0.07142857142857142,1.0,Fear,30.0
0x75f7eeb85dc639d5e99c78f95393aa9a5f1170d4,2025-03-17,152,5845.632627,146,146,1292.3644736842105,196439.4,96,56,1.7142857142857142,1.0,Fear,32.0
0x75f7eeb85dc639d5e99c78f95393aa9a5f1170d4,2025-03-18,14,82.269533,10,10,610.3228571428572,8544.52,10,4,2.5,1.0,Fear,34.0
0x75f7eeb85dc639d5e99c78f95393aa9a5f1170d4,2025-03-19,43,106.886191,42,39,1166.1046511627908,50142.5,1,42,0.023809523809523808,0.9285714285714286,Fear,32.0
0x75f7eeb85dc639d5e99c78f95393aa9a5f1170d4,2025-03-20,32,646.76766,31,31,965.8490625,30907.17,1,31,0.03225806451612903,1.0,Neutral,49.0
0x75f7eeb85dc639d5e99c78f95393aa9a5f1170d4,2025-03-22,63,4462.921835,61,61,968.4492063492064,61012.3,57,6,9.5,1.0,Fear,32.0
0x75f7eeb85dc639d5e99c78f95393aa9a5f1170d4,2025-03-24,26,80.95313,23,22,179.39076923076925,4664.160000000001,23,3,7.666666666666667,0.9565217391304348,Neutral,45.0
0x75f7eeb85dc639d5e99c78f95393aa9a5f1170d4,2025-03-25,29,520.971268,27,26,2614.2506896551727,75813.27,15,14,1.0714285714285714,0.9629629629629629,Neutral,46.0
0x75f7eeb85dc639d5e99c78f95393aa9a5f1170d4,2025-03-26,79,96.945218,27,25,1384.9248101265823,109409.06,28,51,0.5490196078431373,0.9259259259259259,Neutral,47.0
0x75f7eeb85dc639d5e99c78f95393aa9a5f1170d4,2025-03-29,83,133.123947,81,66,507.97253012048196,42161.72,2,81,0.024691358024691357,0.8148148148148148,Fear,26.0
0x75f7eeb85dc639d5e99c78f95393aa9a5f1170d4,2025-03-31,52,1239.24045,51,51,952.425,49526.1,1,51,0.0196078431372549,1.0,Fear,34.0
0x75f7eeb85dc639d5e99c78f95393aa9a5f1170d4,2025-04-02,11,90.98474,9,9,2925.4536363636366,32179.99,9,2,4.5,1.0,Fear,44.0
0x75f7eeb85dc639d5e99c78f95393aa9a5f1170d4,2025-04-06,39,3370.85855,36,36,3952.829230769231,154160.34,3,36,0.08333333333333333,1.0,Fear,34.0
0x75f7eeb85dc639d5e99c78f95393aa9a5f1170d4,2025-04-08,43,948.85929,42,42,1116.5534883720932,48011.8,1,42,0.023809523809523808,1.0,Extreme Fear,24.0
0x75f7eeb85dc639d5e99c78f95393aa9a5f1170d4,2025-04-09,15,1593.7933500000001,6,6,3893.6853333333333,58405.28,6,9,0.6666666666666666,1.0,Extreme Fear,18.0
0x75f7eeb85dc639d5e99c78f95393aa9a5f1170d4,2025-04-12,44,1442.90516,42,42,1396.4452272727274,61443.590000000004,2,42,0.047619047619047616,1.0,Fear,43.0
0x75f7eeb85dc639d5e99c78f95393aa9a5f1170d4,2025-04-14,40,1828.36966,33,33,3124.96325,124998.53,27,13,2.076923076923077,1.0,Fear,31.0
0x75f7eeb85dc639d5e99c78f95393aa9a5f1170d4,2025-04-15,36,1208.695445,35,35,1633.111111111111,58792.0,35,1,35.0,1.0,Fear,38.0
0x75f7eeb85dc639d5e99c78f95393aa9a5f1170d4,2025-04-16,35,1674.357543,33,33,2679.161714285714,93770.65999999999,27,8,3.375,1.0,Fear,29.0
0x75f7eeb85dc639d5e99c78f95393aa9a5f1170d4,2025-04-18,6,471.89234,5,5,4048.5616666666665,24291.37,5,1,5.0,1.0,Fear,33.0
0x75f7eeb85dc639d5e99c78f95393aa9a5f1170d4,2025-04-19,55,1403.177311,32,26,1152.206909090909,63371.38,28,27,1.037037037037037,0.8125,Fear,32.0
0x75f7eeb85dc639d5e99c78f95393aa9a5f1170d4,2025-04-20,52,-111.77234,50,11,1156.014423076923,60112.75,50,2,25.0,0.22,Fear,37.0
0x75f7eeb85dc639d5e99c78f95393aa9a5f1170d4,2025-04-22,327,2933.203058,325,325,358.02122324159023,117072.94,325,2,162.5,1.0,Neutral,47.0
0x75f7eeb85dc639d5e99c78f95393aa9a5f1170d4,2025-04-23,154,6439.07977,146,146,2393.760844155844,368639.17,97,57,1.7017543859649122,1.0,Greed,72.0
0x75f7eeb85dc639d5e99c78f95393aa9a5f1170d4,2025-04-24,29,1250.2581989999999,21,5,2504.40724137931,72627.81,17,12,1.4166666666666667,0.23809523809523808,Greed,63.0
0x75f7eeb85dc639d5e99c78f95393aa9a5f1170d4,2025-04-25,99,1113.013801,82,82,777.5432323232324,76976.78,16,83,0.1927710843373494,1.0,Greed,60.0
0x75f7eeb85dc639d5e99c78f95393aa9a5f1170d4,2025-04-26,113,3291.144446,110,110,1400.3834513274335,158243.33,110,3,36.666666666666664,1.0,Greed,65.0
0x75f7eeb85dc639d5e99c78f95393aa9a5f1170d4,2025-04-27,83,471.712989,81,53,1451.5227710843374,120476.39,2,81,0.024691358024691357,0.654320987654321,Greed,61.0
0x75f7eeb85dc639d5e99c78f95393aa9a5f1170d4,2025-04-28,33,728.966777,27,22,1052.2554545454545,34724.43,6,27,0.2222222222222222,0.8148148148148148,Neutral,54.0
0x7f4f299f74eec87806a830e3caa9afa5f2b9db8f,2024-12-25,4,14.21524,3,3,1688.5525,6754.21,1,3,0.3333333333333333,1.0,Greed,73.0
0x7f4f299f74eec87806a830e3caa9afa5f2b9db8f,2024-12-29,4,0.0,0,0,10819.605,43278.42,4,0,,,Greed,73.0
0x7f4f299f74eec87806a830e3caa9afa5f2b9db8f,2024-12-30,12,838.9844760000001,7,7,4069.070833333333,48828.85,5,7,0.7142857142857143,1.0,Greed,65.0
0x7f4f299f74eec87806a830e3caa9afa5f2b9db8f,2024-12-31,1,0.0,0,0,8056.83,8056.83,1,0,,,Greed,64.0
0x7f4f299f74eec87806a830e3caa9afa5f2b9db8f,2025-01-01,3,0.0,0,0,7555.826666666667,22667.48,3,0,,,Greed,66.0
0x7f4f299f74eec87806a830e3caa9afa5f2b9db8f,2025-01-02,9,1008.518954,5,5,6758.5633333333335,60827.07,4,5,0.8,1.0,Greed,70.0
0x7f4f299f74eec87806a830e3caa9afa5f2b9db8f,2025-01-03,26,937.789615,17,17,1975.7373076923077,51369.17,9,17,0.5294117647058824,1.0,Greed,74.0
0x7f4f299f74eec87806a830e3caa9afa5f2b9db8f,2025-01-05,7,1093.05677,7,7,1828.1614285714284,12797.13,0,7,0.0,1.0,Greed,72.0
0x7f4f299f74eec87806a830e3caa9afa5f2b9db8f,2025-01-06,1,1260.832586,1,1,12912.0,12912.0,0,1,0.0,1.0,Extreme Greed,76.0
0x7f4f299f74eec87806a830e3caa9afa5f2b9db8f,2025-01-07,1,0.0,0,0,5768.6,5768.6,1,0,,,Extreme Greed,78.0
0x7f4f299f74eec87806a830e3caa9afa5f2b9db8f,2025-01-08,11,0.0,0,0,2146.8445454545454,23615.29,11,0,,,Greed,70.0
0x7f4f299f74eec87806a830e3caa9afa5f2b9db8f,2025-01-09,1,0.0,0,0,9563.74,9563.74,1,0,,,Greed,69.0
0x7f4f299f74eec87806a830e3caa9afa5f2b9db8f,2025-01-13,4,1621.278931,4,4,7545.6675,30182.67,0,4,0.0,1.0,Greed,61.0
0x7f4f299f74eec87806a830e3caa9afa5f2b9db8f,2025-01-15,1,1261.448002,1,1,11647.74,11647.74,0,1,0.0,1.0,Greed,70.0
0x7f4f299f74eec87806a830e3caa9afa5f2b9db8f,2025-01-19,1,0.0,0,0,99.88,99.88,1,0,,,Extreme Greed,77.0
0x7f4f299f74eec87806a830e3caa9afa5f2b9db8f,2025-03-24,2,-869.145978,2,0,8449.470000000001,16898.940000000002,0,2,0.0,0.0,Neutral,45.0
0x7f4f299f74eec87806a830e3caa9afa5f2b9db8f,2025-03-26,3,0.0,0,0,5632.456666666668,16897.370000000003,3,0,,,Neutral,47.0
0x7f4f299f74eec87806a830e3caa9afa5f2b9db8f,2025-03-28,6,1130.350383,6,6,3004.626666666667,18027.760000000002,0,6,0.0,1.0,Fear,44.0
0x7f4f299f74eec87806a830e3caa9afa5f2b9db8f,2025-04-08,26,246.8944,16,16,2155.8880769230773,56053.090000000004,10,16,0.625,1.0,Extreme Fear,24.0
0x7f4f299f74eec87806a830e3caa9afa5f2b9db8f,2025-04-09,799,2975.927732,381,375,3494.2455444305383,2791902.19,361,438,0.8242009132420092,0.984251968503937,Extreme Fear,18.0
0x7f4f299f74eec87806a830e3caa9afa5f2b9db8f,2025-04-10,105,-372.76464,60,28,6134.571428571428,644130.0,38,67,0.5671641791044776,0.4666666666666667,Fear,39.0
0x7f4f299f74eec87806a830e3caa9afa5f2b9db8f,2025-04-11,279,2550.108815,136,136,2348.0045519713262,655093.27,62,217,0.2857142857142857,1.0,Fear,25.0
0x7f4f299f74eec87806a830e3caa9afa5f2b9db8f,2025-04-12,120,303.170149,69,69,3633.2355833333336,435988.27,76,44,1.7272727272727273,1.0,Fear,43.0
0x7f4f299f74eec87806a830e3caa9afa5f2b9db8f,2025-04-13,94,355.09,11,10,4544.766489361702,427208.05,80,14,5.714285714285714,0.9090909090909091,Neutral,45.0
0x7f4f299f74eec87806a830e3caa9afa5f2b9db8f,2025-04-17,34,425.687612,16,16,7388.688823529412,251215.42,16,18,0.8888888888888888,1.0,Fear,30.0
0x7f4f299f74eec87806a830e3caa9afa5f2b9db8f,2025-04-22,5,119.0,4,4,36540.202000000005,182701.01,4,1,4.0,1.0,Neutral,47.0
0x8170715b3b381dffb7062c0298972d4727a0a63b,2024-12-17,14,0.0,0,0,2142.7757142857145,29998.86,14,0,,,Extreme Greed,87.0
0x8170715b3b381dffb7062c0298972d4727a0a63b,2024-12-18,1,0.0,0,0,4999.94,4999.94,1,0,,,Extreme Greed,81.0
0x8170715b3b381dffb7062c0298972d4727a0a63b,2024-12-27,29,453.853206,5,5,862.0348275862068,24999.01,0,29,0.0,1.0,Greed,74.0
0x8170715b3b381dffb7062c0298972d4727a0a63b,2024-12-28,1,343.092145,1,1,4999.89,4999.89,0,1,0.0,1.0,Greed,72.0
0x8170715b3b381dffb7062c0298972d4727a0a63b,2024-12-29,4,768.814445,4,4,1918.2925,7673.17,3,1,3.0,1.0,Greed,73.0
0x8170715b3b381dffb7062c0298972d4727a0a63b,2024-12-30,6,1211.511836,6,6,946.8850000000001,5681.31,6,0,,1.0,Greed,65.0
0x8170715b3b381dffb7062c0298972d4727a0a63b,2024-12-31,3,306.563532,3,3,342.82,1028.46,3,0,,1.0,Greed,64.0
0x8170715b3b381dffb7062c0298972d4727a0a63b,2025-01-02,3,739.18423,3,3,1004.1633333333334,3012.4900000000002,3,0,,1.0,Greed,70.0
0x8170715b3b381dffb7062c0298972d4727a0a63b,2025-01-22,6,-179.521683,6,0,1873.8216666666667,11242.93,0,6,0.0,0.0,Extreme Greed,84.0
0x8170715b3b381dffb7062c0298972d4727a0a63b,2025-01-25,29,-18956.391598000002,29,5,4484.771379310345,130058.37,26,3,8.666666666666666,0.1724137931034483,Extreme Greed,75.0
0x8170715b3b381dffb7062c0298972d4727a0a63b,2025-01-26,26,0.0,0,0,961.5796153846154,25001.07,0,26,0.0,,Greed,73.0
0x8170715b3b381dffb7062c0298972d4727a0a63b,2025-01-27,22,0.0,0,0,681.8109090909091,14999.84,0,22,0.0,,Greed,71.0
0x8170715b3b381dffb7062c0298972d4727a0a63b,2025-01-28,17,0.0,0,0,588.2223529411765,9999.78,0,17,0.0,,Greed,72.0
0x8170715b3b381dffb7062c0298972d4727a0a63b,2025-01-29,7,0.0,0,0,999.9485714285714,6999.64,0,7,0.0,,Greed,72.0
0x8170715b3b381dffb7062c0298972d4727a0a63b,2025-01-30,37,0.0,0,0,486.4764864864865,17999.63,0,37,0.0,,Greed,70.0
0x8170715b3b381dffb7062c0298972d4727a0a63b,2025-01-31,48,0.0,0,0,625.6752083333333,30032.41,0,48,0.0,,Extreme Greed,76.0
0x8170715b3b381dffb7062c0298972d4727a0a63b,2025-02-01,18,0.0,0,0,773.4088888888889,13921.36,0,18,0.0,,Greed,68.0
0x8170715b3b381dffb7062c0298972d4727a0a63b,2025-02-02,30,0.0,0,0,1333.3373333333334,40000.12,0,30,0.0,,Greed,60.0
0x8170715b3b381dffb7062c0298972d4727a0a63b,2025-02-03,119,13770.715332,96,96,355.00016806722687,42245.02,96,23,4.173913043478261,1.0,Fear,44.0
0x8170715b3b381dffb7062c0298972d4727a0a63b,2025-02-04,45,0.0,0,0,676.7046666666666,30451.71,0,45,0.0,,Greed,72.0
0x8170715b3b381dffb7062c0298972d4727a0a63b,2025-02-05,25,0.0,0,0,599.9928,14999.82,0,25,0.0,,Neutral,54.0
0x8170715b3b381dffb7062c0298972d4727a0a63b,2025-02-06,17,0.0,0,0,470.57411764705876,7999.759999999999,0,17,0.0,,Neutral,49.0
0x8170715b3b381dffb7062c0298972d4727a0a63b,2025-02-07,9,0.0,0,0,666.651111111111,5999.86,0,9,0.0,,Fear,44.0
0x8170715b3b381dffb7062c0298972d4727a0a63b,2025-02-08,5,0.0,0,0,999.984,4999.92,0,5,0.0,,Fear,44.0
0x8170715b3b381dffb7062c0298972d4727a0a63b,2025-02-09,87,0.0,0,0,137.93471264367815,12000.32,0,87,0.0,,Neutral,46.0
0x8170715b3b381dffb7062c0298972d4727a0a63b,2025-02-10,85,24.634532000000036,65,29,698.8723529411765,59404.15,65,20,3.25,0.4461538461538462,Fear,43.0
0x8170715b3b381dffb7062c0298972d4727a0a63b,2025-02-11,13,0.0,0,0,769.2253846153847,9999.93,0,13,0.0,,Neutral,47.0
0x8170715b3b381dffb7062c0298972d4727a0a63b,2025-02-12,23,0.0,0,0,1086.9421739130435,24999.670000000002,0,23,0.0,,Neutral,46.0
0x8170715b3b381dffb7062c0298972d4727a0a63b,2025-02-13,46,-3556.3882559999997,16,0,947.7369565217392,43595.9,16,30,0.5333333333333333,0.0,Neutral,50.0
0x8170715b3b381dffb7062c0298972d4727a0a63b,2025-02-14,311,8781.96,105,82,2726.2494855305467,847863.59,124,187,0.6631016042780749,0.780952380952381,Neutral,48.0
0x8170715b3b381dffb7062c0298972d4727a0a63b,2025-02-15,179,35346.87108,161,154,2418.771340782123,432960.07,50,129,0.3875968992248062,0.9565217391304348,Neutral,50.0
0x8170715b3b381dffb7062c0298972d4727a0a63b,2025-02-16,3,0.0,0,0,3333.296666666667,9999.890000000001,0,3,0.0,,Neutral,54.0
0x8170715b3b381dffb7062c0298972d4727a0a63b,2025-02-17,6,0.0,0,0,2503.1749999999997,15019.05,0,6,0.0,,Neutral,51.0
0x8170715b3b381dffb7062c0298972d4727a0a63b,2025-02-18,13,0.0,0,0,1923.0538461538463,24999.7,0,13,0.0,,Neutral,47.0
0x8170715b3b381dffb7062c0298972d4727a0a63b,2025-02-19,17,0.0,0,0,882.3423529411765,14999.82,0,17,0.0,,Fear,44.0
0x8170715b3b381dffb7062c0298972d4727a0a63b,2025-02-20,31,0.0,0,0,1129.0251612903226,34999.78,0,31,0.0,,Neutral,49.0
0x8170715b3b381dffb7062c0298972d4727a0a63b,2025-02-21,38,0.0,0,0,657.8865789473684,24999.690000000002,0,38,0.0,,Greed,55.0
0x8170715b3b381dffb7062c0298972d4727a0a63b,2025-02-23,4,0.0,0,0,1249.98,4999.92,0,4,0.0,,Neutral,50.0
0x8170715b3b381dffb7062c0298972d4727a0a63b,2025-02-25,39,8698.883848,39,39,641.0223076923077,24999.87,39,0,,1.0,Fear,25.0
0x8170715b3b381dffb7062c0298972d4727a0a63b,2025-02-26,1,2225.835732,1,1,4999.92,4999.92,1,0,,1.0,Extreme Fear,21.0
0x8170715b3b381dffb7062c0298972d4727a0a63b,2025-02-28,7,3309.75,7,7,714.2857142857143,5000.0,7,0,,1.0,Extreme Fear,16.0
0x8170715b3b381dffb7062c0298972d4727a0a63b,2025-03-02,2,0.0,0,0,2499.975,4999.95,0,2,0.0,,Fear,26.0
0x8170715b3b381dffb7062c0298972d4727a0a63b,2025-03-03,8,0.0,0,0,624.99375,4999.95,0,8,0.0,,Fear,33.0
0x8170715b3b381dffb7062c0298972d4727a0a63b,2025-03-04,16,6939.47356,13,13,937.494375,14999.91,13,3,4.333333333333333,1.0,Extreme Fear,15.0
0x8170715b3b381dffb7062c0298972d4727a0a63b,2025-03-07,12,0.0,0,0,12499.980833333333,149999.77,12,0,,,Fear,34.0
0x8170715b3b381dffb7062c0298972d4727a0a63b,2025-03-08,38,0.0,0,0,2631.5215789473687,99997.82,38,0,,,Fear,28.0
0x8170715b3b381dffb7062c0298972d4727a0a63b,2025-03-09,5,3677.4965580000003,5,5,999.99,4999.95,5,0,,1.0,Fear,27.0
0x8170715b3b381dffb7062c0298972d4727a0a63b,2025-03-10,14,4297.3227640000005,5,5,3928.565714285714,54999.92,14,0,,1.0,Extreme Fear,20.0
0x8170715b3b381dffb7062c0298972d4727a0a63b,2025-03-11,8,0.0,0,0,624.9925000000001,4999.9400000000005,0,8,0.0,,Extreme Fear,24.0
0x8170715b3b381dffb7062c0298972d4727a0a63b,2025-03-12,11,-2493.849701,1,0,4999.932727272728,54999.26,0,11,0.0,0.0,Fear,34.0
0x8170715b3b381dffb7062c0298972d4727a0a63b,2025-03-13,37,0.0,0,0,1891.8805405405406,69999.58,26,11,2.3636363636363638,,Neutral,45.0
0x8170715b3b381dffb7062c0298972d4727a0a63b,2025-03-14,1,584.05178,1,1,9999.89,9999.89,0,1,0.0,1.0,Fear,27.0
0x8170715b3b381dffb7062c0298972d4727a0a63b,2025-03-15,18,763.755281,13,3,2222.1133333333332,39998.04,0,18,0.0,0.23076923076923078,Neutral,46.0
0x8170715b3b381dffb7062c0298972d4727a0a63b,2025-03-16,7,8368.226125000001,7,6,2856.945714285714,19998.62,6,1,6.0,0.8571428571428571,Fear,30.0
0x8170715b3b381dffb7062c0298972d4727a0a63b,2025-03-17,72,0.0,0,0,1527.7720833333333,109999.59,0,72,0.0,,Fear,32.0
0x8170715b3b381dffb7062c0298972d4727a0a63b,2025-03-18,59,0.0,0,0,1274.653559322034,75204.56,0,59,0.0,,Fear,34.0
0x8170715b3b381dffb7062c0298972d4727a0a63b,2025-03-19,109,3036.68886,9,9,1511.8720183486237,164794.05,0,109,0.0,1.0,Fear,32.0
0x8170715b3b381dffb7062c0298972d4727a0a63b,2025-03-20,12,652.062115,5,3,7589.970833333334,91079.65000000001,0,12,0.0,0.6,Neutral,49.0
0x8170715b3b381dffb7062c0298972d4727a0a63b,2025-03-22,19,3082.76165,19,19,526.312105263158,9999.93,19,0,,1.0,Fear,32.0
0x8170715b3b381dffb7062c0298972d4727a0a63b,2025-03-23,2,3464.777168,2,2,4999.96,9999.92,2,0,,1.0,Fear,30.0
0x8170715b3b381dffb7062c0298972d4727a0a63b,2025-03-24,47,2838.532396,47,41,2021.1748936170213,94995.22,9,38,0.23684210526315788,0.8723404255319149,Neutral,45.0
0x8170715b3b381dffb7062c0298972d4727a0a63b,2025-03-25,6,2164.09548,6,6,6666.248333333334,39997.490000000005,0,6,0.0,1.0,Neutral,46.0
0x8170715b3b381dffb7062c0298972d4727a0a63b,2025-03-26,1,619.572648,1,1,9998.76,9998.76,0,1,0.0,1.0,Neutral,47.0
0x8170715b3b381dffb7062c0298972d4727a0a63b,2025-03-27,64,26714.79759,62,62,1071.89515625,68601.29,62,2,31.0,1.0,Fear,40.0
0x8170715b3b381dffb7062c0298972d4727a0a63b,2025-03-28,29,13956.614828,29,29,1137.9037931034482,32999.21,29,0,,1.0,Fear,44.0
0x8170715b3b381dffb7062c0298972d4727a0a63b,2025-03-29,86,19573.830158,44,44,1162.7798837209302,99999.07,86,0,,1.0,Fear,26.0
0x8170715b3b381dffb7062c0298972d4727a0a63b,2025-03-30,31,9683.820194,17,15,2259.391935483871,70041.15,29,2,14.5,0.8823529411764706,Fear,32.0
0x8170715b3b381dffb7062c0298972d4727a0a63b,2025-03-31,8,5544.028638,6,6,4999.98625,39999.89,8,0,,1.0,Fear,34.0
0x8170715b3b381dffb7062c0298972d4727a0a63b,2025-04-01,13,4004.50286,12,12,9495.466153846153,123441.06,0,13,0.0,1.0,Fear,34.0
0x8170715b3b381dffb7062c0298972d4727a0a63b,2025-04-02,7,8045.056928,7,7,2142.8557142857144,14999.990000000002,7,0,,1.0,Fear,44.0
0x8170715b3b381dffb7062c0298972d4727a0a63b,2025-04-03,85,0.0,0,0,5629.0912941176475,478472.76,58,27,2.1481481481481484,,Fear,25.0
0x8170715b3b381dffb7062c0298972d4727a0a63b,2025-04-04,68,4805.345609999999,7,7,932.0805882352942,63381.48,12,56,0.21428571428571427,1.0,Fear,28.0
0x8170715b3b381dffb7062c0298972d4727a0a63b,2025-04-06,14,17621.701092,8,8,13571.328571428572,189998.6,14,0,,1.0,Fear,34.0
0x8170715b3b381dffb7062c0298972d4727a0a63b,2025-04-07,51,0.0,0,0,2744.2062745098037,139954.52,0,51,0.0,,Extreme Fear,23.0
0x8170715b3b381dffb7062c0298972d4727a0a63b,2025-04-08,8,0.0,0,0,18749.877500000002,149999.02000000002,8,0,,,Extreme Fear,24.0
0x8170715b3b381dffb7062c0298972d4727a0a63b,2025-04-09,54,-4058.8889249999997,29,18,8168.482037037037,441098.03,5,49,0.10204081632653061,0.6206896551724138,Extreme Fear,18.0
0x8170715b3b381dffb7062c0298972d4727a0a63b,2025-04-10,89,4596.960442,46,44,3151.4488764044945,280478.95,0,89,0.0,0.9565217391304348,Fear,39.0
0x8170715b3b381dffb7062c0298972d4727a0a63b,2025-04-11,238,-9584.869233000001,47,0,2846.985294117647,677582.5,0,238,0.0,0.0,Fear,25.0
0x8170715b3b381dffb7062c0298972d4727a0a63b,2025-04-12,22,0.0,0,0,2727.2445454545455,59999.380000000005,0,22,0.0,,Fear,43.0
0x8170715b3b381dffb7062c0298972d4727a0a63b,2025-04-13,18,0.0,0,0,2222.144444444444,39998.6,0,18,0.0,,Neutral,45.0
0x8170715b3b381dffb7062c0298972d4727a0a63b,2025-04-15,77,3204.26268,77,77,2727.2429870129868,209997.71,77,0,,1.0,Fear,38.0
0x8170715b3b381dffb7062c0298972d4727a0a63b,2025-04-16,39,912.29492,1,1,3846.1415384615384,149999.52,1,38,0.02631578947368421,1.0,Fear,29.0
0x8170715b3b381dffb7062c0298972d4727a0a63b,2025-04-17,96,0.0,0,0,1979.1661458333335,189999.95,0,96,0.0,,Fear,30.0
0x8170715b3b381dffb7062c0298972d4727a0a63b,2025-04-18,46,0.0,0,0,3541.02152173913,162886.99,0,46,0.0,,Fear,33.0
0x8170715b3b381dffb7062c0298972d4727a0a63b,2025-04-19,96,0.0,0,0,3511.545208333333,337108.33999999997,0,96,0.0,,Fear,32.0
0x8170715b3b381dffb7062c0298972d4727a0a63b,2025-04-21,18,0.0,0,0,2652.518888888889,47745.34,0,18,0.0,,Fear,39.0
0x8170715b3b381dffb7062c0298972d4727a0a63b,2025-04-22,49,0.0,0,0,3515.344081632653,172251.86,0,49,0.0,,Neutral,47.0
0x8170715b3b381dffb7062c0298972d4727a0a63b,2025-04-23,1242,-358963.139984,1171,848,2010.350297906602,2496855.07,1171,71,16.492957746478872,0.7241673783091375,Greed,72.0
0x8170715b3b381dffb7062c0298972d4727a0a63b,2025-04-24,58,398.646746,54,32,1319.3956896551724,76524.95,54,4,13.5,0.5925925925925926,Greed,63.0
0x8170715b3b381dffb7062c0298972d4727a0a63b,2025-04-25,39,-1335.115406,15,2,1526.0666666666666,59516.6,15,24,0.625,0.13333333333333333,Greed,60.0
0x8170715b3b381dffb7062c0298972d4727a0a63b,2025-04-26,16,-3925.864943,16,0,2147.34125,34357.46,16,0,,0.0,Greed,65.0
0x8170715b3b381dffb7062c0298972d4727a0a63b,2025-04-27,12,-99.444041,12,0,768.4525,9221.43,12,0,,0.0,Greed,61.0
0x8381e6d82f1affd39a336e143e081ef7620a3b7f,2024-11-29,3,0.0,0,0,668.3,2004.8999999999999,3,0,,,Extreme Greed,78.0
0x8381e6d82f1affd39a336e143e081ef7620a3b7f,2024-12-01,3,0.0,0,0,999.5866666666667,2998.76,3,0,,,Extreme Greed,81.0
0x8381e6d82f1affd39a336e143e081ef7620a3b7f,2024-12-02,6,0.0,0,0,340.65333333333336,2043.92,6,0,,,Extreme Greed,80.0
0x8381e6d82f1affd39a336e143e081ef7620a3b7f,2024-12-04,10,33.26141600000001,5,2,669.609,6696.09,5,5,1.0,0.4,Extreme Greed,78.0
0x8381e6d82f1affd39a336e143e081ef7620a3b7f,2024-12-05,2,0.0,0,0,294.265,588.53,2,0,,,Extreme Greed,84.0
0x8381e6d82f1affd39a336e143e081ef7620a3b7f,2024-12-06,1,0.0,0,0,292.11,292.11,1,0,,,Greed,72.0
0x8381e6d82f1affd39a336e143e081ef7620a3b7f,2024-12-07,3,0.0,0,0,1021.2966666666667,3063.8900000000003,3,0,,,Extreme Greed,75.0
0x8381e6d82f1affd39a336e143e081ef7620a3b7f,2024-12-08,5,-21.54374,2,0,984.758,4923.79,3,2,1.5,0.0,Extreme Greed,79.0
0x8381e6d82f1affd39a336e143e081ef7620a3b7f,2024-12-09,4,0.0,0,0,440.95,1763.8,4,0,,,Extreme Greed,78.0
0x8381e6d82f1affd39a336e143e081ef7620a3b7f,2024-12-10,1,0.0,0,0,587.97,587.97,1,0,,,Extreme Greed,78.0
0x8381e6d82f1affd39a336e143e081ef7620a3b7f,2024-12-13,3,0.0,0,0,128.88333333333333,386.65,3,0,,,Extreme Greed,76.0
0x8381e6d82f1affd39a336e143e081ef7620a3b7f,2024-12-15,5,0.0,0,0,739.626,3698.13,5,0,,,Extreme Greed,80.0
0x8381e6d82f1affd39a336e143e081ef7620a3b7f,2024-12-19,1,0.0,0,0,1399.11,1399.11,1,0,,,Extreme Greed,75.0
0x8381e6d82f1affd39a336e143e081ef7620a3b7f,2024-12-22,1,0.0,0,0,2815.79,2815.79,1,0,,,Greed,73.0
0x8381e6d82f1affd39a336e143e081ef7620a3b7f,2024-12-23,6,0.0,0,0,2855.656666666667,17133.940000000002,6,0,,,Greed,70.0
0x8381e6d82f1affd39a336e143e081ef7620a3b7f,2024-12-26,2,0.0,0,0,1914.0,3828.0,2,0,,,Extreme Greed,79.0
0x8381e6d82f1affd39a336e143e081ef7620a3b7f,2025-01-01,5,0.0,0,0,200.802,1004.01,5,0,,,Greed,66.0
0x8381e6d82f1affd39a336e143e081ef7620a3b7f,2025-01-04,2,0.0,0,0,710.865,1421.73,2,0,,,Greed,73.0
0x8381e6d82f1affd39a336e143e081ef7620a3b7f,2025-01-05,1,0.0,0,0,456.83,456.83,1,0,,,Greed,72.0
0x8381e6d82f1affd39a336e143e081ef7620a3b7f,2025-01-09,4,0.0,0,0,1509.6399999999999,6038.5599999999995,4,0,,,Greed,69.0
0x8381e6d82f1affd39a336e143e081ef7620a3b7f,2025-01-18,7,0.0,0,0,2950.0099999999998,20650.07,7,0,,,Extreme Greed,77.0
0x8381e6d82f1affd39a336e143e081ef7620a3b7f,2025-01-25,25,0.0,0,0,3223.1059999999998,80577.65,25,0,,,Extreme Greed,75.0
0x8381e6d82f1affd39a336e143e081ef7620a3b7f,2025-01-26,123,38294.693499,82,82,7578.344634146341,932136.39,56,67,0.835820895522388,1.0,Greed,73.0
0x8381e6d82f1affd39a336e143e081ef7620a3b7f,2025-01-27,2,0.0,0,0,4443.99,8887.98,2,0,,,Greed,71.0
0x8381e6d82f1affd39a336e143e081ef7620a3b7f,2025-02-02,19,0.0,0,0,1943.7873684210526,36931.96,19,0,,,Greed,60.0
0x8381e6d82f1affd39a336e143e081ef7620a3b7f,2025-02-03,8,0.0,0,0,2351.285,18810.28,8,0,,,Fear,44.0
0x8381e6d82f1affd39a336e143e081ef7620a3b7f,2025-02-04,104,9167.620989,49,49,58124.15365384616,6044911.98,55,49,1.1224489795918366,1.0,Greed,72.0
0x8381e6d82f1affd39a336e143e081ef7620a3b7f,2025-02-05,327,1843.301845,155,126,2347.8439143730884,767744.96,172,155,1.1096774193548387,0.8129032258064516,Neutral,54.0
0x8381e6d82f1affd39a336e143e081ef7620a3b7f,2025-02-06,167,71.77363,54,39,1881.207604790419,314161.67,113,54,2.0925925925925926,0.7222222222222222,Neutral,49.0
0x8381e6d82f1affd39a336e143e081ef7620a3b7f,2025-02-09,103,1259.5314,23,23,6879.689611650486,708608.03,23,80,0.2875,1.0,Neutral,46.0
0x8381e6d82f1affd39a336e143e081ef7620a3b7f,2025-02-10,10,0.0,0,0,1089.435,10894.349999999999,10,0,,,Fear,43.0
0x8381e6d82f1affd39a336e143e081ef7620a3b7f,2025-02-11,211,109.90750199999998,97,80,2385.7656398104264,503396.55,114,97,1.175257731958763,0.8247422680412371,Neutral,47.0
0x8381e6d82f1affd39a336e143e081ef7620a3b7f,2025-02-12,81,2760.439779,57,57,12390.793456790123,1003654.27,24,57,0.42105263157894735,1.0,Neutral,46.0
0x8381e6d82f1affd39a336e143e081ef7620a3b7f,2025-02-13,42,1998.702085,42,42,2039.3888095238096,85654.33,0,42,0.0,1.0,Neutral,50.0
0x8381e6d82f1affd39a336e143e081ef7620a3b7f,2025-02-14,40,27.247837999999998,11,11,445.2165,17808.66,29,11,2.6363636363636362,1.0,Neutral,48.0
0x8381e6d82f1affd39a336e143e081ef7620a3b7f,2025-02-16,80,559.647247,34,34,1368.858375,109508.67,46,34,1.3529411764705883,1.0,Neutral,54.0
0x8381e6d82f1affd39a336e143e081ef7620a3b7f,2025-02-17,105,64.346683,17,17,1112.2542857142857,116786.7,88,17,5.176470588235294,1.0,Neutral,51.0
0x8381e6d82f1affd39a336e143e081ef7620a3b7f,2025-02-18,177,3981.044269,27,27,1466.1342937853108,259505.77,150,27,5.555555555555555,1.0,Neutral,47.0
0x8381e6d82f1affd39a336e143e081ef7620a3b7f,2025-02-21,8,8995.13393,8,8,15859.55,126876.4,0,8,0.0,1.0,Greed,55.0
0x8381e6d82f1affd39a336e143e081ef7620a3b7f,2025-02-23,40,0.0,0,0,472.709,18908.36,40,0,,,Neutral,50.0
0x8381e6d82f1affd39a336e143e081ef7620a3b7f,2025-02-24,44,0.0,0,0,1894.8688636363636,83374.23,44,0,,,Neutral,49.0
0x8381e6d82f1affd39a336e143e081ef7620a3b7f,2025-02-25,4,0.0,0,0,3685.7825,14743.13,4,0,,,Fear,25.0
0x8381e6d82f1affd39a336e143e081ef7620a3b7f,2025-03-26,1,0.0,0,0,1134.46,1134.46,1,0,,,Neutral,47.0
0x8381e6d82f1affd39a336e143e081ef7620a3b7f,2025-04-07,26,-4968.487948,15,0,7609.877692307693,197856.82,14,12,1.1666666666666667,0.0,Extreme Fear,23.0
0x8381e6d82f1affd39a336e143e081ef7620a3b7f,2025-04-08,23,142.99159,10,10,3984.7504347826084,91649.26,10,13,0.7692307692307693,1.0,Extreme Fear,24.0
0x8381e6d82f1affd39a336e143e081ef7620a3b7f,2025-04-11,3,0.0,0,0,6864.066666666667,20592.2,3,0,,,Fear,25.0
0x8381e6d82f1affd39a336e143e081ef7620a3b7f,2025-04-12,8,202.27562,8,8,2599.29625,20794.37,0,8,0.0,1.0,Fear,43.0
0x8381e6d82f1affd39a336e143e081ef7620a3b7f,2025-04-19,22,56.13971,11,11,665.6886363636363,14645.15,11,11,1.0,1.0,Fear,32.0
0x8381e6d82f1affd39a336e143e081ef7620a3b7f,2025-04-22,2,284.16768,1,1,66188.125,132376.25,1,1,1.0,1.0,Neutral,47.0
0x8381e6d82f1affd39a336e143e081ef7620a3b7f,2025-04-23,4,0.0,0,0,17801.63,71206.52,4,0,,,Greed,72.0
0x8381e6d82f1affd39a336e143e081ef7620a3b7f,2025-04-26,3,505.40523,3,1,23903.97666666667,71711.93000000001,0,3,0.0,0.3333333333333333,Greed,65.0
0x8381e6d82f1affd39a336e143e081ef7620a3b7f,2025-04-27,13,33.061386999999996,2,2,1032.253846153846,13419.3,11,2,5.5,1.0,Greed,61.0
0x8381e6d82f1affd39a336e143e081ef7620a3b7f,2025-04-28,10,0.0,0,0,799.756,7997.5599999999995,10,0,,,Neutral,54.0
0x8381e6d82f1affd39a336e143e081ef7620a3b7f,2025-04-29,1,112.996265,1,1,8110.65,8110.65,0,1,0.0,1.0,Greed,60.0
0x8477e447846c758f5a675856001ea72298fd9cb5,2024-05-23,305,413.347329,156,145,1074.7592786885245,327801.58,186,119,1.5630252100840336,0.9294871794871795,Extreme Greed,76.0
0x8477e447846c758f5a675856001ea72298fd9cb5,2024-05-25,14,14.126038999999999,5,5,355.9985714285714,4983.98,5,9,0.5555555555555556,1.0,Extreme Greed,76.0
0x8477e447846c758f5a675856001ea72298fd9cb5,2024-05-26,7,5.2257,2,2,459.03142857142853,3213.22,2,5,0.4,1.0,Extreme Greed,75.0
0x8477e447846c758f5a675856001ea72298fd9cb5,2024-05-27,251,1129.35587,93,90,602.0546613545816,151115.72,93,158,0.5886075949367089,0.967741935483871,Greed,74.0
0x8477e447846c758f5a675856001ea72298fd9cb5,2024-05-29,159,277.791953,71,68,337.7447798742138,53701.42,62,97,0.6391752577319587,0.9577464788732394,Greed,72.0
0x8477e447846c758f5a675856001ea72298fd9cb5,2024-05-30,7,20.951433,5,5,405.4414285714286,2838.09,5,2,2.5,1.0,Greed,73.0
0x8477e447846c758f5a675856001ea72298fd9cb5,2024-05-31,13,25.35812,4,4,279.70307692307694,3636.14,4,9,0.4444444444444444,1.0,Greed,73.0
0x8477e447846c758f5a675856001ea72298fd9cb5,2024-06-01,25,91.510419,9,9,513.3848,12834.62,9,16,0.5625,1.0,Greed,72.0
0x8477e447846c758f5a675856001ea72298fd9cb5,2024-06-02,93,192.906947,34,34,316.822688172043,29464.51,34,59,0.576271186440678,1.0,Greed,73.0
0x8477e447846c758f5a675856001ea72298fd9cb5,2024-06-03,70,562.808208,44,44,306.66942857142857,21466.86,44,26,1.6923076923076923,1.0,Greed,73.0
0x8477e447846c758f5a675856001ea72298fd9cb5,2024-06-04,53,52.211438,25,25,457.42283018867926,24243.41,25,28,0.8928571428571429,1.0,Greed,73.0
0x8477e447846c758f5a675856001ea72298fd9cb5,2024-06-05,54,56.055506,17,16,469.4587037037037,25350.77,17,37,0.4594594594594595,0.9411764705882353,Extreme Greed,75.0
0x8477e447846c758f5a675856001ea72298fd9cb5,2024-06-06,234,274.173187,102,100,587.8536752136753,137557.76,102,132,0.7727272727272727,0.9803921568627451,Extreme Greed,78.0
0x8477e447846c758f5a675856001ea72298fd9cb5,2024-06-07,374,1573.244278,148,146,832.9677272727273,311529.93,128,246,0.5203252032520326,0.9864864864864865,Extreme Greed,77.0
0x8477e447846c758f5a675856001ea72298fd9cb5,2024-06-08,22,129.13883900000002,8,8,2379.510454545454,52349.229999999996,14,8,1.75,1.0,Greed,72.0
0x8477e447846c758f5a675856001ea72298fd9cb5,2024-06-10,49,31.266804999999998,18,18,460.97204081632657,22587.63,18,31,0.5806451612903226,1.0,Greed,72.0
0x8477e447846c758f5a675856001ea72298fd9cb5,2024-06-11,27,51.081143,9,9,696.6096296296296,18808.46,18,9,2.0,1.0,Greed,74.0
0x8477e447846c758f5a675856001ea72298fd9cb5,2024-06-12,217,-21886.531493,78,21,884.2718433179723,191886.99,78,139,0.5611510791366906,0.2692307692307692,Greed,72.0
0x8477e447846c758f5a675856001ea72298fd9cb5,2024-07-17,335,1859.269477,155,145,1346.5090746268656,451080.54,155,180,0.8611111111111112,0.9354838709677419,Greed,69.0
0x8477e447846c758f5a675856001ea72298fd9cb5,2024-07-18,7,1233.9043470000001,7,7,1049.82,7348.74,7,0,,1.0,Greed,61.0
0x8477e447846c758f5a675856001ea72298fd9cb5,2024-07-19,7,35.79975,1,1,592.3885714285715,4146.72,1,6,0.16666666666666666,1.0,Greed,60.0
0x8477e447846c758f5a675856001ea72298fd9cb5,2024-07-20,257,2169.508265,32,29,562.1888715953307,144482.54,32,225,0.14222222222222222,0.90625,Greed,74.0
0x8477e447846c758f5a675856001ea72298fd9cb5,2024-07-21,445,-2960.716887,236,21,427.66804494382023,190312.28,236,209,1.1291866028708133,0.08898305084745763,Greed,74.0
0x8477e447846c758f5a675856001ea72298fd9cb5,2024-07-22,133,-756.173134,93,9,593.273909774436,78905.43,93,40,2.325,0.0967741935483871,Greed,70.0
0x8477e447846c758f5a675856001ea72298fd9cb5,2024-07-23,139,1805.309858,135,100,640.1771942446044,88984.63,135,4,33.75,0.7407407407407407,Greed,71.0
0x8477e447846c758f5a675856001ea72298fd9cb5,2024-07-24,29,625.561479,18,18,1215.0548275862068,35236.59,18,11,1.6363636363636365,1.0,Greed,69.0
0x8477e447846c758f5a675856001ea72298fd9cb5,2024-07-26,111,341.250124,32,32,1316.2212612612611,146100.56,32,79,0.4050632911392405,1.0,Greed,68.0
0x8477e447846c758f5a675856001ea72298fd9cb5,2024-07-27,5,0.0,0,0,888.552,4442.76,0,5,0.0,,Greed,72.0
0x8477e447846c758f5a675856001ea72298fd9cb5,2024-07-28,13,587.29903,12,12,865.7684615384616,11254.99,12,1,12.0,1.0,Greed,71.0
0x8477e447846c758f5a675856001ea72298fd9cb5,2024-07-29,15,217.857529,5,5,1797.1860000000001,26957.79,5,10,0.5,1.0,Greed,74.0
0x8477e447846c758f5a675856001ea72298fd9cb5,2024-07-31,40,765.690884,14,14,1112.535,44501.4,14,26,0.5384615384615384,1.0,Greed,61.0
0x8477e447846c758f5a675856001ea72298fd9cb5,2024-08-01,34,167.080017,7,4,1432.7749999999999,48714.35,25,9,2.7777777777777777,0.5714285714285714,Neutral,52.0
0x8477e447846c758f5a675856001ea72298fd9cb5,2024-08-02,15,228.247701,12,12,1984.4720000000002,29767.08,0,15,0.0,1.0,Greed,57.0
0x8477e447846c758f5a675856001ea72298fd9cb5,2024-08-03,1,464.1897,1,1,4534.09,4534.09,1,0,,1.0,Fear,37.0
0x8477e447846c758f5a675856001ea72298fd9cb5,2024-08-04,17,109.005815,3,3,2129.0517647058823,36193.88,14,3,4.666666666666667,1.0,Fear,34.0
0x8477e447846c758f5a675856001ea72298fd9cb5,2024-08-05,17,160.44369899999998,7,7,2357.7947058823524,40082.509999999995,10,7,1.4285714285714286,1.0,Fear,26.0
0x8477e447846c758f5a675856001ea72298fd9cb5,2024-08-09,69,151.092375,18,17,635.3107246376812,43836.44,18,51,0.35294117647058826,0.9444444444444444,Neutral,48.0
0x8477e447846c758f5a675856001ea72298fd9cb5,2024-08-20,4,0.0,0,0,1874.2325,7496.93,0,4,0.0,,Fear,30.0
0x8477e447846c758f5a675856001ea72298fd9cb5,2024-08-21,143,656.200925,54,54,720.2106993006994,102990.13,54,89,0.6067415730337079,1.0,Fear,26.0
0x8477e447846c758f5a675856001ea72298fd9cb5,2024-08-31,24,10.882801,13,12,312.76375,7506.33,7,17,0.4117647058823529,0.9230769230769231,Fear,29.0
0x8477e447846c758f5a675856001ea72298fd9cb5,2024-09-01,12,137.433093,5,5,1029.9733333333334,12359.68,7,5,1.4,1.0,Fear,26.0
0x8477e447846c758f5a675856001ea72298fd9cb5,2024-10-20,90,160.095271,6,6,624.6905555555555,56222.15,6,84,0.07142857142857142,1.0,Greed,73.0
0x8477e447846c758f5a675856001ea72298fd9cb5,2024-10-21,162,2464.915564,68,68,1074.6531481481481,174093.81,68,94,0.723404255319149,1.0,Greed,72.0
0x8477e447846c758f5a675856001ea72298fd9cb5,2024-10-29,16,801.170876,3,3,668.305625,10692.89,3,13,0.23076923076923078,1.0,Greed,72.0
0x8477e447846c758f5a675856001ea72298fd9cb5,2024-10-30,25,9.150023,8,7,473.23400000000004,11830.85,8,17,0.47058823529411764,0.875,Extreme Greed,77.0
0x8477e447846c758f5a675856001ea72298fd9cb5,2024-10-31,11,451.122034,11,11,1143.8036363636363,12581.84,11,0,,1.0,Extreme Greed,77.0
0x8477e447846c758f5a675856001ea72298fd9cb5,2024-11-09,77,102.90894,44,19,563.4285714285714,43384.0,44,33,1.3333333333333333,0.4318181818181818,Extreme Greed,75.0
0x8477e447846c758f5a675856001ea72298fd9cb5,2024-11-10,164,442.748384,45,45,1361.297987804878,223252.87,45,119,0.37815126050420167,1.0,Extreme Greed,78.0
0x8477e447846c758f5a675856001ea72298fd9cb5,2024-11-11,172,4876.874304,83,79,1907.2104069767443,328040.19,83,89,0.9325842696629213,0.9518072289156626,Extreme Greed,76.0
0x8477e447846c758f5a675856001ea72298fd9cb5,2024-11-12,91,1441.27965,30,22,1631.5342857142857,148469.62,30,61,0.4918032786885246,0.7333333333333333,Extreme Greed,80.0
0x8477e447846c758f5a675856001ea72298fd9cb5,2024-11-13,4,48.000187,2,2,1653.81,6615.24,2,2,1.0,1.0,Extreme Greed,84.0
0x8477e447846c758f5a675856001ea72298fd9cb5,2024-11-15,2,0.0,0,0,555.8050000000001,1111.6100000000001,0,2,0.0,,Extreme Greed,80.0
0x8477e447846c758f5a675856001ea72298fd9cb5,2024-11-16,30,870.746565,12,12,674.5303333333334,20235.91,12,18,0.6666666666666666,1.0,Extreme Greed,86.0
0x8477e447846c758f5a675856001ea72298fd9cb5,2024-11-17,20,175.061007,10,7,979.567,19591.34,10,10,1.0,0.7,Extreme Greed,90.0
0x8477e447846c758f5a675856001ea72298fd9cb5,2024-11-18,79,431.960709,27,27,968.6977215189872,76527.12,27,52,0.5192307692307693,1.0,Extreme Greed,83.0
0x8477e447846c758f5a675856001ea72298fd9cb5,2024-11-19,56,906.2475900000001,28,26,1511.193392857143,84626.83,28,28,1.0,0.9285714285714286,Extreme Greed,90.0
0x8477e447846c758f5a675856001ea72298fd9cb5,2024-11-20,32,447.920315,14,14,2027.2915625,64873.33,14,18,0.7777777777777778,1.0,Extreme Greed,83.0
0x8477e447846c758f5a675856001ea72298fd9cb5,2024-11-21,57,0.0,0,0,1398.0726315789473,79690.14,0,57,0.0,,Extreme Greed,82.0
0x8477e447846c758f5a675856001ea72298fd9cb5,2024-11-22,137,365.437929,61,52,2588.8760583941607,354676.02,60,77,0.7792207792207793,0.8524590163934426,Extreme Greed,94.0
0x8477e447846c758f5a675856001ea72298fd9cb5,2024-11-23,191,1439.449718,65,58,2003.0396858638744,382580.58,65,126,0.5158730158730159,0.8923076923076924,Extreme Greed,93.0
0x8477e447846c758f5a675856001ea72298fd9cb5,2024-11-24,70,391.890903,21,12,1866.554,130658.78,21,49,0.42857142857142855,0.5714285714285714,Extreme Greed,80.0
0x8477e447846c758f5a675856001ea72298fd9cb5,2024-11-28,6,0.0,0,0,416.6333333333334,2499.8,0,6,0.0,,Extreme Greed,77.0
0x8477e447846c758f5a675856001ea72298fd9cb5,2024-11-29,63,22697.489906,37,37,695.2509523809523,43800.81,9,54,0.16666666666666666,1.0,Extreme Greed,78.0
0x8477e447846c758f5a675856001ea72298fd9cb5,2024-11-30,76,40.699929,5,5,636.261447368421,48355.87,5,71,0.07042253521126761,1.0,Extreme Greed,84.0
0x8477e447846c758f5a675856001ea72298fd9cb5,2024-12-01,123,1169.432253,55,55,893.489918699187,109899.26,55,68,0.8088235294117647,1.0,Extreme Greed,81.0
0x8477e447846c758f5a675856001ea72298fd9cb5,2024-12-02,8,254.15562,1,1,1667.92875,13343.43,1,7,0.14285714285714285,1.0,Extreme Greed,80.0
0x8477e447846c758f5a675856001ea72298fd9cb5,2024-12-03,6,-158.695661,4,0,2708.735,16252.410000000002,4,2,2.0,0.0,Extreme Greed,76.0
0x8477e447846c758f5a675856001ea72298fd9cb5,2025-01-02,77,45.086985,10,10,332.6585714285714,25614.71,11,66,0.16666666666666666,1.0,Greed,70.0
0x8477e447846c758f5a675856001ea72298fd9cb5,2025-01-03,177,909.1721379999999,32,32,251.76581920903956,44562.55,37,140,0.2642857142857143,1.0,Greed,74.0
0x8477e447846c758f5a675856001ea72298fd9cb5,2025-01-04,51,30.818079,2,2,182.9343137254902,9329.65,2,49,0.04081632653061224,1.0,Greed,73.0
0x8477e447846c758f5a675856001ea72298fd9cb5,2025-01-05,51,151.429584,9,9,209.45666666666668,10682.29,9,42,0.21428571428571427,1.0,Greed,72.0
0x8477e447846c758f5a675856001ea72298fd9cb5,2025-01-06,266,272.131501,28,8,246.8388345864662,65659.13,28,238,0.11764705882352941,0.2857142857142857,Extreme Greed,76.0
0x8477e447846c758f5a675856001ea72298fd9cb5,2025-01-07,222,4334.417218,169,161,618.5525225225225,137318.66,186,36,5.166666666666667,0.9526627218934911,Extreme Greed,78.0
0x8477e447846c758f5a675856001ea72298fd9cb5,2025-01-08,390,1303.127763,131,128,410.6838717948718,160166.71,231,159,1.4528301886792452,0.9770992366412213,Greed,70.0
0x8477e447846c758f5a675856001ea72298fd9cb5,2025-01-09,222,123.72129899999999,37,21,448.987027027027,99675.12,46,176,0.26136363636363635,0.5675675675675675,Greed,69.0
0x8477e447846c758f5a675856001ea72298fd9cb5,2025-01-10,254,1189.078864,136,119,476.30413385826773,120981.25,178,76,2.3421052631578947,0.875,Neutral,50.0
0x8477e447846c758f5a675856001ea72298fd9cb5,2025-01-11,82,417.647169,18,17,435.32475609756096,35696.63,39,43,0.9069767441860465,0.9444444444444444,Greed,69.0
0x8477e447846c758f5a675856001ea72298fd9cb5,2025-01-12,15,0.0,0,0,332.6786666666667,4990.18,0,15,0.0,,Greed,62.0
0x8477e447846c758f5a675856001ea72298fd9cb5,2025-01-13,58,2060.162946,27,26,827.8527586206897,48015.46,41,17,2.411764705882353,0.9629629629629629,Greed,61.0
0x8477e447846c758f5a675856001ea72298fd9cb5,2025-01-14,13,82.032118,4,3,565.48,7351.24,3,10,0.3,0.75,Greed,63.0
0x8477e447846c758f5a675856001ea72298fd9cb5,2025-01-15,64,240.93138,30,28,456.34046875,29205.79,30,34,0.8823529411764706,0.9333333333333333,Greed,70.0
0x8477e447846c758f5a675856001ea72298fd9cb5,2025-01-16,34,218.26223099999999,11,6,471.515,16031.51,11,23,0.4782608695652174,0.5454545454545454,Extreme Greed,75.0
0x8477e447846c758f5a675856001ea72298fd9cb5,2025-01-17,13,43.69239,1,1,423.4723076923077,5505.14,1,12,0.08333333333333333,1.0,Extreme Greed,75.0
0x8477e447846c758f5a675856001ea72298fd9cb5,2025-01-18,40,1055.8044439999999,22,20,565.99425,22639.77,22,18,1.2222222222222223,0.9090909090909091,Extreme Greed,77.0
0x8477e447846c758f5a675856001ea72298fd9cb5,2025-01-19,13,0.0,0,0,508.26307692307694,6607.42,0,13,0.0,,Extreme Greed,77.0
0x8477e447846c758f5a675856001ea72298fd9cb5,2025-01-20,44,1876.265511,20,19,674.2861363636364,29668.59,21,23,0.9130434782608695,0.95,Extreme Greed,76.0
0x8477e447846c758f5a675856001ea72298fd9cb5,2025-01-21,206,201.672306,37,35,288.69718446601945,59471.62,37,169,0.21893491124260356,0.9459459459459459,Extreme Greed,76.0
0x8477e447846c758f5a675856001ea72298fd9cb5,2025-01-22,147,261.367634,29,13,590.73,86837.31,29,118,0.2457627118644068,0.4482758620689655,Extreme Greed,84.0
0x8477e447846c758f5a675856001ea72298fd9cb5,2025-01-23,275,7503.093009,147,129,646.8723272727273,177889.88999999998,152,123,1.2357723577235773,0.8775510204081632,Extreme Greed,75.0
0x8477e447846c758f5a675856001ea72298fd9cb5,2025-01-24,61,288.144978,2,2,349.93508196721314,21346.04,2,59,0.03389830508474576,1.0,Extreme Greed,75.0
0x8477e447846c758f5a675856001ea72298fd9cb5,2025-01-25,111,1125.196124,25,25,498.1863963963964,55298.69,25,86,0.29069767441860467,1.0,Extreme Greed,75.0
0x8477e447846c758f5a675856001ea72298fd9cb5,2025-01-26,96,444.464792,29,21,815.5705208333334,78294.77,29,67,0.43283582089552236,0.7241379310344828,Greed,73.0
0x8477e447846c758f5a675856001ea72298fd9cb5,2025-01-27,31,4321.583225,18,18,1396.8890322580644,43303.56,24,7,3.4285714285714284,1.0,Greed,71.0
0x8477e447846c758f5a675856001ea72298fd9cb5,2025-01-29,13,0.0,0,0,452.09615384615387,5877.25,2,11,0.18181818181818182,,Greed,72.0
0x8477e447846c758f5a675856001ea72298fd9cb5,2025-01-30,9,0.0,0,0,307.96333333333337,2771.67,0,9,0.0,,Greed,70.0
0x8477e447846c758f5a675856001ea72298fd9cb5,2025-01-31,66,151.311363,16,16,527.1548484848485,34792.22,15,51,0.29411764705882354,1.0,Extreme Greed,76.0
0x8477e447846c758f5a675856001ea72298fd9cb5,2025-02-01,60,1579.909758,34,29,615.154,36909.24,34,26,1.3076923076923077,0.8529411764705882,Greed,68.0
0x8477e447846c758f5a675856001ea72298fd9cb5,2025-02-02,60,1023.934713,16,15,1069.4091666666668,64164.55,58,2,29.0,0.9375,Greed,60.0
0x8477e447846c758f5a675856001ea72298fd9cb5,2025-02-03,138,1474.607584,67,67,1645.3448550724638,227057.59,71,67,1.0597014925373134,1.0,Fear,44.0
0x8477e447846c758f5a675856001ea72298fd9cb5,2025-02-04,6,0.0,0,0,462.50499999999994,2775.0299999999997,0,6,0.0,,Greed,72.0
0x8477e447846c758f5a675856001ea72298fd9cb5,2025-02-05,20,554.257954,12,12,554.9604999999999,11099.21,12,8,1.5,1.0,Neutral,54.0
0x8477e447846c758f5a675856001ea72298fd9cb5,2025-02-07,6,0.0,0,0,277.15333333333336,1662.92,0,6,0.0,,Fear,44.0
0x8477e447846c758f5a675856001ea72298fd9cb5,2025-02-08,8,131.753274,7,7,329.95875,2639.67,7,1,7.0,1.0,Fear,44.0
0x8477e447846c758f5a675856001ea72298fd9cb5,2025-02-09,65,312.034872,21,20,322.47153846153844,20960.649999999998,23,42,0.5476190476190477,0.9523809523809523,Neutral,46.0
0x8477e447846c758f5a675856001ea72298fd9cb5,2025-02-10,46,131.17446,8,7,585.3667391304348,26926.87,17,29,0.5862068965517241,0.875,Fear,43.0
0x8477e447846c758f5a675856001ea72298fd9cb5,2025-02-11,19,56.537437,5,5,569.5515789473684,10821.48,5,14,0.35714285714285715,1.0,Neutral,47.0
0x8477e447846c758f5a675856001ea72298fd9cb5,2025-02-12,30,299.669854,26,23,410.9486666666666,12328.46,26,4,6.5,0.8846153846153846,Neutral,46.0
0x8477e447846c758f5a675856001ea72298fd9cb5,2025-02-13,25,181.456277,11,11,264.2908,6607.2699999999995,11,14,0.7857142857142857,1.0,Neutral,50.0
0x8477e447846c758f5a675856001ea72298fd9cb5,2025-02-14,10,0.0,0,0,254.971,2549.71,0,10,0.0,,Neutral,48.0
0x8477e447846c758f5a675856001ea72298fd9cb5,2025-02-15,9,49.98382900000001,9,3,437.9866666666667,3941.88,9,0,,0.3333333333333333,Neutral,50.0
0x8477e447846c758f5a675856001ea72298fd9cb5,2025-02-16,1,0.0,0,0,555.02,555.02,0,1,0.0,,Neutral,54.0
0x8477e447846c758f5a675856001ea72298fd9cb5,2025-02-17,20,0.0,0,0,510.6405,10212.81,0,20,0.0,,Neutral,51.0
0x8477e447846c758f5a675856001ea72298fd9cb5,2025-02-18,23,950.815596,21,21,644.1191304347826,14814.74,21,2,10.5,1.0,Neutral,47.0
0x8477e447846c758f5a675856001ea72298fd9cb5,2025-02-19,9,0.0,0,0,832.99,7496.91,0,9,0.0,,Fear,44.0
0x8477e447846c758f5a675856001ea72298fd9cb5,2025-02-22,18,-80.922744,1,0,343.5022222222222,6183.04,1,17,0.058823529411764705,0.0,Neutral,49.0
0x8477e447846c758f5a675856001ea72298fd9cb5,2025-02-23,24,63.922728,1,1,574.5508333333333,13789.22,1,23,0.043478260869565216,1.0,Neutral,50.0
0x8477e447846c758f5a675856001ea72298fd9cb5,2025-02-24,55,1282.097568,38,35,874.9930909090909,48124.62,50,5,10.0,0.9210526315789473,Neutral,49.0
0x8477e447846c758f5a675856001ea72298fd9cb5,2025-02-25,4,0.0,0,0,1249.875,4999.5,4,0,,,Fear,25.0
0x8477e447846c758f5a675856001ea72298fd9cb5,2025-02-26,14,108.13869,1,1,642.3542857142858,8992.960000000001,0,14,0.0,1.0,Extreme Fear,21.0
0x8477e447846c758f5a675856001ea72298fd9cb5,2025-02-27,1,0.0,0,0,2499.69,2499.69,1,0,,,Extreme Fear,10.0
0x8477e447846c758f5a675856001ea72298fd9cb5,2025-02-28,19,268.367925,10,10,1126.7694736842104,21408.62,14,5,2.8,1.0,Extreme Fear,16.0
0x8477e447846c758f5a675856001ea72298fd9cb5,2025-03-03,68,468.35197800000003,31,23,575.8669117647058,39158.95,32,36,0.8888888888888888,0.7419354838709677,Fear,33.0
0x8477e447846c758f5a675856001ea72298fd9cb5,2025-03-04,8,54.2704,1,1,1117.82,8942.56,8,0,,1.0,Extreme Fear,15.0
0x8477e447846c758f5a675856001ea72298fd9cb5,2025-03-05,34,34.86435,4,4,543.1394117647059,18466.739999999998,0,34,0.0,1.0,Extreme Fear,20.0
0x8477e447846c758f5a675856001ea72298fd9cb5,2025-03-06,7,0.0,0,0,110.53285714285714,773.73,0,7,0.0,,Fear,25.0
0x8477e447846c758f5a675856001ea72298fd9cb5,2025-03-07,2,9.266712,1,1,554.57,1109.14,1,1,1.0,1.0,Fear,34.0
0x8477e447846c758f5a675856001ea72298fd9cb5,2025-03-09,35,969.56792,33,33,241.43400000000003,8450.19,33,2,16.5,1.0,Fear,27.0
0x8477e447846c758f5a675856001ea72298fd9cb5,2025-03-10,3,0.0,0,0,1666.1666666666667,4998.5,3,0,,,Extreme Fear,20.0
0x8477e447846c758f5a675856001ea72298fd9cb5,2025-03-11,8,94.48255800000001,7,6,1261.5125,10092.1,1,7,0.14285714285714285,0.8571428571428571,Extreme Fear,24.0
0x8477e447846c758f5a675856001ea72298fd9cb5,2025-03-12,3,0.0,0,0,666.82,2000.46,3,0,,,Fear,34.0
0x8477e447846c758f5a675856001ea72298fd9cb5,2025-03-13,11,0.0,0,0,383.9627272727273,4223.59,11,0,,,Neutral,45.0
0x8477e447846c758f5a675856001ea72298fd9cb5,2025-03-14,5,364.03788,5,5,1317.608,6588.04,0,5,0.0,1.0,Fear,27.0
0x8477e447846c758f5a675856001ea72298fd9cb5,2025-03-18,24,185.307189,12,12,445.26666666666665,10686.4,12,12,1.0,1.0,Fear,34.0
0x8477e447846c758f5a675856001ea72298fd9cb5,2025-03-19,9,0.0,0,0,598.3033333333333,5384.73,0,9,0.0,,Fear,32.0
0x8477e447846c758f5a675856001ea72298fd9cb5,2025-03-20,11,65.297516,11,7,483.58363636363634,5319.42,11,0,,0.6363636363636364,Neutral,49.0
0x8477e447846c758f5a675856001ea72298fd9cb5,2025-03-21,2,0.0,0,0,443.555,887.11,0,2,0.0,,Fear,31.0
0x8477e447846c758f5a675856001ea72298fd9cb5,2025-03-22,4,-41.40918,2,0,287.38,1149.52,2,2,1.0,0.0,Fear,32.0
0x8477e447846c758f5a675856001ea72298fd9cb5,2025-03-23,37,178.247768,11,11,554.7635135135135,20526.25,11,26,0.4230769230769231,1.0,Fear,30.0
0x8477e447846c758f5a675856001ea72298fd9cb5,2025-03-24,78,0.0,0,0,559.9092307692307,43672.92,0,78,0.0,,Neutral,45.0
0x8477e447846c758f5a675856001ea72298fd9cb5,2025-03-25,36,994.196069,26,25,1272.072777777778,45794.62,26,10,2.6,0.9615384615384616,Neutral,46.0
0x8477e447846c758f5a675856001ea72298fd9cb5,2025-03-26,9,27.5033,1,1,744.4566666666666,6700.11,1,8,0.125,1.0,Neutral,47.0
0x8477e447846c758f5a675856001ea72298fd9cb5,2025-03-27,40,195.60777199999998,14,14,1138.75375,45550.15,14,26,0.5384615384615384,1.0,Fear,40.0
0x8477e447846c758f5a675856001ea72298fd9cb5,2025-03-28,37,1617.77036,25,25,1225.1743243243243,45331.45,25,12,2.0833333333333335,1.0,Fear,44.0
0x8477e447846c758f5a675856001ea72298fd9cb5,2025-03-29,10,7.57416,2,2,721.253,7212.530000000001,2,8,0.25,1.0,Fear,26.0
0x8477e447846c758f5a675856001ea72298fd9cb5,2025-03-30,8,267.13403800000003,6,6,681.61,5452.88,6,2,3.0,1.0,Fear,32.0
0x8477e447846c758f5a675856001ea72298fd9cb5,2025-03-31,7,92.902727,3,3,510.28000000000003,3571.96,3,4,0.75,1.0,Fear,34.0
0x8477e447846c758f5a675856001ea72298fd9cb5,2025-04-03,6,0.0,0,0,666.2016666666667,3997.21,6,0,,,Fear,25.0
0x8477e447846c758f5a675856001ea72298fd9cb5,2025-04-04,54,586.623362,17,17,483.5138888888889,26109.75,36,18,2.0,1.0,Fear,28.0
0x8477e447846c758f5a675856001ea72298fd9cb5,2025-04-05,4,0.0,0,0,624.745,2498.98,0,4,0.0,,Fear,30.0
0x8477e447846c758f5a675856001ea72298fd9cb5,2025-04-06,28,67.080809,4,4,443.69,12423.32,28,0,,1.0,Fear,34.0
0x8477e447846c758f5a675856001ea72298fd9cb5,2025-04-07,270,632.303024,103,73,1849.3804444444443,499332.72,145,125,1.16,0.7087378640776699,Extreme Fear,23.0
0x8477e447846c758f5a675856001ea72298fd9cb5,2025-04-08,46,81.035707,14,14,828.6836956521738,38119.45,15,31,0.4838709677419355,1.0,Extreme Fear,24.0
0x8477e447846c758f5a675856001ea72298fd9cb5,2025-04-09,136,500.847132,27,26,925.8802205882353,125919.70999999999,30,106,0.2830188679245283,0.9629629629629629,Extreme Fear,18.0
0x8477e447846c758f5a675856001ea72298fd9cb5,2025-04-10,314,-103.71342200000002,173,84,874.4072929936306,274563.89,173,141,1.2269503546099292,0.48554913294797686,Fear,39.0
0x8477e447846c758f5a675856001ea72298fd9cb5,2025-04-11,61,19.202581000000002,12,12,553.0408196721311,33735.49,12,49,0.24489795918367346,1.0,Fear,25.0
0x8477e447846c758f5a675856001ea72298fd9cb5,2025-04-12,24,0.0,0,0,772.8058333333333,18547.34,0,24,0.0,,Fear,43.0
0x8477e447846c758f5a675856001ea72298fd9cb5,2025-04-13,287,1350.19094,196,147,820.2411846689896,235409.22,196,91,2.1538461538461537,0.75,Neutral,45.0
0x8477e447846c758f5a675856001ea72298fd9cb5,2025-04-14,23,236.725655,12,12,932.9834782608696,21458.62,12,11,1.0909090909090908,1.0,Fear,31.0
0x8477e447846c758f5a675856001ea72298fd9cb5,2025-04-15,38,191.802066,15,14,520.8728947368421,19793.17,15,23,0.6521739130434783,0.9333333333333333,Fear,38.0
0x8477e447846c758f5a675856001ea72298fd9cb5,2025-04-16,4,71.93199,4,4,356.5375,1426.15,4,0,,1.0,Fear,29.0
0x8477e447846c758f5a675856001ea72298fd9cb5,2025-04-18,20,0.0,0,0,383.0805,7661.61,0,20,0.0,,Fear,33.0
0x8477e447846c758f5a675856001ea72298fd9cb5,2025-04-19,19,0.0,0,0,326.8852631578947,6210.82,0,19,0.0,,Fear,32.0
0x8477e447846c758f5a675856001ea72298fd9cb5,2025-04-20,44,43.224447,5,5,328.4611363636364,14452.29,5,39,0.1282051282051282,1.0,Fear,37.0
0x8477e447846c758f5a675856001ea72298fd9cb5,2025-04-21,108,596.556385,32,32,498.3961111111111,53826.78,32,76,0.42105263157894735,1.0,Fear,39.0
0x8477e447846c758f5a675856001ea72298fd9cb5,2025-04-22,988,-180.07315699999998,312,161,1169.5095344129554,1155475.42,312,676,0.46153846153846156,0.5160256410256411,Neutral,47.0
0x8477e447846c758f5a675856001ea72298fd9cb5,2025-04-23,1950,-27087.802198,1523,41,636.126676923077,1240447.02,1523,427,3.566744730679157,0.026920551543007223,Greed,72.0
0x8477e447846c758f5a675856001ea72298fd9cb5,2025-04-24,117,2397.669518,75,60,658.8346153846153,77083.65,75,42,1.7857142857142858,0.8,Greed,63.0
0x8477e447846c758f5a675856001ea72298fd9cb5,2025-04-25,207,36.153454,2,2,1063.6844444444444,220182.68,2,205,0.00975609756097561,1.0,Greed,60.0
0x8477e447846c758f5a675856001ea72298fd9cb5,2025-04-26,70,394.655169,34,33,1416.666857142857,99166.68,34,36,0.9444444444444444,0.9705882352941176,Greed,65.0
0x8477e447846c758f5a675856001ea72298fd9cb5,2025-04-27,20,78.78402200000001,19,19,1364.094,27281.88,19,1,19.0,1.0,Greed,61.0
0x8477e447846c758f5a675856001ea72298fd9cb5,2025-04-28,80,-6424.928118,76,5,2193.325,175466.0,76,4,19.0,0.06578947368421052,Neutral,54.0
0x8477e447846c758f5a675856001ea72298fd9cb5,2025-04-29,73,-1793.442795,33,2,396.20082191780824,28922.66,33,40,0.825,0.06060606060606061,Greed,60.0
0x8477e447846c758f5a675856001ea72298fd9cb5,2025-04-30,87,-1053.418063,56,22,985.3667816091954,85726.91,55,32,1.71875,0.39285714285714285,Greed,56.0
0x8477e447846c758f5a675856001ea72298fd9cb5,2025-05-01,19,-200.94846,14,0,309.6568421052632,5883.4800000000005,14,5,2.8,0.0,Neutral,53.0
0x92f17e8d81a944691c10e753af1b1baae1a2cd0d,2024-12-13,162,0.0,0,0,2468.940987654321,399968.44,162,0,,,Extreme Greed,76.0
0x92f17e8d81a944691c10e753af1b1baae1a2cd0d,2024-12-15,413,0.0,0,0,1890.1754237288135,780642.45,413,0,,,Extreme Greed,80.0
0x92f17e8d81a944691c10e753af1b1baae1a2cd0d,2024-12-16,2,55.987393,1,1,55.980000000000004,111.96000000000001,1,1,1.0,1.0,Extreme Greed,83.0
0x92f17e8d81a944691c10e753af1b1baae1a2cd0d,2024-12-17,1,0.0,0,0,0.0,0.0,0,1,0.0,,Extreme Greed,87.0
0x92f17e8d81a944691c10e753af1b1baae1a2cd0d,2024-12-22,86,0.0,0,0,4111.969186046511,353629.35,6,80,0.075,,Greed,73.0
0x92f17e8d81a944691c10e753af1b1baae1a2cd0d,2024-12-23,60,8639.369933,54,54,9857.592999999999,591455.58,60,0,,1.0,Greed,70.0
0x92f17e8d81a944691c10e753af1b1baae1a2cd0d,2025-01-19,484,0.0,0,0,2098.6197107438015,1015731.94,484,0,,,Extreme Greed,77.0
0x92f17e8d81a944691c10e753af1b1baae1a2cd0d,2025-01-23,487,63464.28729,432,432,3015.5509856262834,1468573.33,100,387,0.25839793281653745,1.0,Extreme Greed,75.0
0x92f17e8d81a944691c10e753af1b1baae1a2cd0d,2025-01-29,636,21987.812579,286,272,2604.86213836478,1656692.32,286,350,0.8171428571428572,0.951048951048951,Greed,72.0
0x92f17e8d81a944691c10e753af1b1baae1a2cd0d,2025-02-02,169,12245.905048999999,75,75,2370.67449704142,400643.99,94,75,1.2533333333333334,1.0,Greed,60.0
0x92f17e8d81a944691c10e753af1b1baae1a2cd0d,2025-02-07,2,0.0,0,0,46000.0,92000.0,2,0,,,Fear,44.0
0x92f17e8d81a944691c10e753af1b1baae1a2cd0d,2025-02-08,152,0.0,0,0,1771.9198684210526,269331.82,152,0,,,Fear,44.0
0x92f17e8d81a944691c10e753af1b1baae1a2cd0d,2025-02-24,45,0.0,0,0,9481.510444444444,426667.97,45,0,,,Neutral,49.0
0x92f17e8d81a944691c10e753af1b1baae1a2cd0d,2025-02-25,8,0.0,0,0,60250.0,482000.0,8,0,,,Fear,25.0
0x92f17e8d81a944691c10e753af1b1baae1a2cd0d,2025-04-07,68,3425.96095,33,33,9608.110294117647,653351.5,25,43,0.5813953488372093,1.0,Extreme Fear,23.0
0x92f17e8d81a944691c10e753af1b1baae1a2cd0d,2025-04-14,25,-621.54506,7,0,20063.1732,501579.33,18,7,2.5714285714285716,0.0,Fear,31.0
0x92f17e8d81a944691c10e753af1b1baae1a2cd0d,2025-04-16,4,0.0,0,0,42034.5,168138.0,4,0,,,Fear,29.0
0x92f17e8d81a944691c10e753af1b1baae1a2cd0d,2025-04-23,248,17381.164,4,4,6983.216774193548,1731837.76,244,4,61.0,1.0,Greed,72.0
0xa0feb3725a9335f49874d7cd8eaad6be45b27416,2024-12-13,234,2270.1241019999998,164,164,939.9077777777777,219938.41999999998,70,164,0.4268292682926829,1.0,Extreme Greed,76.0
0xa0feb3725a9335f49874d7cd8eaad6be45b27416,2024-12-14,683,10281.503571,296,296,1674.4618155197657,1143657.42,386,297,1.2996632996632997,1.0,Extreme Greed,83.0
0xa0feb3725a9335f49874d7cd8eaad6be45b27416,2024-12-15,748,3932.676736,236,187,1345.2046122994652,1006213.05,512,236,2.169491525423729,0.7923728813559322,Extreme Greed,80.0
0xa0feb3725a9335f49874d7cd8eaad6be45b27416,2024-12-16,326,3923.071266,164,164,1710.5239570552149,557630.81,162,164,0.9878048780487805,1.0,Extreme Greed,83.0
0xa0feb3725a9335f49874d7cd8eaad6be45b27416,2024-12-17,599,9080.193597,260,260,2051.6765609348913,1228954.26,339,260,1.3038461538461539,1.0,Extreme Greed,87.0
0xa0feb3725a9335f49874d7cd8eaad6be45b27416,2024-12-18,314,2755.818564,154,154,1756.5612101910826,551560.22,160,154,1.0389610389610389,1.0,Extreme Greed,81.0
0xa0feb3725a9335f49874d7cd8eaad6be45b27416,2024-12-19,439,5687.811638,189,189,1937.9936218678815,850779.2,250,189,1.3227513227513228,1.0,Extreme Greed,75.0
0xa0feb3725a9335f49874d7cd8eaad6be45b27416,2024-12-20,243,5930.482942,163,163,1136.9883950617284,276288.18,80,163,0.49079754601226994,1.0,Greed,74.0
0xa0feb3725a9335f49874d7cd8eaad6be45b27416,2024-12-21,331,2600.050242,105,105,1631.86501510574,540147.32,226,105,2.1523809523809523,1.0,Greed,73.0
0xa0feb3725a9335f49874d7cd8eaad6be45b27416,2024-12-22,291,2718.982224,81,81,1754.1204123711339,510449.04,210,81,2.5925925925925926,1.0,Greed,73.0
0xa0feb3725a9335f49874d7cd8eaad6be45b27416,2024-12-23,3,0.0,0,0,1403.5600000000002,4210.68,3,0,,,Greed,70.0
0xa0feb3725a9335f49874d7cd8eaad6be45b27416,2024-12-24,1,0.0,0,0,2994.6,2994.6,1,0,,,Greed,73.0
0xa0feb3725a9335f49874d7cd8eaad6be45b27416,2025-01-15,2,0.0,0,0,522.095,1044.19,2,0,,,Greed,70.0
0xa0feb3725a9335f49874d7cd8eaad6be45b27416,2025-01-18,53,0.0,0,0,1244.2596226415094,65945.76,53,0,,,Extreme Greed,77.0
0xa0feb3725a9335f49874d7cd8eaad6be45b27416,2025-01-20,1,0.0,0,0,2999.98,2999.98,1,0,,,Extreme Greed,76.0
0xa0feb3725a9335f49874d7cd8eaad6be45b27416,2025-01-22,20,140.995116,2,2,332.675,6653.5,18,2,9.0,1.0,Extreme Greed,84.0
0xa0feb3725a9335f49874d7cd8eaad6be45b27416,2025-01-23,6,0.0,0,0,569.92,3419.52,6,0,,,Extreme Greed,75.0
0xa0feb3725a9335f49874d7cd8eaad6be45b27416,2025-01-24,9,0.0,0,0,671.1622222222222,6040.46,9,0,,,Extreme Greed,75.0
0xa0feb3725a9335f49874d7cd8eaad6be45b27416,2025-01-27,20,0.0,0,0,449.921,8998.42,20,0,,,Greed,71.0
0xa0feb3725a9335f49874d7cd8eaad6be45b27416,2025-01-31,65,9719.053192,65,65,2959.078615384615,192340.11,0,65,0.0,1.0,Extreme Greed,76.0
0xa0feb3725a9335f49874d7cd8eaad6be45b27416,2025-02-01,18,923.487443,18,18,1390.1038888888888,25021.87,0,18,0.0,1.0,Greed,68.0
0xa0feb3725a9335f49874d7cd8eaad6be45b27416,2025-02-02,29,0.0,0,0,1210.4648275862069,35103.479999999996,29,0,,,Greed,60.0
0xa0feb3725a9335f49874d7cd8eaad6be45b27416,2025-02-03,15,2161.6751200000003,6,6,8577.862,128667.93,9,6,1.5,1.0,Fear,44.0
0xa0feb3725a9335f49874d7cd8eaad6be45b27416,2025-02-04,731,4624.583773,149,138,1221.8522845417237,893174.02,573,158,3.6265822784810124,0.9261744966442953,Greed,72.0
0xa0feb3725a9335f49874d7cd8eaad6be45b27416,2025-02-05,368,-6194.283149,105,45,4161.944646739131,1531595.6300000001,263,105,2.5047619047619047,0.42857142857142855,Neutral,54.0
0xa0feb3725a9335f49874d7cd8eaad6be45b27416,2025-02-06,806,2780.135427,275,274,716.7850620347394,577728.76,531,275,1.930909090909091,0.9963636363636363,Neutral,49.0
0xa0feb3725a9335f49874d7cd8eaad6be45b27416,2025-02-07,787,6119.377807,202,202,1749.6032401524778,1376937.75,589,198,2.974747474747475,1.0,Fear,44.0
0xa0feb3725a9335f49874d7cd8eaad6be45b27416,2025-02-08,328,330.039883,96,96,764.5767682926829,250781.18,232,96,2.4166666666666665,1.0,Fear,44.0
0xa0feb3725a9335f49874d7cd8eaad6be45b27416,2025-02-09,122,183.593223,22,21,747.8363934426229,91236.04,100,22,4.545454545454546,0.9545454545454546,Neutral,46.0
0xa0feb3725a9335f49874d7cd8eaad6be45b27416,2025-02-10,304,1338.39845,185,185,868.6251644736842,264062.05,119,185,0.6432432432432432,1.0,Fear,43.0
0xa0feb3725a9335f49874d7cd8eaad6be45b27416,2025-02-11,183,869.757103,31,31,1215.386612021858,222415.75,152,31,4.903225806451613,1.0,Neutral,47.0
0xa0feb3725a9335f49874d7cd8eaad6be45b27416,2025-02-12,50,0.0,0,0,999.666,49983.3,50,0,,,Neutral,46.0
0xa0feb3725a9335f49874d7cd8eaad6be45b27416,2025-02-13,399,1312.55815,160,160,2012.0397744360903,802803.87,239,160,1.49375,1.0,Neutral,50.0
0xa0feb3725a9335f49874d7cd8eaad6be45b27416,2025-02-14,306,414.743169,36,34,1372.3451960784314,419937.63,271,35,7.742857142857143,0.9444444444444444,Neutral,48.0
0xa0feb3725a9335f49874d7cd8eaad6be45b27416,2025-02-15,466,590.73516,116,113,787.2578326180258,366862.15,351,115,3.0521739130434784,0.9741379310344828,Neutral,50.0
0xa0feb3725a9335f49874d7cd8eaad6be45b27416,2025-02-16,455,819.9958,228,195,501.30874725274725,228095.48,226,229,0.9868995633187773,0.8552631578947368,Neutral,54.0
0xa0feb3725a9335f49874d7cd8eaad6be45b27416,2025-02-17,284,303.11202,119,118,598.8410211267606,170070.85,118,166,0.7108433734939759,0.9915966386554622,Neutral,51.0
0xa0feb3725a9335f49874d7cd8eaad6be45b27416,2025-02-18,413,3494.964308,149,149,1209.069588377724,499345.74,262,151,1.7350993377483444,1.0,Neutral,47.0
0xa0feb3725a9335f49874d7cd8eaad6be45b27416,2025-02-19,400,1280.6095579999999,134,134,1091.899,436759.6,266,134,1.9850746268656716,1.0,Fear,44.0
0xa0feb3725a9335f49874d7cd8eaad6be45b27416,2025-02-20,968,2866.872677,443,443,817.1428202479339,790994.25,525,443,1.18510158013544,1.0,Neutral,49.0
0xa0feb3725a9335f49874d7cd8eaad6be45b27416,2025-02-21,769,3417.71341,341,341,1031.4382574772433,793176.02,428,341,1.2551319648093842,1.0,Greed,55.0
0xa0feb3725a9335f49874d7cd8eaad6be45b27416,2025-02-22,41,101.06290399999999,20,20,789.0624390243902,32351.559999999998,21,20,1.05,1.0,Neutral,49.0
0xa0feb3725a9335f49874d7cd8eaad6be45b27416,2025-02-23,53,0.0,0,0,226.28509433962265,11993.11,53,0,,,Neutral,50.0
0xa0feb3725a9335f49874d7cd8eaad6be45b27416,2025-02-24,42,0.0,0,0,495.59309523809526,20814.91,42,0,,,Neutral,49.0
0xa0feb3725a9335f49874d7cd8eaad6be45b27416,2025-02-25,193,826.548369,54,54,626.2487046632124,120866.0,139,54,2.574074074074074,1.0,Fear,25.0
0xa0feb3725a9335f49874d7cd8eaad6be45b27416,2025-02-26,20,0.0,0,0,749.8255,14996.51,20,0,,,Extreme Fear,21.0
0xa0feb3725a9335f49874d7cd8eaad6be45b27416,2025-02-27,13,0.0,0,0,768.6484615384616,9992.43,13,0,,,Extreme Fear,10.0
0xa0feb3725a9335f49874d7cd8eaad6be45b27416,2025-02-28,197,1011.258943,62,61,623.2444670050761,122779.16,141,56,2.517857142857143,0.9838709677419355,Extreme Fear,16.0
0xa0feb3725a9335f49874d7cd8eaad6be45b27416,2025-03-02,32,625.512206,16,16,1691.2284375000002,54119.310000000005,16,16,1.0,1.0,Fear,26.0
0xa0feb3725a9335f49874d7cd8eaad6be45b27416,2025-03-03,176,60.171373,16,15,234.52426136363636,41276.27,160,16,10.0,0.9375,Fear,33.0
0xa0feb3725a9335f49874d7cd8eaad6be45b27416,2025-03-04,40,0.0,0,0,369.27675,14771.07,40,0,,,Extreme Fear,15.0
0xa0feb3725a9335f49874d7cd8eaad6be45b27416,2025-03-14,8,0.0,0,0,874.97875,6999.83,8,0,,,Fear,27.0
0xa0feb3725a9335f49874d7cd8eaad6be45b27416,2025-04-15,21,73.34455,9,9,917.6357142857142,19270.35,9,12,0.75,1.0,Fear,38.0
0xa0feb3725a9335f49874d7cd8eaad6be45b27416,2025-04-16,47,100.22198900000001,19,17,400.05872340425526,18802.76,19,28,0.6785714285714286,0.8947368421052632,Fear,29.0
0xa0feb3725a9335f49874d7cd8eaad6be45b27416,2025-04-17,13,18.57004,6,6,303.8438461538462,3949.9700000000003,6,7,0.8571428571428571,1.0,Fear,30.0
0xa0feb3725a9335f49874d7cd8eaad6be45b27416,2025-04-23,550,6653.134804,215,215,894.6094181818181,492035.18,335,215,1.558139534883721,1.0,Greed,72.0
0xa0feb3725a9335f49874d7cd8eaad6be45b27416,2025-04-24,334,1279.688605,65,65,1325.6926047904192,442781.33,269,65,4.138461538461539,1.0,Greed,63.0
0xa0feb3725a9335f49874d7cd8eaad6be45b27416,2025-04-25,138,4058.112969,43,43,1475.0315217391305,203554.35,95,43,2.2093023255813953,1.0,Greed,60.0
0xa0feb3725a9335f49874d7cd8eaad6be45b27416,2025-04-26,50,0.0,0,0,425.9992,21299.96,50,0,,,Greed,65.0
0xa0feb3725a9335f49874d7cd8eaad6be45b27416,2025-04-27,46,147.309165,4,4,858.3880434782608,39485.85,42,4,10.5,1.0,Greed,61.0
0xa0feb3725a9335f49874d7cd8eaad6be45b27416,2025-04-28,155,474.245409,21,21,1106.0305161290323,171434.73,134,21,6.380952380952381,1.0,Neutral,54.0
0xa0feb3725a9335f49874d7cd8eaad6be45b27416,2025-04-29,214,1189.49741,93,93,1261.7606542056074,270016.77999999997,121,93,1.3010752688172043,1.0,Greed,60.0
0xa0feb3725a9335f49874d7cd8eaad6be45b27416,2025-04-30,345,1555.834562,123,123,793.9205507246378,273902.59,222,123,1.8048780487804879,1.0,Greed,56.0
0xa0feb3725a9335f49874d7cd8eaad6be45b27416,2025-05-01,288,1449.529436,101,101,1130.8870833333333,325695.48,187,101,1.8514851485148516,1.0,Neutral,53.0
0xa520ded057a32086c40e7dd6ed4eb8efb82c00e0,2024-08-03,16,0.0,0,0,9281.686875,148506.99,16,0,,,Fear,37.0
0xa520ded057a32086c40e7dd6ed4eb8efb82c00e0,2024-08-04,10,-14176.51042,2,0,13492.987,134929.87,8,2,4.0,0.0,Fear,34.0
0xa520ded057a32086c40e7dd6ed4eb8efb82c00e0,2024-08-05,2,0.0,0,0,10053.805,20107.61,2,0,,,Fear,26.0
0xa520ded057a32086c40e7dd6ed4eb8efb82c00e0,2024-08-07,1,0.0,0,0,500.0,500.0,1,0,,,Fear,29.0
0xa520ded057a32086c40e7dd6ed4eb8efb82c00e0,2024-08-08,4,-40.712216999999995,3,0,114.82,459.28,0,4,0.0,0.0,Extreme Fear,20.0
0xa520ded057a32086c40e7dd6ed4eb8efb82c00e0,2024-08-09,2,0.0,0,0,250.0,500.0,2,0,,,Neutral,48.0
0xa520ded057a32086c40e7dd6ed4eb8efb82c00e0,2024-08-17,1,-288.283113,1,0,211.7,211.7,0,1,0.0,0.0,Fear,25.0
0xa520ded057a32086c40e7dd6ed4eb8efb82c00e0,2024-08-18,1,0.0,0,0,0.01,0.01,0,1,0.0,,Fear,31.0
0xa520ded057a32086c40e7dd6ed4eb8efb82c00e0,2024-08-21,2,0.0,0,0,1000.14,2000.28,2,0,,,Fear,26.0
0xa520ded057a32086c40e7dd6ed4eb8efb82c00e0,2024-09-08,1,0.0,0,0,0.11,0.11,0,1,0.0,,Fear,29.0
0xa520ded057a32086c40e7dd6ed4eb8efb82c00e0,2024-09-10,2,-219.729659,2,0,890.27,1780.54,0,2,0.0,0.0,Fear,33.0
0xa520ded057a32086c40e7dd6ed4eb8efb82c00e0,2024-10-17,1,0.0,0,0,499.72,499.72,1,0,,,Greed,71.0
0xa520ded057a32086c40e7dd6ed4eb8efb82c00e0,2024-10-28,4,167.28016200000002,4,4,375.23249999999996,1500.9299999999998,0,4,0.0,1.0,Greed,72.0
0xa520ded057a32086c40e7dd6ed4eb8efb82c00e0,2024-11-07,95,3360.9281,48,48,208.8205263157895,19837.95,47,48,0.9791666666666666,1.0,Extreme Greed,77.0
0xa520ded057a32086c40e7dd6ed4eb8efb82c00e0,2024-11-13,1,0.0,0,0,200.04,200.04,1,0,,,Extreme Greed,84.0
0xa520ded057a32086c40e7dd6ed4eb8efb82c00e0,2024-11-18,9,693.220788,9,9,186.3422222222222,1677.08,0,9,0.0,1.0,Extreme Greed,83.0
0xa520ded057a32086c40e7dd6ed4eb8efb82c00e0,2024-11-21,1,2.83504,1,1,202.87,202.87,0,1,0.0,1.0,Extreme Greed,82.0
0xa520ded057a32086c40e7dd6ed4eb8efb82c00e0,2024-11-29,21,0.0,0,0,5762.356666666667,121009.49,21,0,,,Extreme Greed,78.0
0xa520ded057a32086c40e7dd6ed4eb8efb82c00e0,2024-12-01,61,34709.852428,49,49,856.4519672131147,52243.57,12,49,0.24489795918367346,1.0,Extreme Greed,81.0
0xa520ded057a32086c40e7dd6ed4eb8efb82c00e0,2024-12-03,34,0.0,0,0,2941.1758823529412,99999.98,34,0,,,Extreme Greed,76.0
0xa520ded057a32086c40e7dd6ed4eb8efb82c00e0,2024-12-10,8,0.0,0,0,13718.098750000001,109744.79000000001,8,0,,,Extreme Greed,78.0
0xa520ded057a32086c40e7dd6ed4eb8efb82c00e0,2024-12-11,15,994.238977,15,15,165.00133333333332,2475.02,0,15,0.0,1.0,Greed,74.0
0xa520ded057a32086c40e7dd6ed4eb8efb82c00e0,2024-12-12,4,2512.437585,4,4,1374.4125000000001,5497.650000000001,0,4,0.0,1.0,Extreme Greed,83.0
0xa520ded057a32086c40e7dd6ed4eb8efb82c00e0,2024-12-16,13,2069.35811,13,13,192.29384615384618,2499.82,0,13,0.0,1.0,Extreme Greed,83.0
0xa520ded057a32086c40e7dd6ed4eb8efb82c00e0,2024-12-17,1,256.200336,1,1,299.74,299.74,0,1,0.0,1.0,Extreme Greed,87.0
0xa520ded057a32086c40e7dd6ed4eb8efb82c00e0,2024-12-20,12,23353.625678,11,11,4763.3358333333335,57160.03,1,11,0.09090909090909091,1.0,Greed,74.0
0xa520ded057a32086c40e7dd6ed4eb8efb82c00e0,2025-01-04,5,556.803152,5,5,213.09399999999997,1065.4699999999998,0,5,0.0,1.0,Greed,73.0
0xa520ded057a32086c40e7dd6ed4eb8efb82c00e0,2025-01-14,12,7013.428624,12,12,829.285,9951.42,0,12,0.0,1.0,Greed,63.0
0xa520ded057a32086c40e7dd6ed4eb8efb82c00e0,2025-01-21,8,2806.434723,8,8,597.6225000000001,4780.9800000000005,0,8,0.0,1.0,Extreme Greed,76.0
0xa520ded057a32086c40e7dd6ed4eb8efb82c00e0,2025-01-27,56,12084.434144,56,56,989.8810714285713,55433.34,0,56,0.0,1.0,Greed,71.0
0xa520ded057a32086c40e7dd6ed4eb8efb82c00e0,2025-01-28,3,0.0,0,0,0.07666666666666667,0.23,0,3,0.0,,Greed,72.0
0xa520ded057a32086c40e7dd6ed4eb8efb82c00e0,2025-02-03,1,20.596691,1,1,999.91,999.91,0,1,0.0,1.0,Fear,44.0
0xa520ded057a32086c40e7dd6ed4eb8efb82c00e0,2025-02-10,2,30.785143,2,2,249.82,499.64,0,2,0.0,1.0,Fear,43.0
0xa520ded057a32086c40e7dd6ed4eb8efb82c00e0,2025-03-08,2,-1121.6509429999999,2,0,1250.705,2501.41,0,2,0.0,0.0,Fear,28.0
0xa520ded057a32086c40e7dd6ed4eb8efb82c00e0,2025-04-08,1,-920.33629,1,0,1000.85,1000.85,0,1,0.0,0.0,Extreme Fear,24.0
0xa520ded057a32086c40e7dd6ed4eb8efb82c00e0,2025-04-10,3,-965.1214130000001,3,0,534.0066666666667,1602.02,0,3,0.0,0.0,Fear,39.0
0xa520ded057a32086c40e7dd6ed4eb8efb82c00e0,2025-04-13,2,-53.631353999999995,2,0,64.53,129.06,0,2,0.0,0.0,Neutral,45.0
0xae5eacaf9c6b9111fd53034a602c192a04e082ed,2024-12-02,44,0.0,0,0,1779.0295454545455,78277.3,44,0,,,Extreme Greed,80.0
0xae5eacaf9c6b9111fd53034a602c192a04e082ed,2024-12-03,145,20925.513222,105,105,3898.738206896552,565317.04,40,105,0.38095238095238093,1.0,Extreme Greed,76.0
0xae5eacaf9c6b9111fd53034a602c192a04e082ed,2024-12-04,1,0.0,0,0,0.1,0.1,0,1,0.0,,Extreme Greed,78.0
0xae5eacaf9c6b9111fd53034a602c192a04e082ed,2025-03-04,21,0.0,0,0,7268.525238095238,152639.03,21,0,,,Extreme Fear,15.0
0xae5eacaf9c6b9111fd53034a602c192a04e082ed,2025-03-05,9,0.0,0,0,3500.644444444444,31505.8,9,0,,,Extreme Fear,20.0
0xae5eacaf9c6b9111fd53034a602c192a04e082ed,2025-03-11,4,0.0,0,0,6911.925,27647.7,4,0,,,Extreme Fear,24.0
0xae5eacaf9c6b9111fd53034a602c192a04e082ed,2025-03-18,38,0.0,0,0,2461.443421052632,93534.85,38,0,,,Fear,34.0
0xae5eacaf9c6b9111fd53034a602c192a04e082ed,2025-04-08,33,0.0,0,0,2865.9021212121215,94574.77,33,0,,,Extreme Fear,24.0
0xae5eacaf9c6b9111fd53034a602c192a04e082ed,2025-04-09,13,622.41079,6,6,792.1807692307691,10298.349999999999,7,6,1.1666666666666667,1.0,Extreme Fear,18.0
0xae5eacaf9c6b9111fd53034a602c192a04e082ed,2025-04-10,19,5615.909695,19,19,2486.837368421053,47249.91,0,19,0.0,1.0,Fear,39.0
0xae5eacaf9c6b9111fd53034a602c192a04e082ed,2025-04-12,45,2513.430964,24,24,2262.842,101827.89,21,24,0.875,1.0,Fear,43.0
0xae5eacaf9c6b9111fd53034a602c192a04e082ed,2025-04-21,21,0.0,0,0,2434.7928571428574,51130.65,21,0,,,Fear,39.0
0xae5eacaf9c6b9111fd53034a602c192a04e082ed,2025-04-23,28,28100.700490000003,28,28,2829.6749999999997,79230.9,0,28,0.0,1.0,Greed,72.0
0xae5eacaf9c6b9111fd53034a602c192a04e082ed,2025-04-24,87,2587.44383,17,17,2334.9580459770114,203141.35,70,17,4.117647058823529,1.0,Greed,63.0
0xae5eacaf9c6b9111fd53034a602c192a04e082ed,2025-04-25,55,7480.21054,31,31,2564.5469090909096,141050.08000000002,24,31,0.7741935483870968,1.0,Greed,60.0
0xaf40fdc468c30116bd3307bcbf4a451a7ebf1deb,2024-12-09,4,0.0,0,0,1968.8700000000001,7875.4800000000005,4,0,,,Extreme Greed,78.0
0xaf40fdc468c30116bd3307bcbf4a451a7ebf1deb,2024-12-11,1,39.7705,1,1,7158.62,7158.62,0,1,0.0,1.0,Greed,74.0
0xaf40fdc468c30116bd3307bcbf4a451a7ebf1deb,2024-12-12,1,15.24474,1,1,771.87,771.87,0,1,0.0,1.0,Extreme Greed,83.0
0xaf40fdc468c30116bd3307bcbf4a451a7ebf1deb,2024-12-23,3,0.0,0,0,320.1333333333333,960.4,3,0,,,Greed,70.0
0xaf40fdc468c30116bd3307bcbf4a451a7ebf1deb,2024-12-24,1,3.43,1,1,963.83,963.83,0,1,0.0,1.0,Greed,73.0
0xaf40fdc468c30116bd3307bcbf4a451a7ebf1deb,2025-03-16,125,-1017.424213,43,18,5323.34248,665417.81,82,43,1.9069767441860466,0.4186046511627907,Fear,30.0
0xaf40fdc468c30116bd3307bcbf4a451a7ebf1deb,2025-03-17,35,-1646.3529,33,0,9477.486,331712.01,2,33,0.06060606060606061,0.0,Fear,32.0
0xaf40fdc468c30116bd3307bcbf4a451a7ebf1deb,2025-03-18,21,0.0,0,0,3925.5247619047623,82436.02,21,0,,,Fear,34.0
0xaf40fdc468c30116bd3307bcbf4a451a7ebf1deb,2025-03-19,162,5304.480047,112,112,4703.033148148148,761891.37,50,112,0.44642857142857145,1.0,Fear,32.0
0xaf40fdc468c30116bd3307bcbf4a451a7ebf1deb,2025-03-20,1,0.0,0,0,84870.0,84870.0,1,0,,,Neutral,49.0
0xaf40fdc468c30116bd3307bcbf4a451a7ebf1deb,2025-03-24,23,5070.619785,17,17,15004.912173913042,345112.98,6,17,0.35294117647058826,1.0,Neutral,45.0
0xaf40fdc468c30116bd3307bcbf4a451a7ebf1deb,2025-03-25,1,0.0,0,0,87100.0,87100.0,1,0,,,Neutral,46.0
0xaf40fdc468c30116bd3307bcbf4a451a7ebf1deb,2025-03-26,27,2087.063794,3,3,16199.963333333333,437399.01,24,3,8.0,1.0,Neutral,47.0
0xaf40fdc468c30116bd3307bcbf4a451a7ebf1deb,2025-03-27,21,894.0,6,6,16543.90380952381,347421.98,15,6,2.5,1.0,Fear,40.0
0xaf40fdc468c30116bd3307bcbf4a451a7ebf1deb,2025-03-28,54,1342.0,4,4,6430.7037037037035,347258.0,50,4,12.5,1.0,Fear,44.0
0xaf40fdc468c30116bd3307bcbf4a451a7ebf1deb,2025-04-03,8,2020.0,1,1,42527.5,340220.0,7,1,7.0,1.0,Fear,25.0
0xaf40fdc468c30116bd3307bcbf4a451a7ebf1deb,2025-04-05,8,2400.0,1,1,41637.49875,333099.99,7,1,7.0,1.0,Fear,30.0
0xaf40fdc468c30116bd3307bcbf4a451a7ebf1deb,2025-04-07,17,0.0,0,0,2238.4694117647055,38053.979999999996,17,0,,,Extreme Fear,23.0
0xaf40fdc468c30116bd3307bcbf4a451a7ebf1deb,2025-04-11,7,5246.0,7,7,29785.714285714286,208500.0,0,7,0.0,1.0,Fear,25.0
0xaf40fdc468c30116bd3307bcbf4a451a7ebf1deb,2025-04-12,14,0.0,0,0,1435.7078571428572,20099.91,14,0,,,Fear,43.0
0xb1231a4a2dd02f2276fa3c5e2a2f3436e6bfed23,2023-12-05,9,0.0,0,0,5556.203333333334,50005.83,7,2,3.5,,Extreme Greed,75.0
0xb1231a4a2dd02f2276fa3c5e2a2f3436e6bfed23,2023-12-14,11,-205.43473700000007,6,4,10291.213636363636,113203.35,5,6,0.8333333333333334,0.6666666666666666,Greed,72.0
0xb1231a4a2dd02f2276fa3c5e2a2f3436e6bfed23,2023-12-15,2,-24.632033999999997,2,0,5304.975,10609.95,2,0,,0.0,Greed,70.0
0xb1231a4a2dd02f2276fa3c5e2a2f3436e6bfed23,2023-12-16,3,0.0,0,0,5116.256666666667,15348.77,3,0,,,Greed,67.0
0xb1231a4a2dd02f2276fa3c5e2a2f3436e6bfed23,2023-12-17,14,304.982785,11,7,8305.572857142857,116278.02,3,11,0.2727272727272727,0.6363636363636364,Greed,73.0
0xb1231a4a2dd02f2276fa3c5e2a2f3436e6bfed23,2023-12-18,2,0.0,0,0,15582.089999999998,31164.179999999997,2,0,,,Greed,65.0
0xb1231a4a2dd02f2276fa3c5e2a2f3436e6bfed23,2023-12-19,15,1000.5386120000001,10,10,6106.827333333334,91602.41,5,10,0.5,1.0,Greed,73.0
0xb1231a4a2dd02f2276fa3c5e2a2f3436e6bfed23,2023-12-20,18,162.732282,8,8,7868.710555555556,141636.79,10,8,1.25,1.0,Greed,74.0
0xb1231a4a2dd02f2276fa3c5e2a2f3436e6bfed23,2023-12-21,49,537.211402,27,26,2555.795306122449,125233.97,22,27,0.8148148148148148,0.9629629629629629,Greed,70.0
0xb1231a4a2dd02f2276fa3c5e2a2f3436e6bfed23,2023-12-22,10,141.832675,2,2,8887.428,88874.28,8,2,4.0,1.0,Greed,74.0
0xb1231a4a2dd02f2276fa3c5e2a2f3436e6bfed23,2023-12-23,13,146.936704,8,8,6033.711538461538,78438.25,5,8,0.625,1.0,Greed,70.0
0xb1231a4a2dd02f2276fa3c5e2a2f3436e6bfed23,2023-12-24,39,1008.619956,17,15,10332.177948717948,402954.94,21,18,1.1666666666666667,0.8823529411764706,Greed,71.0
0xb1231a4a2dd02f2276fa3c5e2a2f3436e6bfed23,2023-12-25,3,-245.081348,1,0,19982.836666666666,59948.51,2,1,2.0,0.0,Greed,73.0
0xb1231a4a2dd02f2276fa3c5e2a2f3436e6bfed23,2023-12-27,28,-704.8892269999999,13,4,6121.823571428571,171411.06,15,13,1.1538461538461537,0.3076923076923077,Greed,73.0
0xb1231a4a2dd02f2276fa3c5e2a2f3436e6bfed23,2023-12-28,23,-970.730876,13,0,4352.923913043478,100117.25,10,13,0.7692307692307693,0.0,Greed,73.0
0xb1231a4a2dd02f2276fa3c5e2a2f3436e6bfed23,2023-12-29,50,508.92214299999995,20,15,11391.1944,569559.72,31,19,1.631578947368421,0.75,Greed,65.0
0xb1231a4a2dd02f2276fa3c5e2a2f3436e6bfed23,2023-12-30,52,354.998648,33,23,13510.58096153846,702550.21,20,32,0.625,0.696969696969697,Greed,68.0
0xb1231a4a2dd02f2276fa3c5e2a2f3436e6bfed23,2024-01-01,18,-129.53146,6,1,14679.973888888888,264239.52999999997,10,8,1.25,0.16666666666666666,Greed,65.0
0xb1231a4a2dd02f2276fa3c5e2a2f3436e6bfed23,2024-01-02,17,783.979116,9,8,7138.1611764705885,121348.74,9,8,1.125,0.8888888888888888,Greed,71.0
0xb1231a4a2dd02f2276fa3c5e2a2f3436e6bfed23,2024-01-03,67,866.015507,35,28,5888.050149253731,394499.36,32,35,0.9142857142857143,0.8,Greed,70.0
0xb1231a4a2dd02f2276fa3c5e2a2f3436e6bfed23,2024-01-04,5,-67.60364,3,0,19958.508,99792.54000000001,2,3,0.6666666666666666,0.0,Greed,68.0
0xb1231a4a2dd02f2276fa3c5e2a2f3436e6bfed23,2024-01-05,66,164.141565,23,13,25817.31303030303,1703942.66,31,35,0.8857142857142857,0.5652173913043478,Greed,72.0
0xb1231a4a2dd02f2276fa3c5e2a2f3436e6bfed23,2024-01-06,22,135.58166400000002,12,10,13569.154545454547,298521.4,11,11,1.0,0.8333333333333334,Greed,70.0
0xb1231a4a2dd02f2276fa3c5e2a2f3436e6bfed23,2024-01-07,97,-835.681235,37,9,10812.887216494846,1048850.06,52,45,1.1555555555555554,0.24324324324324326,Greed,71.0
0xb1231a4a2dd02f2276fa3c5e2a2f3436e6bfed23,2024-01-08,128,-269.874439,67,32,11894.159609375,1522452.43,40,88,0.45454545454545453,0.47761194029850745,Greed,71.0
0xb1231a4a2dd02f2276fa3c5e2a2f3436e6bfed23,2024-01-09,70,-826.349863,28,18,12429.313857142857,870051.97,28,42,0.6666666666666666,0.6428571428571429,Extreme Greed,76.0
0xb1231a4a2dd02f2276fa3c5e2a2f3436e6bfed23,2024-01-10,193,-1517.091342,83,41,10660.515440414507,2057479.48,92,101,0.9108910891089109,0.4939759036144578,Greed,73.0
0xb1231a4a2dd02f2276fa3c5e2a2f3436e6bfed23,2024-01-11,19,-164.08950099999998,9,5,13641.064736842105,259180.22999999998,11,8,1.375,0.5555555555555556,Extreme Greed,76.0
0xb1231a4a2dd02f2276fa3c5e2a2f3436e6bfed23,2024-01-12,7,-1925.519024,2,0,28583.181428571428,200082.27,5,2,2.5,0.0,Greed,71.0
0xb1231a4a2dd02f2276fa3c5e2a2f3436e6bfed23,2024-01-15,5,0.0,0,0,10001.248,50006.24,5,0,,,Neutral,52.0
0xb1231a4a2dd02f2276fa3c5e2a2f3436e6bfed23,2024-01-16,3,939.6285419999999,3,3,17648.416666666668,52945.25,0,3,0.0,1.0,Greed,64.0
0xb1231a4a2dd02f2276fa3c5e2a2f3436e6bfed23,2024-01-17,53,813.2741110000001,19,11,15110.019433962265,800831.03,31,22,1.4090909090909092,0.5789473684210527,Greed,60.0
0xb1231a4a2dd02f2276fa3c5e2a2f3436e6bfed23,2024-01-18,46,68.93319,9,3,9231.120217391304,424631.52999999997,18,28,0.6428571428571429,0.3333333333333333,Greed,63.0
0xb1231a4a2dd02f2276fa3c5e2a2f3436e6bfed23,2024-01-19,39,-385.215235,23,5,10946.209230769231,426902.16,27,12,2.25,0.21739130434782608,Neutral,51.0
0xb1231a4a2dd02f2276fa3c5e2a2f3436e6bfed23,2024-01-20,106,-146.57487000000003,32,15,10095.193490566038,1070090.51,60,46,1.3043478260869565,0.46875,Neutral,52.0
0xb1231a4a2dd02f2276fa3c5e2a2f3436e6bfed23,2024-01-21,11,266.58114600000005,5,3,9375.43090909091,103129.74,3,8,0.375,0.6,Greed,56.0
0xb1231a4a2dd02f2276fa3c5e2a2f3436e6bfed23,2024-01-22,37,209.39217099999996,15,9,7671.794864864864,283856.41,23,14,1.6428571428571428,0.6,Greed,55.0
0xb1231a4a2dd02f2276fa3c5e2a2f3436e6bfed23,2024-01-23,45,-369.2447299999998,20,11,9211.531777777778,414518.93000000005,33,12,2.75,0.55,Neutral,50.0
0xb1231a4a2dd02f2276fa3c5e2a2f3436e6bfed23,2024-01-24,68,-2808.353815,40,10,14192.42044117647,965084.59,27,41,0.6585365853658537,0.25,Neutral,48.0
0xb1231a4a2dd02f2276fa3c5e2a2f3436e6bfed23,2024-01-25,6,-3093.6293849999997,6,0,11094.355000000001,66566.13,0,6,0.0,0.0,Neutral,52.0
0xb1231a4a2dd02f2276fa3c5e2a2f3436e6bfed23,2024-01-26,3,0.0,0,0,839.1366666666667,2517.41,3,0,,,Neutral,49.0
0xb1231a4a2dd02f2276fa3c5e2a2f3436e6bfed23,2024-01-29,72,484.847102,44,44,5724.157222222222,412139.32,20,52,0.38461538461538464,1.0,Greed,55.0
0xb1231a4a2dd02f2276fa3c5e2a2f3436e6bfed23,2024-01-30,49,-173.65419100000003,19,5,8183.905714285715,401011.38,28,21,1.3333333333333333,0.2631578947368421,Greed,61.0
0xb1231a4a2dd02f2276fa3c5e2a2f3436e6bfed23,2024-01-31,859,-799.840817,436,231,7340.683504074505,6305647.13,470,389,1.2082262210796915,0.5298165137614679,Greed,60.0
0xb1231a4a2dd02f2276fa3c5e2a2f3436e6bfed23,2024-02-01,6,0.0,0,0,334.69666666666666,2008.18,6,0,,,Greed,63.0
0xb1231a4a2dd02f2276fa3c5e2a2f3436e6bfed23,2024-02-02,42,456.423473,21,13,11292.343571428572,474278.43,19,23,0.8260869565217391,0.6190476190476191,Greed,63.0
0xb1231a4a2dd02f2276fa3c5e2a2f3436e6bfed23,2024-02-03,56,223.30918699999998,12,6,10782.5,603820.0,18,38,0.47368421052631576,0.5,Greed,60.0
0xb1231a4a2dd02f2276fa3c5e2a2f3436e6bfed23,2024-02-04,35,47.62389499999999,28,9,5805.358,203187.53,19,16,1.1875,0.32142857142857145,Greed,60.0
0xb1231a4a2dd02f2276fa3c5e2a2f3436e6bfed23,2024-02-05,72,-33.45419400000003,32,14,10697.198055555556,770198.26,33,39,0.8461538461538461,0.4375,Greed,60.0
0xb1231a4a2dd02f2276fa3c5e2a2f3436e6bfed23,2024-02-06,1088,-215.615907,523,179,7396.280707720588,8047153.41,518,570,0.9087719298245615,0.3422562141491396,Greed,64.0
0xb1231a4a2dd02f2276fa3c5e2a2f3436e6bfed23,2024-02-07,15,241.24212,2,2,450.582,6758.73,7,8,0.875,1.0,Greed,62.0
0xb1231a4a2dd02f2276fa3c5e2a2f3436e6bfed23,2024-02-08,10,770.756024,4,4,2605.112,26051.12,2,8,0.25,1.0,Greed,66.0
0xb1231a4a2dd02f2276fa3c5e2a2f3436e6bfed23,2024-02-11,34,983.443176,7,7,6244.465294117647,212311.82,23,11,2.090909090909091,1.0,Greed,71.0
0xb1231a4a2dd02f2276fa3c5e2a2f3436e6bfed23,2024-02-12,16,913.8817869999998,15,6,14202.981249999999,227247.69999999998,11,5,2.2,0.4,Greed,70.0
0xb1231a4a2dd02f2276fa3c5e2a2f3436e6bfed23,2024-02-13,14,559.44389,14,14,142.85642857142858,1999.99,0,14,0.0,1.0,Extreme Greed,79.0
0xb1231a4a2dd02f2276fa3c5e2a2f3436e6bfed23,2024-02-14,23,191.29666400000002,4,4,4465.268695652174,102701.18,7,16,0.4375,1.0,Greed,74.0
0xb1231a4a2dd02f2276fa3c5e2a2f3436e6bfed23,2024-02-15,11,816.0903969999999,11,8,9886.378181818181,108750.16,3,8,0.375,0.7272727272727273,Greed,72.0
0xb1231a4a2dd02f2276fa3c5e2a2f3436e6bfed23,2024-02-16,12,0.0,0,0,8396.053333333333,100752.64,10,2,5.0,,Greed,72.0
0xb1231a4a2dd02f2276fa3c5e2a2f3436e6bfed23,2024-02-17,30,259.62944200000004,11,7,6791.962666666667,203758.88,25,5,5.0,0.6363636363636364,Extreme Greed,76.0
0xb1231a4a2dd02f2276fa3c5e2a2f3436e6bfed23,2024-02-19,6,-8.05898,3,1,8333.848333333333,50003.09,3,3,1.0,0.3333333333333333,Extreme Greed,75.0
0xb1231a4a2dd02f2276fa3c5e2a2f3436e6bfed23,2024-02-20,4,210.315294,4,4,427.575,1710.3,0,4,0.0,1.0,Greed,72.0
0xb1231a4a2dd02f2276fa3c5e2a2f3436e6bfed23,2024-02-21,1,0.0,0,0,10005.6,10005.6,1,0,,,Extreme Greed,78.0
0xb1231a4a2dd02f2276fa3c5e2a2f3436e6bfed23,2024-02-22,2,0.0,0,0,2500.32,5000.64,2,0,,,Greed,74.0
0xb1231a4a2dd02f2276fa3c5e2a2f3436e6bfed23,2024-02-26,2,0.0,0,0,249.98499999999999,499.96999999999997,0,2,0.0,,Greed,72.0
0xb1231a4a2dd02f2276fa3c5e2a2f3436e6bfed23,2024-02-27,8,576.38114,7,7,322.04,2576.32,0,8,0.0,1.0,Extreme Greed,79.0
0xb1231a4a2dd02f2276fa3c5e2a2f3436e6bfed23,2024-02-29,7,1320.804256,3,3,3546.727142857143,24827.09,0,7,0.0,1.0,Extreme Greed,80.0
0xb1231a4a2dd02f2276fa3c5e2a2f3436e6bfed23,2024-03-02,7,-1443.814567,7,0,420.5385714285714,2943.77,7,0,,0.0,Extreme Greed,80.0
0xb1231a4a2dd02f2276fa3c5e2a2f3436e6bfed23,2024-03-04,13,1026.004099,13,13,290.5161538461538,3776.71,0,13,0.0,1.0,Extreme Greed,82.0
0xb1231a4a2dd02f2276fa3c5e2a2f3436e6bfed23,2024-03-15,19,388.830831,8,8,3995.254210526316,75909.83,6,13,0.46153846153846156,1.0,Extreme Greed,83.0
0xb1231a4a2dd02f2276fa3c5e2a2f3436e6bfed23,2024-03-16,2,0.0,0,0,5000.0,10000.0,0,2,0.0,,Extreme Greed,81.0
0xb1231a4a2dd02f2276fa3c5e2a2f3436e6bfed23,2024-03-17,2,0.0,0,0,3751.305,7502.61,2,0,,,Extreme Greed,79.0
0xb1231a4a2dd02f2276fa3c5e2a2f3436e6bfed23,2024-03-18,1,212.3193,1,1,5214.47,5214.47,0,1,0.0,1.0,Extreme Greed,77.0
0xb1231a4a2dd02f2276fa3c5e2a2f3436e6bfed23,2024-03-19,10,-174.00152,2,0,2982.842,29828.420000000002,8,2,4.0,0.0,Extreme Greed,79.0
0xb1231a4a2dd02f2276fa3c5e2a2f3436e6bfed23,2024-03-20,10,3829.986976,4,4,7134.341,71343.41,6,4,1.5,1.0,Greed,74.0
0xb1231a4a2dd02f2276fa3c5e2a2f3436e6bfed23,2024-03-21,4,238.326075,1,1,2560.8025000000002,10243.210000000001,3,1,3.0,1.0,Extreme Greed,78.0
0xb1231a4a2dd02f2276fa3c5e2a2f3436e6bfed23,2024-04-02,4,0.0,0,0,3749.9725,14999.89,4,0,,,Extreme Greed,79.0
0xb1231a4a2dd02f2276fa3c5e2a2f3436e6bfed23,2024-04-03,2,0.0,0,0,4999.83,9999.66,2,0,,,Greed,71.0
0xb1231a4a2dd02f2276fa3c5e2a2f3436e6bfed23,2024-04-05,8,965.5522159999999,8,8,3245.635,25965.08,0,8,0.0,1.0,Extreme Greed,79.0
0xb1231a4a2dd02f2276fa3c5e2a2f3436e6bfed23,2024-04-12,15,-2830.444513,15,0,2021.84,30327.6,15,0,,0.0,Extreme Greed,79.0
0xb1231a4a2dd02f2276fa3c5e2a2f3436e6bfed23,2024-04-26,3,0.0,0,0,1662.7633333333335,4988.290000000001,0,3,0.0,,Greed,70.0
0xb1231a4a2dd02f2276fa3c5e2a2f3436e6bfed23,2024-04-28,50,0.0,0,0,339.7238,16986.19,0,50,0.0,,Greed,65.0
0xb1231a4a2dd02f2276fa3c5e2a2f3436e6bfed23,2024-04-29,14,0.0,0,0,301.70142857142855,4223.82,0,14,0.0,,Greed,67.0
0xb1231a4a2dd02f2276fa3c5e2a2f3436e6bfed23,2024-05-03,6,0.0,0,0,829.8083333333334,4978.85,0,6,0.0,,Neutral,48.0
0xb1231a4a2dd02f2276fa3c5e2a2f3436e6bfed23,2024-05-04,3,0.0,0,0,1666.47,4999.41,0,3,0.0,,Greed,67.0
0xb1231a4a2dd02f2276fa3c5e2a2f3436e6bfed23,2024-05-07,7,227.320653,2,2,1395.532857142857,9768.73,2,5,0.4,1.0,Greed,68.0
0xb1231a4a2dd02f2276fa3c5e2a2f3436e6bfed23,2024-05-09,3,0.0,0,0,1658.5133333333333,4975.54,0,3,0.0,,Greed,55.0
0xb1231a4a2dd02f2276fa3c5e2a2f3436e6bfed23,2024-05-12,13,0.0,0,0,782.6861538461538,10174.92,7,6,1.1666666666666667,,Greed,56.0
0xb1231a4a2dd02f2276fa3c5e2a2f3436e6bfed23,2024-05-13,3,0.0,0,0,1658.2700000000002,4974.81,0,3,0.0,,Greed,57.0
0xb1231a4a2dd02f2276fa3c5e2a2f3436e6bfed23,2024-05-16,3,0.0,0,0,1280.0233333333333,3840.0699999999997,0,3,0.0,,Greed,70.0
0xb1231a4a2dd02f2276fa3c5e2a2f3436e6bfed23,2024-05-20,3,-74.818442,3,0,1707.1166666666668,5121.35,0,3,0.0,0.0,Greed,70.0
0xb1231a4a2dd02f2276fa3c5e2a2f3436e6bfed23,2024-05-21,72,1272.088356,18,7,8594.73125,618820.65,18,54,0.3333333333333333,0.3888888888888889,Extreme Greed,76.0
0xb1231a4a2dd02f2276fa3c5e2a2f3436e6bfed23,2024-05-23,19,0.0,0,0,3896.7610526315784,74038.45999999999,3,16,0.1875,,Extreme Greed,76.0
0xb1231a4a2dd02f2276fa3c5e2a2f3436e6bfed23,2024-05-24,2,821.949278,2,2,25405.949999999997,50811.899999999994,0,2,0.0,1.0,Greed,74.0
0xb1231a4a2dd02f2276fa3c5e2a2f3436e6bfed23,2024-05-25,2,0.0,0,0,12503.574999999999,25007.149999999998,2,0,,,Extreme Greed,76.0
0xb1231a4a2dd02f2276fa3c5e2a2f3436e6bfed23,2024-05-26,9,773.4582,2,2,5640.383333333334,50763.450000000004,0,9,0.0,1.0,Extreme Greed,75.0
0xb1231a4a2dd02f2276fa3c5e2a2f3436e6bfed23,2024-06-07,14,0.0,0,0,77.5807142857143,1086.13,14,0,,,Extreme Greed,77.0
0xb1231a4a2dd02f2276fa3c5e2a2f3436e6bfed23,2024-06-09,12,0.0,0,0,117.52166666666666,1410.26,12,0,,,Extreme Greed,75.0
0xb1231a4a2dd02f2276fa3c5e2a2f3436e6bfed23,2024-06-11,75,4269.550668,8,8,1046.24,78468.0,75,0,,1.0,Greed,74.0
0xb1231a4a2dd02f2276fa3c5e2a2f3436e6bfed23,2024-06-12,37,0.0,0,0,41.1072972972973,1520.97,37,0,,,Greed,72.0
0xb1231a4a2dd02f2276fa3c5e2a2f3436e6bfed23,2024-06-13,78,6634.160155,19,19,1699.554487179487,132565.25,75,3,25.0,1.0,Greed,70.0
0xb1231a4a2dd02f2276fa3c5e2a2f3436e6bfed23,2024-06-14,15,10258.592609,15,15,2791.98,41879.7,15,0,,1.0,Greed,74.0
0xb1231a4a2dd02f2276fa3c5e2a2f3436e6bfed23,2024-06-15,40,1285.5244400000001,9,9,3156.3154999999997,126252.62,0,40,0.0,1.0,Greed,74.0
0xb1231a4a2dd02f2276fa3c5e2a2f3436e6bfed23,2024-06-16,11,0.0,0,0,2294.0981818181817,25235.079999999998,0,11,0.0,,Greed,71.0
0xb1231a4a2dd02f2276fa3c5e2a2f3436e6bfed23,2024-06-17,24,9330.743339,21,21,4828.689166666667,115888.54000000001,24,0,,1.0,Greed,71.0
0xb1231a4a2dd02f2276fa3c5e2a2f3436e6bfed23,2024-06-18,18,282.57636,4,4,11128.698333333334,200316.57,14,4,3.5,1.0,Greed,74.0
0xb1231a4a2dd02f2276fa3c5e2a2f3436e6bfed23,2024-06-19,41,2833.6833,14,14,4971.736829268292,203841.21,0,41,0.0,1.0,Greed,64.0
0xb1231a4a2dd02f2276fa3c5e2a2f3436e6bfed23,2024-06-20,27,0.0,0,0,314.2848148148148,8485.69,0,27,0.0,,Greed,60.0
0xb1231a4a2dd02f2276fa3c5e2a2f3436e6bfed23,2024-06-21,69,0.0,0,0,1478.9595652173912,102048.20999999999,57,12,4.75,,Greed,63.0
0xb1231a4a2dd02f2276fa3c5e2a2f3436e6bfed23,2024-06-22,21,756.876565,8,8,7218.764761904762,151594.06,1,20,0.05,1.0,Neutral,53.0
0xb1231a4a2dd02f2276fa3c5e2a2f3436e6bfed23,2024-06-23,5,0.0,0,0,358.424,1792.12,0,5,0.0,,Greed,55.0
0xb1231a4a2dd02f2276fa3c5e2a2f3436e6bfed23,2024-06-24,10,0.0,0,0,15099.543,150995.43,4,6,0.6666666666666666,,Neutral,51.0
0xb1231a4a2dd02f2276fa3c5e2a2f3436e6bfed23,2024-06-25,49,4869.353105,11,11,2104.062857142857,103099.08,11,38,0.2894736842105263,1.0,Fear,30.0
0xb1231a4a2dd02f2276fa3c5e2a2f3436e6bfed23,2024-06-26,41,0.0,0,0,24.288292682926826,995.8199999999999,41,0,,,Neutral,46.0
0xb1231a4a2dd02f2276fa3c5e2a2f3436e6bfed23,2024-06-27,18,0.0,0,0,583.1594444444444,10496.869999999999,12,6,2.0,,Fear,40.0
0xb1231a4a2dd02f2276fa3c5e2a2f3436e6bfed23,2024-06-29,58,4307.587820000001,11,11,975.2437931034483,56564.14,19,39,0.48717948717948717,1.0,Fear,30.0
0xb1231a4a2dd02f2276fa3c5e2a2f3436e6bfed23,2024-06-30,11,0.0,0,0,47.401818181818186,521.4200000000001,2,9,0.2222222222222222,,Neutral,47.0
0xb1231a4a2dd02f2276fa3c5e2a2f3436e6bfed23,2024-07-01,51,3863.351096,17,17,5205.286274509804,265469.6,4,47,0.0851063829787234,1.0,Neutral,53.0
0xb1231a4a2dd02f2276fa3c5e2a2f3436e6bfed23,2024-07-02,18,2421.253116,13,13,1852.6372222222224,33347.47,13,5,2.6,1.0,Neutral,51.0
0xb1231a4a2dd02f2276fa3c5e2a2f3436e6bfed23,2024-07-03,8,0.0,0,0,9465.0725,75720.58,8,0,,,Neutral,50.0
0xb1231a4a2dd02f2276fa3c5e2a2f3436e6bfed23,2024-07-04,11,0.0,0,0,15958.708181818183,175545.79,11,0,,,Fear,44.0
0xb1231a4a2dd02f2276fa3c5e2a2f3436e6bfed23,2024-07-05,12,0.0,0,0,165.92916666666667,1991.15,12,0,,,Fear,29.0
0xb1231a4a2dd02f2276fa3c5e2a2f3436e6bfed23,2024-07-06,24,108.87217799999999,7,7,103.75708333333334,2490.17,17,7,2.4285714285714284,1.0,Fear,26.0
0xb1231a4a2dd02f2276fa3c5e2a2f3436e6bfed23,2024-07-07,10,61.428942,10,10,49.875,498.75,0,10,0.0,1.0,Fear,29.0
0xb1231a4a2dd02f2276fa3c5e2a2f3436e6bfed23,2024-07-08,1,0.0,0,0,497.64,497.64,1,0,,,Fear,28.0
0xb1231a4a2dd02f2276fa3c5e2a2f3436e6bfed23,2024-07-09,15,648.984412,15,15,182.42999999999998,2736.45,0,15,0.0,1.0,Fear,27.0
0xb1231a4a2dd02f2276fa3c5e2a2f3436e6bfed23,2024-07-10,13,382.10788099999996,5,5,1229.4692307692308,15983.1,0,13,0.0,1.0,Fear,28.0
0xb1231a4a2dd02f2276fa3c5e2a2f3436e6bfed23,2024-07-12,9,1412.314654,9,9,1508.48,13576.32,9,0,,1.0,Fear,25.0
0xb1231a4a2dd02f2276fa3c5e2a2f3436e6bfed23,2024-07-13,4,234.778463,4,4,124.795,499.18,0,4,0.0,1.0,Fear,25.0
0xb1231a4a2dd02f2276fa3c5e2a2f3436e6bfed23,2024-07-17,7,0.0,0,0,1427.2385714285715,9990.67,0,7,0.0,,Greed,69.0
0xb1231a4a2dd02f2276fa3c5e2a2f3436e6bfed23,2024-07-24,35,0.0,0,0,170.22400000000002,5957.84,33,2,16.5,,Greed,69.0
0xb1231a4a2dd02f2276fa3c5e2a2f3436e6bfed23,2024-07-25,12,916.7382600000001,10,10,764.4941666666667,9173.93,12,0,,1.0,Greed,68.0
0xb1231a4a2dd02f2276fa3c5e2a2f3436e6bfed23,2024-07-26,30,2425.262989,29,29,8415.887666666667,252476.63,1,29,0.034482758620689655,1.0,Greed,68.0
0xb1231a4a2dd02f2276fa3c5e2a2f3436e6bfed23,2024-07-29,24,112.946925,11,11,12510.05625,300241.35,13,11,1.1818181818181819,1.0,Greed,74.0
0xb1231a4a2dd02f2276fa3c5e2a2f3436e6bfed23,2024-08-01,9,0.0,0,0,3896.047777777778,35064.43,9,0,,,Neutral,52.0
0xb1231a4a2dd02f2276fa3c5e2a2f3436e6bfed23,2024-08-02,12,554.12049,5,5,5882.177500000001,70586.13,7,5,1.4,1.0,Greed,57.0
0xb1231a4a2dd02f2276fa3c5e2a2f3436e6bfed23,2024-08-03,6,0.0,0,0,4168.69,25012.14,6,0,,,Fear,37.0
0xb1231a4a2dd02f2276fa3c5e2a2f3436e6bfed23,2024-08-04,27,0.0,0,0,5002.563703703704,135069.22,26,1,26.0,,Fear,34.0
0xb1231a4a2dd02f2276fa3c5e2a2f3436e6bfed23,2024-08-05,44,-8394.889856,29,26,3331.070909090909,146567.12,14,30,0.4666666666666667,0.896551724137931,Fear,26.0
0xb1231a4a2dd02f2276fa3c5e2a2f3436e6bfed23,2024-08-06,80,51.56325,5,5,758.8422499999999,60707.38,75,5,15.0,1.0,Extreme Fear,17.0
0xb1231a4a2dd02f2276fa3c5e2a2f3436e6bfed23,2024-08-07,21,188.789255,10,10,94.89190476190477,1992.73,11,10,1.1,1.0,Fear,29.0
0xb1231a4a2dd02f2276fa3c5e2a2f3436e6bfed23,2024-08-08,5,0.0,0,0,3168.014,15840.07,5,0,,,Extreme Fear,20.0
0xb1231a4a2dd02f2276fa3c5e2a2f3436e6bfed23,2024-08-09,60,6783.078347,31,17,5447.171666666666,326830.3,31,29,1.0689655172413792,0.5483870967741935,Neutral,48.0
0xb1231a4a2dd02f2276fa3c5e2a2f3436e6bfed23,2024-08-10,87,0.0,0,0,130.32885057471265,11338.61,87,0,,,Fear,40.0
0xb1231a4a2dd02f2276fa3c5e2a2f3436e6bfed23,2024-08-11,16,0.0,0,0,211.8975,3390.36,16,0,,,Fear,39.0
0xb1231a4a2dd02f2276fa3c5e2a2f3436e6bfed23,2024-08-12,31,0.0,0,0,323.4293548387097,10026.31,23,8,2.875,,Fear,25.0
0xb1231a4a2dd02f2276fa3c5e2a2f3436e6bfed23,2024-08-13,17,212.08102,8,8,488.06470588235294,8297.1,16,1,16.0,1.0,Fear,31.0
0xb1231a4a2dd02f2276fa3c5e2a2f3436e6bfed23,2024-08-14,15,0.0,0,0,136.21066666666667,2043.16,15,0,,,Fear,30.0
0xb1231a4a2dd02f2276fa3c5e2a2f3436e6bfed23,2024-08-15,12,0.0,0,0,126.86416666666668,1522.3700000000001,12,0,,,Fear,29.0
0xb1231a4a2dd02f2276fa3c5e2a2f3436e6bfed23,2024-08-16,33,825.230544,3,3,4663.112424242424,153882.71,30,3,10.0,1.0,Fear,27.0
0xb1231a4a2dd02f2276fa3c5e2a2f3436e6bfed23,2024-08-19,8,339.69958299999996,5,5,12539.37875,100315.03,3,5,0.6,1.0,Fear,28.0
0xb1231a4a2dd02f2276fa3c5e2a2f3436e6bfed23,2024-08-24,5,0.0,0,0,3999.9199999999996,19999.6,0,5,0.0,,Greed,56.0
0xb1231a4a2dd02f2276fa3c5e2a2f3436e6bfed23,2024-08-25,13,0.0,0,0,534.9192307692308,6953.95,8,5,1.6,,Neutral,54.0
0xb1231a4a2dd02f2276fa3c5e2a2f3436e6bfed23,2024-08-26,1,0.0,0,0,347.75,347.75,1,0,,,Greed,55.0
0xb1231a4a2dd02f2276fa3c5e2a2f3436e6bfed23,2024-08-27,43,0.0,0,0,121.97604651162791,5244.97,42,1,42.0,,Neutral,48.0
0xb1231a4a2dd02f2276fa3c5e2a2f3436e6bfed23,2024-08-28,2,1333.359645,2,2,11832.755000000001,23665.510000000002,2,0,,1.0,Fear,30.0
0xb1231a4a2dd02f2276fa3c5e2a2f3436e6bfed23,2024-08-29,1,0.0,0,0,9995.85,9995.85,0,1,0.0,,Fear,29.0
0xb1231a4a2dd02f2276fa3c5e2a2f3436e6bfed23,2024-08-30,1,256.464,1,1,9739.38,9739.38,1,0,,1.0,Fear,34.0
0xb1231a4a2dd02f2276fa3c5e2a2f3436e6bfed23,2024-08-31,9,0.0,0,0,11111.126666666667,100000.14,4,5,0.8,,Fear,29.0
0xb1231a4a2dd02f2276fa3c5e2a2f3436e6bfed23,2024-09-04,33,1065.785132,8,5,2923.5148484848487,96475.99,30,3,10.0,0.625,Fear,27.0
0xb1231a4a2dd02f2276fa3c5e2a2f3436e6bfed23,2024-09-06,38,-1104.856765,38,0,106.74815789473683,4056.43,0,38,0.0,0.0,Extreme Fear,22.0
0xb1231a4a2dd02f2276fa3c5e2a2f3436e6bfed23,2024-09-09,2,0.0,0,0,2007.2150000000001,4014.4300000000003,2,0,,,Fear,26.0
0xb1231a4a2dd02f2276fa3c5e2a2f3436e6bfed23,2024-09-10,1,0.0,0,0,766.74,766.74,1,0,,,Fear,33.0
0xb1231a4a2dd02f2276fa3c5e2a2f3436e6bfed23,2024-09-14,10,0.0,0,0,101.415,1014.1500000000001,10,0,,,Neutral,50.0
0xb1231a4a2dd02f2276fa3c5e2a2f3436e6bfed23,2024-09-18,145,-878.684794,134,0,94.02413793103449,13633.5,11,134,0.08208955223880597,0.0,Neutral,45.0
0xb1231a4a2dd02f2276fa3c5e2a2f3436e6bfed23,2024-09-19,19,0.0,0,0,80.09842105263158,1521.8700000000001,19,0,,,Neutral,49.0
0xb1231a4a2dd02f2276fa3c5e2a2f3436e6bfed23,2024-09-24,9,0.0,0,0,111.67333333333335,1005.0600000000001,9,0,,,Neutral,54.0
0xb1231a4a2dd02f2276fa3c5e2a2f3436e6bfed23,2024-10-04,1,0.0,0,0,0.34,0.34,0,1,0.0,,Fear,41.0
0xb1231a4a2dd02f2276fa3c5e2a2f3436e6bfed23,2024-10-08,1,0.0,0,0,0.58,0.58,0,1,0.0,,Neutral,49.0
0xb1231a4a2dd02f2276fa3c5e2a2f3436e6bfed23,2024-12-04,44,274999.139393,44,44,6249.985227272727,274999.35,0,44,0.0,1.0,Extreme Greed,78.0
0xb1231a4a2dd02f2276fa3c5e2a2f3436e6bfed23,2024-12-05,4,49999.876084999996,4,4,12499.98,49999.92,0,4,0.0,1.0,Extreme Greed,84.0
0xb1231a4a2dd02f2276fa3c5e2a2f3436e6bfed23,2024-12-06,25,74999.848329,25,25,2999.9956,74999.89,0,25,0.0,1.0,Greed,72.0
0xb1231a4a2dd02f2276fa3c5e2a2f3436e6bfed23,2024-12-07,5,74999.62263,3,3,15999.469999999998,79997.34999999999,0,5,0.0,1.0,Extreme Greed,75.0
0xb1231a4a2dd02f2276fa3c5e2a2f3436e6bfed23,2024-12-08,145,0.0,0,0,3572.0706206896552,517950.24,0,145,0.0,,Extreme Greed,79.0
0xb1231a4a2dd02f2276fa3c5e2a2f3436e6bfed23,2024-12-11,156,274998.942584,156,156,1762.8148717948718,274999.12,0,156,0.0,1.0,Greed,74.0
0xb1231a4a2dd02f2276fa3c5e2a2f3436e6bfed23,2024-12-12,314,449328.107544,314,314,1430.9824522292993,449328.49,0,314,0.0,1.0,Extreme Greed,83.0
0xb1231a4a2dd02f2276fa3c5e2a2f3436e6bfed23,2024-12-14,50,100273.248286,50,50,2005.4666,100273.33,0,50,0.0,1.0,Extreme Greed,83.0
0xb1231a4a2dd02f2276fa3c5e2a2f3436e6bfed23,2024-12-15,26,49955.768945,26,26,1921.375769230769,49955.77,0,26,0.0,1.0,Extreme Greed,80.0
0xb1231a4a2dd02f2276fa3c5e2a2f3436e6bfed23,2024-12-17,38,50346.757308,30,30,2640.7076315789473,100346.89,0,38,0.0,1.0,Extreme Greed,87.0
0xb1231a4a2dd02f2276fa3c5e2a2f3436e6bfed23,2024-12-18,18,2222.47801,18,18,2654.303888888889,47777.47,18,0,,1.0,Extreme Greed,81.0
0xb1231a4a2dd02f2276fa3c5e2a2f3436e6bfed23,2024-12-20,43,0.0,0,0,2321.7200000000003,99833.96,0,43,0.0,,Greed,74.0
0xb1231a4a2dd02f2276fa3c5e2a2f3436e6bfed23,2024-12-21,62,0.0,0,0,1608.8398387096772,99748.06999999999,0,62,0.0,,Greed,73.0
0xb1231a4a2dd02f2276fa3c5e2a2f3436e6bfed23,2024-12-23,63,20549.813184,44,44,3635.03126984127,229006.97,44,19,2.3157894736842106,1.0,Greed,70.0
0xb1231a4a2dd02f2276fa3c5e2a2f3436e6bfed23,2024-12-24,7,0.0,0,0,10714.267142857143,74999.87,0,7,0.0,,Greed,73.0
0xb1231a4a2dd02f2276fa3c5e2a2f3436e6bfed23,2024-12-26,61,10371.049075,61,61,1878.7534426229506,114603.95999999999,61,0,,1.0,Extreme Greed,79.0
0xb1231a4a2dd02f2276fa3c5e2a2f3436e6bfed23,2024-12-30,25,0.0,0,0,3301.7203999999997,82543.01,0,25,0.0,,Greed,65.0
0xb1231a4a2dd02f2276fa3c5e2a2f3436e6bfed23,2025-01-02,6,0.0,0,0,1666.6133333333335,9999.68,6,0,,,Greed,70.0
0xb1231a4a2dd02f2276fa3c5e2a2f3436e6bfed23,2025-01-03,18,0.0,0,0,557.795,10040.31,18,0,,,Greed,74.0
0xb1231a4a2dd02f2276fa3c5e2a2f3436e6bfed23,2025-01-04,19,1659.7995640000001,13,13,1695.0778947368422,32206.48,6,13,0.46153846153846156,1.0,Greed,73.0
0xb1231a4a2dd02f2276fa3c5e2a2f3436e6bfed23,2025-01-05,33,956.5545050000001,32,32,332.21393939393937,10963.06,0,33,0.0,1.0,Greed,72.0
0xb1231a4a2dd02f2276fa3c5e2a2f3436e6bfed23,2025-01-06,85,281.45074800000003,28,28,237.78799999999998,20211.98,57,28,2.0357142857142856,1.0,Extreme Greed,76.0
0xb1231a4a2dd02f2276fa3c5e2a2f3436e6bfed23,2025-01-08,16,0.0,0,0,944.90625,15118.5,16,0,,,Greed,70.0
0xb1231a4a2dd02f2276fa3c5e2a2f3436e6bfed23,2025-01-15,11,5383.278555,11,11,491.1363636363636,5402.5,0,11,0.0,1.0,Greed,70.0
0xb1231a4a2dd02f2276fa3c5e2a2f3436e6bfed23,2025-01-16,23,897.284184,11,11,1393.2204347826087,32044.07,11,12,0.9166666666666666,1.0,Extreme Greed,75.0
0xb1231a4a2dd02f2276fa3c5e2a2f3436e6bfed23,2025-01-18,101,7393.785411,39,39,1905.1814851485146,192423.33,39,62,0.6290322580645161,1.0,Extreme Greed,77.0
0xb1231a4a2dd02f2276fa3c5e2a2f3436e6bfed23,2025-01-19,3,3867.854339,3,3,6311.63,18934.89,0,3,0.0,1.0,Extreme Greed,77.0
0xb1231a4a2dd02f2276fa3c5e2a2f3436e6bfed23,2025-01-20,23,0.0,0,0,1310.68,30145.64,23,0,,,Extreme Greed,76.0
0xb1231a4a2dd02f2276fa3c5e2a2f3436e6bfed23,2025-01-21,52,2997.363771,22,22,1598.0225,83097.17,0,52,0.0,1.0,Extreme Greed,76.0
0xb1231a4a2dd02f2276fa3c5e2a2f3436e6bfed23,2025-01-22,111,0.0,0,0,1799.2789189189189,199719.96,0,111,0.0,,Extreme Greed,84.0
0xb1231a4a2dd02f2276fa3c5e2a2f3436e6bfed23,2025-01-23,90,25224.994585,90,90,2493.861,224447.49,90,0,,1.0,Extreme Greed,75.0
0xb1231a4a2dd02f2276fa3c5e2a2f3436e6bfed23,2025-01-25,15,0.0,0,0,1004.8726666666666,15073.09,15,0,,,Extreme Greed,75.0
0xb1231a4a2dd02f2276fa3c5e2a2f3436e6bfed23,2025-01-27,13,0.0,0,0,3464.2846153846153,45035.7,13,0,,,Greed,71.0
0xb1231a4a2dd02f2276fa3c5e2a2f3436e6bfed23,2025-01-29,40,0.0,0,0,305.256,12210.24,40,0,,,Greed,72.0
0xb1231a4a2dd02f2276fa3c5e2a2f3436e6bfed23,2025-01-30,336,2503.8204370000003,3,3,1614.6436011904761,542520.25,0,336,0.0,1.0,Greed,70.0
0xb1231a4a2dd02f2276fa3c5e2a2f3436e6bfed23,2025-01-31,58,0.0,0,0,1723.3093103448277,99951.94,0,58,0.0,,Extreme Greed,76.0
0xb1231a4a2dd02f2276fa3c5e2a2f3436e6bfed23,2025-02-01,11,15452.344326,3,3,1400.39,15404.29,11,0,,1.0,Greed,68.0
0xb1231a4a2dd02f2276fa3c5e2a2f3436e6bfed23,2025-02-02,88,69051.70619,71,71,6537.665,575314.52,88,0,,1.0,Greed,60.0
0xb1231a4a2dd02f2276fa3c5e2a2f3436e6bfed23,2025-02-03,258,46742.288748,89,89,1333.0556976744185,343928.37,127,131,0.9694656488549618,1.0,Fear,44.0
0xb1231a4a2dd02f2276fa3c5e2a2f3436e6bfed23,2025-02-04,661,16102.444634,258,238,2456.432904689864,1623702.15,258,403,0.6401985111662531,0.9224806201550387,Greed,72.0
0xb1231a4a2dd02f2276fa3c5e2a2f3436e6bfed23,2025-02-05,218,14644.100674,92,92,2359.758899082569,514427.44,92,126,0.7301587301587301,1.0,Neutral,54.0
0xb1231a4a2dd02f2276fa3c5e2a2f3436e6bfed23,2025-02-06,419,51100.947505,355,355,1617.0732696897373,677553.7,355,64,5.546875,1.0,Neutral,49.0
0xb1231a4a2dd02f2276fa3c5e2a2f3436e6bfed23,2025-02-07,143,1831.9529619999998,48,48,1073.4656643356643,153505.59,105,38,2.763157894736842,1.0,Fear,44.0
0xb1231a4a2dd02f2276fa3c5e2a2f3436e6bfed23,2025-02-09,67,115791.92916,12,12,2647.2844776119405,177368.06,34,33,1.0303030303030303,1.0,Neutral,46.0
0xb1231a4a2dd02f2276fa3c5e2a2f3436e6bfed23,2025-02-10,17,0.0,0,0,1960.124705882353,33322.12,0,17,0.0,,Fear,43.0
0xb1231a4a2dd02f2276fa3c5e2a2f3436e6bfed23,2025-02-11,121,0.0,0,0,2285.4152892561983,276535.25,0,121,0.0,,Neutral,47.0
0xb1231a4a2dd02f2276fa3c5e2a2f3436e6bfed23,2025-02-12,243,8664.933786,76,76,1698.3335802469135,412695.06,102,141,0.723404255319149,1.0,Neutral,46.0
0xb1231a4a2dd02f2276fa3c5e2a2f3436e6bfed23,2025-02-13,168,0.0,0,0,1735.2890476190476,291528.56,0,168,0.0,,Neutral,50.0
0xb1231a4a2dd02f2276fa3c5e2a2f3436e6bfed23,2025-02-14,165,0.0,0,0,1615.370303030303,266536.1,0,165,0.0,,Neutral,48.0
0xb1231a4a2dd02f2276fa3c5e2a2f3436e6bfed23,2025-02-18,264,73677.453556,264,264,2654.748446969697,700853.59,264,0,,1.0,Neutral,47.0
0xb1231a4a2dd02f2276fa3c5e2a2f3436e6bfed23,2025-02-19,85,3350.218775,26,26,2310.5601176470586,196397.61,26,59,0.4406779661016949,1.0,Fear,44.0
0xb1231a4a2dd02f2276fa3c5e2a2f3436e6bfed23,2025-02-20,279,0.0,0,0,1452.1574910394265,405151.94,39,240,0.1625,,Neutral,49.0
0xb1231a4a2dd02f2276fa3c5e2a2f3436e6bfed23,2025-02-21,58,3056.449155,31,31,4768.487241379311,276572.26,31,27,1.1481481481481481,1.0,Greed,55.0
0xb1231a4a2dd02f2276fa3c5e2a2f3436e6bfed23,2025-02-22,127,5628.488702,93,93,1574.8144094488189,200001.43,93,34,2.735294117647059,1.0,Neutral,49.0
0xb1231a4a2dd02f2276fa3c5e2a2f3436e6bfed23,2025-02-23,88,8934.09502,88,88,2278.3786363636364,200497.32,88,0,,1.0,Neutral,50.0
0xb1231a4a2dd02f2276fa3c5e2a2f3436e6bfed23,2025-02-24,208,10841.97075,126,126,1111.8584134615385,231266.55,208,0,,1.0,Neutral,49.0
0xb1231a4a2dd02f2276fa3c5e2a2f3436e6bfed23,2025-02-25,71,0.0,0,0,1418.0078873239436,100678.56,71,0,,,Fear,25.0
0xb1231a4a2dd02f2276fa3c5e2a2f3436e6bfed23,2025-02-26,26,0.0,0,0,66.875,1738.75,26,0,,,Extreme Fear,21.0
0xb1231a4a2dd02f2276fa3c5e2a2f3436e6bfed23,2025-02-27,10,0.0,0,0,1508.357,15083.57,10,0,,,Extreme Fear,10.0
0xb1231a4a2dd02f2276fa3c5e2a2f3436e6bfed23,2025-03-04,77,0.0,0,0,1769.9948051948052,136289.6,77,0,,,Extreme Fear,15.0
0xb1231a4a2dd02f2276fa3c5e2a2f3436e6bfed23,2025-03-05,89,4647.056049,57,57,2021.519213483146,179915.21,32,57,0.5614035087719298,1.0,Extreme Fear,20.0
0xb1231a4a2dd02f2276fa3c5e2a2f3436e6bfed23,2025-03-06,66,698.036952,29,29,1905.741818181818,125778.95999999999,37,29,1.2758620689655173,1.0,Fear,25.0
0xb1231a4a2dd02f2276fa3c5e2a2f3436e6bfed23,2025-03-07,49,0.0,0,0,2891.8463265306123,141700.47,49,0,,,Fear,34.0
0xb1231a4a2dd02f2276fa3c5e2a2f3436e6bfed23,2025-03-08,138,2923.553302,117,117,1772.4605797101449,244599.56,21,117,0.1794871794871795,1.0,Fear,28.0
0xb1231a4a2dd02f2276fa3c5e2a2f3436e6bfed23,2025-03-09,296,2752.480766,90,90,1777.5894594594595,526166.48,206,90,2.2888888888888888,1.0,Fear,27.0
0xb1231a4a2dd02f2276fa3c5e2a2f3436e6bfed23,2025-03-10,61,0.0,0,0,2392.7903278688523,145960.21,61,0,,,Extreme Fear,20.0
0xb1231a4a2dd02f2276fa3c5e2a2f3436e6bfed23,2025-03-11,273,2349.7162,260,130,1993.2828205128203,544166.21,13,260,0.05,0.5,Extreme Fear,24.0
0xb1231a4a2dd02f2276fa3c5e2a2f3436e6bfed23,2025-03-12,334,1215.156099,34,34,1351.2349101796408,451312.46,300,34,8.823529411764707,1.0,Fear,34.0
0xb1231a4a2dd02f2276fa3c5e2a2f3436e6bfed23,2025-03-13,42,0.0,0,0,1190.9719047619049,50020.82,42,0,,,Neutral,45.0
0xb1231a4a2dd02f2276fa3c5e2a2f3436e6bfed23,2025-03-14,323,22911.093812,323,323,1309.496439628483,422967.35,0,323,0.0,1.0,Fear,27.0
0xb1231a4a2dd02f2276fa3c5e2a2f3436e6bfed23,2025-03-17,113,646.346496,30,30,718.1312389380531,81148.83,83,30,2.7666666666666666,1.0,Fear,32.0
0xb1231a4a2dd02f2276fa3c5e2a2f3436e6bfed23,2025-03-20,30,824.5402799999999,10,10,1638.5426666666667,49156.28,10,20,0.5,1.0,Neutral,49.0
0xb1231a4a2dd02f2276fa3c5e2a2f3436e6bfed23,2025-03-24,57,0.0,0,0,1314.4001754385965,74920.81,0,57,0.0,,Neutral,45.0
0xb1231a4a2dd02f2276fa3c5e2a2f3436e6bfed23,2025-03-26,38,2597.947325,38,38,1903.2236842105262,72322.5,38,0,,1.0,Neutral,47.0
0xb1231a4a2dd02f2276fa3c5e2a2f3436e6bfed23,2025-04-03,9,0.0,0,0,5555.549999999999,49999.95,9,0,,,Fear,25.0
0xb1231a4a2dd02f2276fa3c5e2a2f3436e6bfed23,2025-04-04,99,2242.086667,65,65,1138.8816161616162,112749.28,34,65,0.5230769230769231,1.0,Fear,28.0
0xb1231a4a2dd02f2276fa3c5e2a2f3436e6bfed23,2025-04-07,80,3601.4274,38,38,1713.7372500000001,137098.98,42,38,1.105263157894737,1.0,Extreme Fear,23.0
0xb1231a4a2dd02f2276fa3c5e2a2f3436e6bfed23,2025-04-11,20,0.0,0,0,1665.941,33318.82,0,20,0.0,,Fear,25.0
0xb1231a4a2dd02f2276fa3c5e2a2f3436e6bfed23,2025-04-12,17,0.0,0,0,3918.2294117647057,66609.9,0,17,0.0,,Fear,43.0
0xb1231a4a2dd02f2276fa3c5e2a2f3436e6bfed23,2025-04-13,30,0.0,0,0,1111.095,33332.85,0,30,0.0,,Neutral,45.0
0xb1231a4a2dd02f2276fa3c5e2a2f3436e6bfed23,2025-04-15,50,0.0,0,0,1466.164,73308.2,0,50,0.0,,Fear,38.0
0xb1231a4a2dd02f2276fa3c5e2a2f3436e6bfed23,2025-04-17,105,0.0,0,0,1174.1429523809522,123285.01,0,105,0.0,,Fear,30.0
0xb1231a4a2dd02f2276fa3c5e2a2f3436e6bfed23,2025-04-18,50,0.0,0,0,1165.7812,58289.06,0,50,0.0,,Fear,33.0
0xb1231a4a2dd02f2276fa3c5e2a2f3436e6bfed23,2025-04-19,98,0.0,0,0,1444.9214285714284,141602.3,0,98,0.0,,Fear,32.0
0xb1231a4a2dd02f2276fa3c5e2a2f3436e6bfed23,2025-04-20,73,0.0,0,0,1140.8187671232877,83279.77,0,73,0.0,,Fear,37.0
0xb1231a4a2dd02f2276fa3c5e2a2f3436e6bfed23,2025-04-22,73,0.0,0,0,1461.1758904109588,106665.84,0,73,0.0,,Neutral,47.0
0xb1231a4a2dd02f2276fa3c5e2a2f3436e6bfed23,2025-04-23,6,0.0,0,0,9722.050000000001,58332.3,0,6,0.0,,Greed,72.0
0xb1231a4a2dd02f2276fa3c5e2a2f3436e6bfed23,2025-05-01,73,102460.17164,57,57,3462.1106849315065,252734.08,57,16,3.5625,1.0,Neutral,53.0
0xb899e522b5715391ae1d4f137653e7906c5e2115,2025-02-28,7,-72.202951,5,0,735.4342857142857,5148.04,2,5,0.4,0.0,Extreme Fear,16.0
0xb899e522b5715391ae1d4f137653e7906c5e2115,2025-03-02,155,34795.678173,75,75,24787.07348387097,3841996.39,80,75,1.0666666666666667,1.0,Fear,26.0
0xb899e522b5715391ae1d4f137653e7906c5e2115,2025-03-03,31,535.4072209999999,14,14,16874.44419354839,523107.77,17,14,1.2142857142857142,1.0,Fear,33.0
0xb899e522b5715391ae1d4f137653e7906c5e2115,2025-03-04,124,4578.655427,63,63,17691.147903225807,2193702.34,51,73,0.6986301369863014,1.0,Extreme Fear,15.0
0xb899e522b5715391ae1d4f137653e7906c5e2115,2025-03-05,100,2036.224492,38,38,17587.334199999998,1758733.42,62,38,1.631578947368421,1.0,Extreme Fear,20.0
0xb899e522b5715391ae1d4f137653e7906c5e2115,2025-03-06,375,5348.989502,228,228,13031.173493333332,4886690.06,156,219,0.7123287671232876,1.0,Fear,25.0
0xb899e522b5715391ae1d4f137653e7906c5e2115,2025-03-07,659,5348.62711,361,303,19006.84864946889,12525513.26,298,361,0.8254847645429363,0.8393351800554016,Fear,34.0
0xb899e522b5715391ae1d4f137653e7906c5e2115,2025-03-09,630,10760.578324,384,384,13882.096698412699,8745720.92,379,251,1.5099601593625498,1.0,Fear,27.0
0xb899e522b5715391ae1d4f137653e7906c5e2115,2025-03-10,358,9163.142483,120,120,21399.0256424581,7660851.18,238,120,1.9833333333333334,1.0,Extreme Fear,20.0
0xb899e522b5715391ae1d4f137653e7906c5e2115,2025-03-11,466,-57956.282957999996,323,89,15135.68212446352,7053227.87,166,300,0.5533333333333333,0.2755417956656347,Extreme Fear,24.0
0xb899e522b5715391ae1d4f137653e7906c5e2115,2025-03-12,251,4544.583988,146,146,28258.839880478085,7092968.81,146,105,1.3904761904761904,1.0,Fear,34.0
0xb899e522b5715391ae1d4f137653e7906c5e2115,2025-03-13,41,3896.9493979999997,23,23,27309.887804878046,1119705.4,23,18,1.2777777777777777,1.0,Neutral,45.0
0xb899e522b5715391ae1d4f137653e7906c5e2115,2025-03-14,82,1188.74187,46,46,40522.281463414634,3322827.08,46,36,1.2777777777777777,1.0,Fear,27.0
0xb899e522b5715391ae1d4f137653e7906c5e2115,2025-03-15,65,594.5722,37,37,29067.860615384616,1889410.94,37,28,1.3214285714285714,1.0,Neutral,46.0
0xb899e522b5715391ae1d4f137653e7906c5e2115,2025-03-16,246,-16453.702941,118,52,37204.39219512195,9152280.48,101,145,0.696551724137931,0.4406779661016949,Fear,30.0
0xb899e522b5715391ae1d4f137653e7906c5e2115,2025-03-17,51,812.52566,37,37,31991.233333333337,1631552.9000000001,37,14,2.642857142857143,1.0,Fear,32.0
0xb899e522b5715391ae1d4f137653e7906c5e2115,2025-03-18,32,1157.213435,11,11,49549.2075,1585574.64,11,21,0.5238095238095238,1.0,Fear,34.0
0xb899e522b5715391ae1d4f137653e7906c5e2115,2025-03-20,2,38.9845,1,1,2217.9049999999997,4435.8099999999995,1,1,1.0,1.0,Neutral,49.0
0xb899e522b5715391ae1d4f137653e7906c5e2115,2025-03-21,28,829.63013,14,14,55552.7575,1555477.21,14,14,1.0,1.0,Fear,31.0
0xb899e522b5715391ae1d4f137653e7906c5e2115,2025-03-23,20,907.21938,6,6,81858.2115,1637164.23,6,14,0.42857142857142855,1.0,Fear,30.0
0xb899e522b5715391ae1d4f137653e7906c5e2115,2025-03-25,95,-836.051084,47,22,35299.146315789476,3353418.9,47,48,0.9791666666666666,0.46808510638297873,Neutral,46.0
0xb899e522b5715391ae1d4f137653e7906c5e2115,2025-03-26,91,-774.039828,57,0,10956.067912087912,997002.1799999999,34,57,0.5964912280701754,0.0,Neutral,47.0
0xb899e522b5715391ae1d4f137653e7906c5e2115,2025-03-30,48,685.277142,24,24,27852.182083333333,1336904.74,24,24,1.0,1.0,Fear,32.0
0xb899e522b5715391ae1d4f137653e7906c5e2115,2025-04-03,24,361.071464,7,7,28371.712916666667,680921.11,12,12,1.0,1.0,Fear,25.0
0xb899e522b5715391ae1d4f137653e7906c5e2115,2025-04-04,6,0.0,0,0,16948.606666666667,101691.64,6,0,,,Fear,28.0
0xb899e522b5715391ae1d4f137653e7906c5e2115,2025-04-05,5,611.49348,5,5,20460.626,102303.13,0,5,0.0,1.0,Fear,30.0
0xb899e522b5715391ae1d4f137653e7906c5e2115,2025-04-06,25,254.093244,17,17,19103.7724,477594.31,8,17,0.47058823529411764,1.0,Fear,34.0
0xb899e522b5715391ae1d4f137653e7906c5e2115,2025-04-07,113,1291.1500099999998,41,30,23639.45185840708,2671258.06,72,41,1.7560975609756098,0.7317073170731707,Extreme Fear,23.0
0xb899e522b5715391ae1d4f137653e7906c5e2115,2025-04-08,187,936.6942779999999,127,77,27027.108770053474,5054069.34,60,127,0.47244094488188976,0.6062992125984252,Extreme Fear,24.0
0xb899e522b5715391ae1d4f137653e7906c5e2115,2025-04-09,222,6800.812401,113,113,27989.12873873874,6213586.58,109,113,0.9646017699115044,1.0,Extreme Fear,18.0
0xb899e522b5715391ae1d4f137653e7906c5e2115,2025-04-10,116,-117.61638999999997,66,64,27220.127586206894,3157534.8,50,66,0.7575757575757576,0.9696969696969697,Fear,39.0
0xb899e522b5715391ae1d4f137653e7906c5e2115,2025-04-11,128,-482.407981,60,49,40357.236015625,5165726.21,60,68,0.8823529411764706,0.8166666666666667,Fear,25.0
0xb899e522b5715391ae1d4f137653e7906c5e2115,2025-04-12,7,50.56792,4,4,23303.475714285716,163124.33000000002,4,3,1.3333333333333333,1.0,Fear,43.0
0xb899e522b5715391ae1d4f137653e7906c5e2115,2025-04-13,20,1097.533742,3,3,10551.1865,211023.73,3,17,0.17647058823529413,1.0,Neutral,45.0
0xb899e522b5715391ae1d4f137653e7906c5e2115,2025-04-15,28,554.38798,20,20,35885.474642857145,1004793.29,8,20,0.4,1.0,Fear,38.0
0xbaaaf6571ab7d571043ff1e313a9609a10637864,2024-12-28,4,-0.06076,2,0,86.5075,346.03,2,2,1.0,0.0,Greed,72.0
0xbaaaf6571ab7d571043ff1e313a9609a10637864,2025-02-19,121,31.42038,2,2,4940.588512396694,597811.21,119,2,59.5,1.0,Fear,44.0
0xbaaaf6571ab7d571043ff1e313a9609a10637864,2025-02-20,185,35262.804627,185,185,3421.6945405405404,633013.49,0,185,0.0,1.0,Neutral,49.0
0xbaaaf6571ab7d571043ff1e313a9609a10637864,2025-02-24,4083,22037.667762,1824,1824,1645.9218834190547,6720299.05,2259,1824,1.238486842105263,1.0,Neutral,49.0
0xbaaaf6571ab7d571043ff1e313a9609a10637864,2025-02-25,3292,5672.328492,617,555,3167.5804404617256,10427674.81,2675,617,4.3354943273906,0.899513776337115,Fear,25.0
0xbaaaf6571ab7d571043ff1e313a9609a10637864,2025-02-26,470,23589.520054,470,470,7136.707680851064,3354252.61,0,470,0.0,1.0,Extreme Fear,21.0
0xbaaaf6571ab7d571043ff1e313a9609a10637864,2025-03-04,563,0.0,0,0,6625.281438721137,3730033.45,563,0,,,Extreme Fear,15.0
0xbaaaf6571ab7d571043ff1e313a9609a10637864,2025-03-05,983,229058.684298,898,898,4677.476866734486,4597959.76,85,898,0.09465478841870824,1.0,Extreme Fear,20.0
0xbaaaf6571ab7d571043ff1e313a9609a10637864,2025-03-06,71,0.0,0,0,9899.837042253523,702888.43,71,0,,,Fear,25.0
0xbaaaf6571ab7d571043ff1e313a9609a10637864,2025-03-07,829,87405.926823,564,564,4768.31558504222,3952933.62,265,564,0.4698581560283688,1.0,Fear,34.0
0xbaaaf6571ab7d571043ff1e313a9609a10637864,2025-03-09,47,10.184488,8,8,1697.1225531914893,79764.76,39,8,4.875,1.0,Fear,27.0
0xbaaaf6571ab7d571043ff1e313a9609a10637864,2025-03-10,667,5832.316116,208,208,5033.190044977511,3357137.76,459,208,2.206730769230769,1.0,Extreme Fear,20.0
0xbaaaf6571ab7d571043ff1e313a9609a10637864,2025-03-11,1651,1058.58,77,77,2186.8561296184134,3610499.47,1574,77,20.441558441558442,1.0,Extreme Fear,24.0
0xbaaaf6571ab7d571043ff1e313a9609a10637864,2025-03-12,2617,289639.089112,1708,1708,3118.5291555215895,8161190.8,909,1708,0.5322014051522248,1.0,Fear,34.0
0xbaaaf6571ab7d571043ff1e313a9609a10637864,2025-03-13,1,66.447417,1,1,22791.99,22791.99,0,1,0.0,1.0,Neutral,45.0
0xbaaaf6571ab7d571043ff1e313a9609a10637864,2025-03-14,1662,16591.266757,1478,1478,2140.244061371841,3557085.63,184,1478,0.12449255751014884,1.0,Fear,27.0
0xbaaaf6571ab7d571043ff1e313a9609a10637864,2025-03-27,147,18422.612928,29,29,5352.478163265307,786814.29,118,29,4.068965517241379,1.0,Fear,40.0
0xbaaaf6571ab7d571043ff1e313a9609a10637864,2025-03-28,167,0.0,0,0,1783.29622754491,297810.47,167,0,,,Fear,44.0
0xbaaaf6571ab7d571043ff1e313a9609a10637864,2025-03-29,600,720.749699,246,246,2584.3467833333334,1550608.07,354,246,1.4390243902439024,1.0,Fear,26.0
0xbaaaf6571ab7d571043ff1e313a9609a10637864,2025-03-30,354,0.0,0,0,3000.0830508474573,1062029.4,354,0,,,Fear,32.0
0xbaaaf6571ab7d571043ff1e313a9609a10637864,2025-03-31,33,0.0,0,0,8569.022424242425,282777.74,33,0,,,Fear,34.0
0xbaaaf6571ab7d571043ff1e313a9609a10637864,2025-04-02,743,188114.980392,743,743,3804.6953432032305,2826888.64,0,743,0.0,1.0,Fear,44.0
0xbaaaf6571ab7d571043ff1e313a9609a10637864,2025-04-03,937,3869.208803,498,476,4677.174855923159,4382512.84,439,498,0.8815261044176707,0.9558232931726908,Fear,25.0
0xbaaaf6571ab7d571043ff1e313a9609a10637864,2025-04-04,318,9367.872074,218,216,2198.7353773584905,699197.85,100,218,0.45871559633027525,0.9908256880733946,Fear,28.0
0xbaaaf6571ab7d571043ff1e313a9609a10637864,2025-04-06,499,1026.735896,172,172,2739.437655310621,1366979.39,327,172,1.9011627906976745,1.0,Fear,34.0
0xbaaaf6571ab7d571043ff1e313a9609a10637864,2025-04-07,146,2378.877324,47,47,8733.045479452056,1275024.6400000001,99,47,2.106382978723404,1.0,Extreme Fear,23.0
0xbaaaf6571ab7d571043ff1e313a9609a10637864,2025-04-30,1,4.733218,1,1,10.14,10.14,0,1,0.0,1.0,Greed,56.0
0xbaaaf6571ab7d571043ff1e313a9609a10637864,2025-05-01,1,1.86032,1,1,3.9,3.9,0,1,0.0,1.0,Neutral,53.0
0xbd5fead7180a9c139fa51a103cb6a2ce86ddb5c3,2024-12-10,52,0.0,0,0,2798.660769230769,145530.36,0,52,0.0,,Extreme Greed,78.0
0xbd5fead7180a9c139fa51a103cb6a2ce86ddb5c3,2024-12-11,17,0.0,0,0,637.4164705882353,10836.08,0,17,0.0,,Greed,74.0
0xbd5fead7180a9c139fa51a103cb6a2ce86ddb5c3,2024-12-12,1,0.0,0,0,5158.5,5158.5,0,1,0.0,,Extreme Greed,83.0
0xbd5fead7180a9c139fa51a103cb6a2ce86ddb5c3,2024-12-15,58,0.0,0,0,1122.5670689655171,65108.89,0,58,0.0,,Extreme Greed,80.0
0xbd5fead7180a9c139fa51a103cb6a2ce86ddb5c3,2024-12-16,4,0.0,0,0,663.0799999999999,2652.3199999999997,0,4,0.0,,Extreme Greed,83.0
0xbd5fead7180a9c139fa51a103cb6a2ce86ddb5c3,2024-12-17,2,0.0,0,0,1744.65,3489.3,0,2,0.0,,Extreme Greed,87.0
0xbd5fead7180a9c139fa51a103cb6a2ce86ddb5c3,2024-12-18,14,0.0,0,0,2207.8585714285714,30910.02,0,14,0.0,,Extreme Greed,81.0
0xbd5fead7180a9c139fa51a103cb6a2ce86ddb5c3,2024-12-19,37,-128.0,12,0,6080.864864864865,224992.0,8,29,0.27586206896551724,0.0,Extreme Greed,75.0
0xbd5fead7180a9c139fa51a103cb6a2ce86ddb5c3,2024-12-20,66,11799.68,41,41,2843.038636363636,187640.55,41,25,1.64,1.0,Greed,74.0
0xbd5fead7180a9c139fa51a103cb6a2ce86ddb5c3,2024-12-23,16,0.0,0,0,3216.5875,51465.4,0,16,0.0,,Greed,70.0
0xbd5fead7180a9c139fa51a103cb6a2ce86ddb5c3,2024-12-24,10,0.0,0,0,1070.0,10700.0,0,10,0.0,,Greed,73.0
0xbd5fead7180a9c139fa51a103cb6a2ce86ddb5c3,2024-12-29,39,0.0,0,0,2453.2941025641026,95678.47,0,39,0.0,,Greed,73.0
0xbd5fead7180a9c139fa51a103cb6a2ce86ddb5c3,2025-01-03,61,0.0,0,0,1834.7278688524589,111918.4,0,61,0.0,,Greed,74.0
0xbd5fead7180a9c139fa51a103cb6a2ce86ddb5c3,2025-01-08,22,1023.27508,21,21,1200.6454545454546,26414.2,21,1,21.0,1.0,Greed,70.0
0xbd5fead7180a9c139fa51a103cb6a2ce86ddb5c3,2025-01-14,8,0.0,0,0,1589.0237499999998,12712.189999999999,0,8,0.0,,Greed,63.0
0xbd5fead7180a9c139fa51a103cb6a2ce86ddb5c3,2025-01-15,3,0.0,0,0,1128.8333333333333,3386.5,0,3,0.0,,Greed,70.0
0xbd5fead7180a9c139fa51a103cb6a2ce86ddb5c3,2025-01-16,3,0.0,0,0,910.4933333333333,2731.48,0,3,0.0,,Extreme Greed,75.0
0xbd5fead7180a9c139fa51a103cb6a2ce86ddb5c3,2025-01-17,3,0.0,0,0,1519.4399999999998,4558.32,0,3,0.0,,Extreme Greed,75.0
0xbd5fead7180a9c139fa51a103cb6a2ce86ddb5c3,2025-01-18,12,-10750.654828,7,0,7729.219166666667,92750.63,7,5,1.4,0.0,Extreme Greed,77.0
0xbd5fead7180a9c139fa51a103cb6a2ce86ddb5c3,2025-01-19,30,-7963.5855,12,0,2508.4396666666667,75253.19,12,18,0.6666666666666666,0.0,Extreme Greed,77.0
0xbd5fead7180a9c139fa51a103cb6a2ce86ddb5c3,2025-01-20,33,24895.400898,26,26,4336.907878787879,143117.96,26,7,3.7142857142857144,1.0,Extreme Greed,76.0
0xbd5fead7180a9c139fa51a103cb6a2ce86ddb5c3,2025-01-27,23,20428.824,23,23,2342.7495652173916,53883.240000000005,23,0,,1.0,Greed,71.0
0xbd5fead7180a9c139fa51a103cb6a2ce86ddb5c3,2025-01-31,61,0.0,0,0,1589.025081967213,96930.53,0,61,0.0,,Extreme Greed,76.0
0xbd5fead7180a9c139fa51a103cb6a2ce86ddb5c3,2025-02-03,69,160022.95082600001,69,69,3243.988695652174,223835.22,69,0,,1.0,Fear,44.0
0xbd5fead7180a9c139fa51a103cb6a2ce86ddb5c3,2025-02-04,18,0.0,0,0,3777.777777777778,68000.0,0,18,0.0,,Greed,72.0
0xbd5fead7180a9c139fa51a103cb6a2ce86ddb5c3,2025-02-06,13,-24500.0,1,0,18423.076923076922,239500.0,12,1,12.0,0.0,Neutral,49.0
0xbd5fead7180a9c139fa51a103cb6a2ce86ddb5c3,2025-02-09,3,0.0,0,0,625.8133333333334,1877.44,0,3,0.0,,Neutral,46.0
0xbd5fead7180a9c139fa51a103cb6a2ce86ddb5c3,2025-02-10,22,0.0,0,0,591.3531818181818,13009.77,0,22,0.0,,Fear,43.0
0xbd5fead7180a9c139fa51a103cb6a2ce86ddb5c3,2025-02-15,4,0.0,0,0,805.4399999999999,3221.7599999999998,0,4,0.0,,Neutral,50.0
0xbd5fead7180a9c139fa51a103cb6a2ce86ddb5c3,2025-02-21,33,0.0,0,0,4675.215454545454,154282.11,6,27,0.2222222222222222,,Greed,55.0
0xbd5fead7180a9c139fa51a103cb6a2ce86ddb5c3,2025-02-22,138,15074.26913,40,36,7487.178405797102,1033230.62,86,52,1.6538461538461537,0.9,Neutral,49.0
0xbd5fead7180a9c139fa51a103cb6a2ce86ddb5c3,2025-02-23,73,0.0,0,0,2502.296301369863,182667.63,0,73,0.0,,Neutral,50.0
0xbd5fead7180a9c139fa51a103cb6a2ce86ddb5c3,2025-02-24,28,0.0,0,0,1796.1407142857145,50291.94,1,27,0.037037037037037035,,Neutral,49.0
0xbd5fead7180a9c139fa51a103cb6a2ce86ddb5c3,2025-02-25,28,3859.44,17,17,2181.2564285714284,61075.18,17,11,1.5454545454545454,1.0,Fear,25.0
0xbd5fead7180a9c139fa51a103cb6a2ce86ddb5c3,2025-02-26,42,-871.1949999999999,2,1,3619.3485714285716,152012.64,6,36,0.16666666666666666,0.5,Extreme Fear,21.0
0xbd5fead7180a9c139fa51a103cb6a2ce86ddb5c3,2025-02-27,90,-48309.11776,26,1,8859.279777777778,797335.18,5,85,0.058823529411764705,0.038461538461538464,Extreme Fear,10.0
0xbd5fead7180a9c139fa51a103cb6a2ce86ddb5c3,2025-02-28,59,67673.757678,57,57,8249.914915254238,486744.98,59,0,,1.0,Extreme Fear,16.0
0xbd5fead7180a9c139fa51a103cb6a2ce86ddb5c3,2025-03-02,84,-2632.65866,14,0,12216.244880952381,1026164.57,84,0,,0.0,Fear,26.0
0xbd5fead7180a9c139fa51a103cb6a2ce86ddb5c3,2025-03-03,136,57561.35367,125,112,8611.731764705883,1171195.52,75,61,1.2295081967213115,0.896,Fear,33.0
0xbd5fead7180a9c139fa51a103cb6a2ce86ddb5c3,2025-03-04,2,0.0,0,0,86000.0,172000.0,2,0,,,Extreme Fear,15.0
0xbd5fead7180a9c139fa51a103cb6a2ce86ddb5c3,2025-03-05,8,3677.4,8,8,22375.0,179000.0,0,8,0.0,1.0,Extreme Fear,20.0
0xbd5fead7180a9c139fa51a103cb6a2ce86ddb5c3,2025-03-06,16,0.0,0,0,2433.409375,38934.55,3,13,0.23076923076923078,,Fear,25.0
0xbd5fead7180a9c139fa51a103cb6a2ce86ddb5c3,2025-03-07,147,43861.966536,100,97,9958.719795918369,1463931.81,116,31,3.7419354838709675,0.97,Fear,34.0
0xbd5fead7180a9c139fa51a103cb6a2ce86ddb5c3,2025-03-08,36,5836.8743,36,36,1318.431388888889,47463.53,36,0,,1.0,Fear,28.0
0xbd5fead7180a9c139fa51a103cb6a2ce86ddb5c3,2025-03-11,7,0.0,0,0,4591.028571428572,32137.2,0,7,0.0,,Extreme Fear,24.0
0xbd5fead7180a9c139fa51a103cb6a2ce86ddb5c3,2025-03-12,57,-15387.62119,10,0,24693.342631578947,1407520.53,47,10,4.7,0.0,Fear,34.0
0xbd5fead7180a9c139fa51a103cb6a2ce86ddb5c3,2025-03-18,27,-120.432,1,0,17589.48851851852,474916.19,17,10,1.7,0.0,Fear,34.0
0xbd5fead7180a9c139fa51a103cb6a2ce86ddb5c3,2025-03-19,26,0.0,0,0,4414.302692307692,114771.87,18,8,2.25,,Fear,32.0
0xbd5fead7180a9c139fa51a103cb6a2ce86ddb5c3,2025-03-26,3,0.0,0,0,32793.78333333333,98381.35,2,1,2.0,,Neutral,47.0
0xbd5fead7180a9c139fa51a103cb6a2ce86ddb5c3,2025-03-27,21,0.0,0,0,24814.283809523808,521099.95999999996,21,0,,,Fear,40.0
0xbd5fead7180a9c139fa51a103cb6a2ce86ddb5c3,2025-03-31,3,-8320.5,3,0,138666.66666666666,416000.0,0,3,0.0,0.0,Fear,34.0
0xbd5fead7180a9c139fa51a103cb6a2ce86ddb5c3,2025-04-01,28,-9311.892185,20,0,5608.603928571429,157040.91,20,8,2.5,0.0,Fear,34.0
0xbd5fead7180a9c139fa51a103cb6a2ce86ddb5c3,2025-04-02,66,2676.6850000000004,62,62,2821.9739393939394,186250.28,0,66,0.0,1.0,Fear,44.0
0xbd5fead7180a9c139fa51a103cb6a2ce86ddb5c3,2025-04-03,12,-5862.0887760000005,12,0,7051.005833333334,84612.07,12,0,,0.0,Fear,25.0
0xbd5fead7180a9c139fa51a103cb6a2ce86ddb5c3,2025-04-04,132,-43753.361578,59,24,5448.201969696969,719162.6599999999,24,108,0.2222222222222222,0.4067796610169492,Fear,28.0
0xbd5fead7180a9c139fa51a103cb6a2ce86ddb5c3,2025-04-07,108,51942.142881,30,30,15608.295185185187,1685695.8800000001,57,51,1.1176470588235294,1.0,Extreme Fear,23.0
0xbd5fead7180a9c139fa51a103cb6a2ce86ddb5c3,2025-04-09,71,-36400.46439,48,0,5228.704647887324,371238.03,71,0,,0.0,Extreme Fear,18.0
0xbd5fead7180a9c139fa51a103cb6a2ce86ddb5c3,2025-04-10,130,19858.73334,130,130,2053.538692307692,266960.02999999997,28,102,0.27450980392156865,1.0,Fear,39.0
0xbd5fead7180a9c139fa51a103cb6a2ce86ddb5c3,2025-04-12,24,0.0,0,0,53073.62666666667,1273767.04,24,0,,,Fear,43.0
0xbd5fead7180a9c139fa51a103cb6a2ce86ddb5c3,2025-04-13,35,32724.19729,31,31,24908.65857142857,871803.0499999999,0,35,0.0,1.0,Neutral,45.0
0xbd5fead7180a9c139fa51a103cb6a2ce86ddb5c3,2025-04-14,51,0.0,0,0,985.0413725490196,50237.11,47,4,11.75,,Fear,31.0
0xbd5fead7180a9c139fa51a103cb6a2ce86ddb5c3,2025-04-15,27,18951.678454,27,27,23060.654814814818,622637.68,0,27,0.0,1.0,Fear,38.0
0xbd5fead7180a9c139fa51a103cb6a2ce86ddb5c3,2025-04-16,15,9556.6,15,15,17059.466,255891.99,0,15,0.0,1.0,Fear,29.0
0xbd5fead7180a9c139fa51a103cb6a2ce86ddb5c3,2025-04-17,11,0.0,0,0,1086.4290909090907,11950.72,0,11,0.0,,Fear,30.0
0xbd5fead7180a9c139fa51a103cb6a2ce86ddb5c3,2025-04-19,13,0.0,0,0,8027.694615384616,104360.03,0,13,0.0,,Fear,32.0
0xbd5fead7180a9c139fa51a103cb6a2ce86ddb5c3,2025-04-23,34,-2993.575225,15,0,1538.6438235294117,52313.89,14,20,0.7,0.0,Greed,72.0
0xbd5fead7180a9c139fa51a103cb6a2ce86ddb5c3,2025-05-01,116,-113601.02013799999,77,1,16681.46775862069,1935050.26,76,40,1.9,0.012987012987012988,Neutral,53.0
0xbee1707d6b44d4d52bfe19e41f8a828645437aab,2024-12-08,92,15206.395076,84,84,3401.4840217391306,312936.53,15,77,0.19480519480519481,1.0,Extreme Greed,79.0
0xbee1707d6b44d4d52bfe19e41f8a828645437aab,2024-12-09,143,2397.068675,9,9,3120.5087412587413,446232.75,134,9,14.88888888888889,1.0,Extreme Greed,78.0
0xbee1707d6b44d4d52bfe19e41f8a828645437aab,2024-12-10,928,26600.990442,708,535,1859.9979202586208,1726078.07,220,708,0.3107344632768362,0.7556497175141242,Extreme Greed,78.0
0xbee1707d6b44d4d52bfe19e41f8a828645437aab,2024-12-11,530,24663.690943,519,519,1207.490075471698,639969.74,11,519,0.02119460500963391,1.0,Greed,74.0
0xbee1707d6b44d4d52bfe19e41f8a828645437aab,2024-12-12,1041,130826.491662,868,848,2596.416272814601,2702869.34,167,874,0.19107551487414187,0.9769585253456221,Extreme Greed,83.0
0xbee1707d6b44d4d52bfe19e41f8a828645437aab,2024-12-13,277,9405.233313,70,70,2702.6475451263536,748633.37,208,69,3.0144927536231885,1.0,Extreme Greed,76.0
0xbee1707d6b44d4d52bfe19e41f8a828645437aab,2024-12-14,70,1294.450646,4,4,6203.194285714286,434223.6,66,4,16.5,1.0,Extreme Greed,83.0
0xbee1707d6b44d4d52bfe19e41f8a828645437aab,2024-12-15,9,1703.2571850000002,2,2,2227.3388888888894,20046.050000000003,7,2,3.5,1.0,Extreme Greed,80.0
0xbee1707d6b44d4d52bfe19e41f8a828645437aab,2024-12-16,245,126852.290809,116,116,4090.4684897959187,1002164.78,129,116,1.1120689655172413,1.0,Extreme Greed,83.0
0xbee1707d6b44d4d52bfe19e41f8a828645437aab,2024-12-17,476,128648.384642,269,269,3056.9325000000003,1455099.87,207,269,0.7695167286245354,1.0,Extreme Greed,87.0
0xbee1707d6b44d4d52bfe19e41f8a828645437aab,2024-12-18,342,2139.192941,235,92,2279.296023391813,779519.24,107,235,0.4553191489361702,0.39148936170212767,Extreme Greed,81.0
0xbee1707d6b44d4d52bfe19e41f8a828645437aab,2024-12-19,2076,27888.195088,1577,1470,2272.286083815029,4717265.91,499,1577,0.31642358909321494,0.932149651236525,Extreme Greed,75.0
0xbee1707d6b44d4d52bfe19e41f8a828645437aab,2024-12-20,1259,139628.47633,740,672,2917.238474980143,3672803.24,519,740,0.7013513513513514,0.9081081081081082,Greed,74.0
0xbee1707d6b44d4d52bfe19e41f8a828645437aab,2024-12-21,805,103460.844587,558,558,3172.574695652174,2553922.63,252,553,0.45569620253164556,1.0,Greed,73.0
0xbee1707d6b44d4d52bfe19e41f8a828645437aab,2024-12-22,108,19694.301887,81,81,5072.932685185185,547876.73,27,81,0.3333333333333333,1.0,Greed,73.0
0xbee1707d6b44d4d52bfe19e41f8a828645437aab,2024-12-23,1482,-76194.26162399999,971,297,3278.057968960864,4858081.91,524,958,0.5469728601252609,0.305870236869207,Greed,70.0
0xbee1707d6b44d4d52bfe19e41f8a828645437aab,2024-12-24,81,-5527.285214,49,4,3502.3662962962962,283691.67,41,40,1.025,0.08163265306122448,Greed,73.0
0xbee1707d6b44d4d52bfe19e41f8a828645437aab,2024-12-25,35,-1059.724367,3,0,5163.3108571428575,180715.88,32,3,10.666666666666666,0.0,Greed,73.0
0xbee1707d6b44d4d52bfe19e41f8a828645437aab,2024-12-26,337,3103.720794,199,195,4189.758931750742,1411948.76,150,187,0.8021390374331551,0.9798994974874372,Extreme Greed,79.0
0xbee1707d6b44d4d52bfe19e41f8a828645437aab,2024-12-27,1,0.0,0,0,0.06,0.06,0,1,0.0,,Greed,74.0
0xbee1707d6b44d4d52bfe19e41f8a828645437aab,2025-01-10,2,0.0,0,0,2999.81,5999.62,2,0,,,Neutral,50.0
0xbee1707d6b44d4d52bfe19e41f8a828645437aab,2025-01-11,9,65.42769200000001,2,2,1165.4522222222222,10489.07,7,2,3.5,1.0,Greed,69.0
0xbee1707d6b44d4d52bfe19e41f8a828645437aab,2025-01-13,11,0.0,0,0,1488.3963636363637,16372.36,11,0,,,Greed,61.0
0xbee1707d6b44d4d52bfe19e41f8a828645437aab,2025-01-14,67,5103.198502,42,42,1344.250895522388,90064.81,25,42,0.5952380952380952,1.0,Greed,63.0
0xbee1707d6b44d4d52bfe19e41f8a828645437aab,2025-01-15,8,66.63180299999999,3,3,908.50375,7268.03,5,3,1.6666666666666667,1.0,Greed,70.0
0xbee1707d6b44d4d52bfe19e41f8a828645437aab,2025-01-16,2,0.0,0,0,1587.855,3175.71,2,0,,,Extreme Greed,75.0
0xbee1707d6b44d4d52bfe19e41f8a828645437aab,2025-01-17,7,77.26888,3,3,1463.1599999999999,10242.119999999999,4,3,1.3333333333333333,1.0,Extreme Greed,75.0
0xbee1707d6b44d4d52bfe19e41f8a828645437aab,2025-01-18,13,0.0,0,0,2035.5961538461538,26462.75,13,0,,,Extreme Greed,77.0
0xbee1707d6b44d4d52bfe19e41f8a828645437aab,2025-01-19,29,512.9694489999999,26,24,983.9131034482758,28533.48,3,26,0.11538461538461539,0.9230769230769231,Extreme Greed,77.0
0xbee1707d6b44d4d52bfe19e41f8a828645437aab,2025-01-20,191,-4968.452873,85,33,791.7238219895288,151219.25,106,85,1.2470588235294118,0.38823529411764707,Extreme Greed,76.0
0xbee1707d6b44d4d52bfe19e41f8a828645437aab,2025-01-21,50,1343.189535,42,42,721.1088000000001,36055.44,8,42,0.19047619047619047,1.0,Extreme Greed,76.0
0xbee1707d6b44d4d52bfe19e41f8a828645437aab,2025-01-22,13,554.298224,9,9,767.0084615384616,9971.11,4,9,0.4444444444444444,1.0,Extreme Greed,84.0
0xbee1707d6b44d4d52bfe19e41f8a828645437aab,2025-01-23,16,-133.631755,11,1,989.034375,15824.55,5,11,0.45454545454545453,0.09090909090909091,Extreme Greed,75.0
0xbee1707d6b44d4d52bfe19e41f8a828645437aab,2025-01-24,84,2109.118305,46,46,921.5711904761904,77411.98,38,46,0.8260869565217391,1.0,Extreme Greed,75.0
0xbee1707d6b44d4d52bfe19e41f8a828645437aab,2025-01-25,33,107.54725099999999,3,3,742.9863636363636,24518.55,30,3,10.0,1.0,Extreme Greed,75.0
0xbee1707d6b44d4d52bfe19e41f8a828645437aab,2025-01-26,27,1012.208613,13,13,1029.6403703703704,27800.29,14,13,1.0769230769230769,1.0,Greed,73.0
0xbee1707d6b44d4d52bfe19e41f8a828645437aab,2025-01-27,56,-220.548198,18,1,1004.7960714285715,56268.58,38,18,2.111111111111111,0.05555555555555555,Greed,71.0
0xbee1707d6b44d4d52bfe19e41f8a828645437aab,2025-01-28,121,6959.984986,83,83,1173.1775206611571,141954.48,38,83,0.4578313253012048,1.0,Greed,72.0
0xbee1707d6b44d4d52bfe19e41f8a828645437aab,2025-01-29,76,1193.2639530000001,55,55,967.4096052631579,73523.13,21,55,0.38181818181818183,1.0,Greed,72.0
0xbee1707d6b44d4d52bfe19e41f8a828645437aab,2025-01-30,268,1072.220367,121,79,1278.6088059701492,342667.16,128,140,0.9142857142857143,0.6528925619834711,Greed,70.0
0xbee1707d6b44d4d52bfe19e41f8a828645437aab,2025-01-31,249,3143.489896,154,154,1556.0202409638553,387449.04,142,107,1.3271028037383177,1.0,Extreme Greed,76.0
0xbee1707d6b44d4d52bfe19e41f8a828645437aab,2025-02-01,187,2954.521713,133,133,1204.9785026737968,225330.98,73,114,0.6403508771929824,1.0,Greed,68.0
0xbee1707d6b44d4d52bfe19e41f8a828645437aab,2025-02-02,131,-329.680689,58,38,1839.5793129770993,240984.89,73,58,1.2586206896551724,0.6551724137931034,Greed,60.0
0xbee1707d6b44d4d52bfe19e41f8a828645437aab,2025-02-03,325,5803.573999,179,138,1758.0771384615382,571375.07,126,199,0.6331658291457286,0.770949720670391,Fear,44.0
0xbee1707d6b44d4d52bfe19e41f8a828645437aab,2025-02-04,248,806.765131,112,71,1351.8856048387097,335267.63,99,149,0.6644295302013423,0.6339285714285714,Greed,72.0
0xbee1707d6b44d4d52bfe19e41f8a828645437aab,2025-02-05,14,713.82809,11,11,3668.815,51363.41,11,3,3.6666666666666665,1.0,Neutral,54.0
0xbee1707d6b44d4d52bfe19e41f8a828645437aab,2025-02-06,29,1212.452697,26,26,1363.3675862068965,39537.659999999996,22,7,3.142857142857143,1.0,Neutral,49.0
0xbee1707d6b44d4d52bfe19e41f8a828645437aab,2025-02-07,125,2631.225181,50,50,2059.84464,257480.58,75,50,1.5,1.0,Fear,44.0
0xbee1707d6b44d4d52bfe19e41f8a828645437aab,2025-02-08,13,-189.463436,13,1,2671.7584615384617,34732.86,0,13,0.0,0.07692307692307693,Fear,44.0
0xbee1707d6b44d4d52bfe19e41f8a828645437aab,2025-02-09,56,204.72190899999998,21,21,1334.912142857143,74755.08,35,21,1.6666666666666667,1.0,Neutral,46.0
0xbee1707d6b44d4d52bfe19e41f8a828645437aab,2025-02-10,140,3796.008199,91,91,1484.4517857142857,207823.25,49,91,0.5384615384615384,1.0,Fear,43.0
0xbee1707d6b44d4d52bfe19e41f8a828645437aab,2025-02-11,52,1901.6318190000002,18,18,1947.8190384615384,101286.59,34,18,1.8888888888888888,1.0,Neutral,47.0
0xbee1707d6b44d4d52bfe19e41f8a828645437aab,2025-02-12,71,1747.1899090000002,45,45,1623.5340845070423,115270.92,26,45,0.5777777777777777,1.0,Neutral,46.0
0xbee1707d6b44d4d52bfe19e41f8a828645437aab,2025-02-13,156,5096.967096,79,79,1561.7910256410255,243639.4,67,89,0.7528089887640449,1.0,Neutral,50.0
0xbee1707d6b44d4d52bfe19e41f8a828645437aab,2025-02-14,166,-1818.156466,64,1,1363.292951807229,226306.63,63,103,0.6116504854368932,0.015625,Neutral,48.0
0xbee1707d6b44d4d52bfe19e41f8a828645437aab,2025-02-15,130,3822.79759,54,54,1798.402076923077,233792.27,91,39,2.3333333333333335,1.0,Neutral,50.0
0xbee1707d6b44d4d52bfe19e41f8a828645437aab,2025-02-16,54,321.733978,44,38,1193.8803703703704,64469.54,11,43,0.2558139534883721,0.8636363636363636,Neutral,54.0
0xbee1707d6b44d4d52bfe19e41f8a828645437aab,2025-02-17,151,111.69658399999999,76,48,1591.1465562913907,240263.13,75,76,0.9868421052631579,0.631578947368421,Neutral,51.0
0xbee1707d6b44d4d52bfe19e41f8a828645437aab,2025-02-18,512,3935.153067,301,250,1823.6225390625,933694.74,226,286,0.7902097902097902,0.8305647840531561,Neutral,47.0
0xbee1707d6b44d4d52bfe19e41f8a828645437aab,2025-02-19,406,5930.986467,232,230,1708.6227586206896,693700.84,171,235,0.7276595744680852,0.9913793103448276,Fear,44.0
0xbee1707d6b44d4d52bfe19e41f8a828645437aab,2025-02-20,162,819.221222,81,62,1142.087962962963,185018.25,71,91,0.7802197802197802,0.7654320987654321,Neutral,49.0
0xbee1707d6b44d4d52bfe19e41f8a828645437aab,2025-02-21,255,4483.141317,116,116,1669.3589019607844,425686.52,112,143,0.7832167832167832,1.0,Greed,55.0
0xbee1707d6b44d4d52bfe19e41f8a828645437aab,2025-02-22,60,1391.928432,41,41,1097.3101666666666,65838.61,26,34,0.7647058823529411,1.0,Neutral,49.0
0xbee1707d6b44d4d52bfe19e41f8a828645437aab,2025-02-23,45,383.135241,25,25,2283.7915555555555,102770.62,32,13,2.4615384615384617,1.0,Neutral,50.0
0xbee1707d6b44d4d52bfe19e41f8a828645437aab,2025-02-24,744,-10373.274402000001,405,110,1398.9927284946236,1040850.59,339,405,0.837037037037037,0.2716049382716049,Neutral,49.0
0xbee1707d6b44d4d52bfe19e41f8a828645437aab,2025-02-25,1642,-23384.358492,879,446,1441.9933982947625,2367753.16,694,948,0.7320675105485233,0.5073947667804323,Fear,25.0
0xbee1707d6b44d4d52bfe19e41f8a828645437aab,2025-02-26,394,2617.069579,205,160,1509.370609137056,594692.02,222,172,1.2906976744186047,0.7804878048780488,Extreme Fear,21.0
0xbee1707d6b44d4d52bfe19e41f8a828645437aab,2025-02-27,703,2886.786952,358,215,1449.1966998577525,1018785.28,331,372,0.8897849462365591,0.6005586592178771,Extreme Fear,10.0
0xbee1707d6b44d4d52bfe19e41f8a828645437aab,2025-02-28,302,2642.770468,134,134,1355.6750662251654,409413.87,116,186,0.6236559139784946,1.0,Extreme Fear,16.0
0xbee1707d6b44d4d52bfe19e41f8a828645437aab,2025-03-01,51,446.358633,16,16,1384.9447058823528,70632.18,36,15,2.4,1.0,Extreme Fear,20.0
0xbee1707d6b44d4d52bfe19e41f8a828645437aab,2025-03-02,102,2576.6453030000002,55,55,1921.2604901960785,195968.57,32,70,0.45714285714285713,1.0,Fear,26.0
0xbee1707d6b44d4d52bfe19e41f8a828645437aab,2025-03-03,73,2448.046511,48,48,1970.5965753424655,143853.55,56,17,3.2941176470588234,1.0,Fear,33.0
0xbee1707d6b44d4d52bfe19e41f8a828645437aab,2025-03-04,979,-4934.6700519999995,499,377,1496.3304392236976,1464907.5,480,499,0.9619238476953907,0.7555110220440882,Extreme Fear,15.0
0xbee1707d6b44d4d52bfe19e41f8a828645437aab,2025-03-05,202,12814.770318,145,126,1811.146831683168,365851.66,91,111,0.8198198198198198,0.8689655172413793,Extreme Fear,20.0
0xbee1707d6b44d4d52bfe19e41f8a828645437aab,2025-03-06,88,601.486585,37,37,1406.2047727272727,123746.02,53,35,1.5142857142857142,1.0,Fear,25.0
0xbee1707d6b44d4d52bfe19e41f8a828645437aab,2025-03-07,623,9142.064849,354,318,1885.9940930979135,1174974.32,304,319,0.9529780564263323,0.8983050847457628,Fear,34.0
0xbee1707d6b44d4d52bfe19e41f8a828645437aab,2025-03-08,134,2219.262399,52,52,1190.7070895522388,159554.75,82,52,1.5769230769230769,1.0,Fear,28.0
0xbee1707d6b44d4d52bfe19e41f8a828645437aab,2025-03-09,178,805.6551000000001,44,44,1607.242191011236,286089.11,134,44,3.0454545454545454,1.0,Fear,27.0
0xbee1707d6b44d4d52bfe19e41f8a828645437aab,2025-03-10,1428,9791.668235,845,727,1381.5543347338937,1972859.59,583,845,0.6899408284023668,0.8603550295857988,Extreme Fear,20.0
0xbee1707d6b44d4d52bfe19e41f8a828645437aab,2025-03-11,333,-136.41741799999994,210,115,1225.6175075075075,408130.63,128,205,0.624390243902439,0.5476190476190477,Extreme Fear,24.0
0xbee1707d6b44d4d52bfe19e41f8a828645437aab,2025-03-12,553,8096.937709,354,272,1791.739095840868,990831.72,223,330,0.6757575757575758,0.768361581920904,Fear,34.0
0xbee1707d6b44d4d52bfe19e41f8a828645437aab,2025-03-13,690,5090.880874,422,392,1461.4744347826086,1008417.36,286,404,0.7079207920792079,0.9289099526066351,Neutral,45.0
0xbee1707d6b44d4d52bfe19e41f8a828645437aab,2025-03-14,92,-49.67229100000003,51,16,1729.6968478260867,159132.11,48,44,1.0909090909090908,0.3137254901960784,Fear,27.0
0xbee1707d6b44d4d52bfe19e41f8a828645437aab,2025-03-15,75,1764.258791,46,46,1705.1933333333334,127889.5,51,24,2.125,1.0,Neutral,46.0
0xbee1707d6b44d4d52bfe19e41f8a828645437aab,2025-03-16,97,5.068941999999993,13,11,1426.0048453608247,138322.47,95,2,47.5,0.8461538461538461,Fear,30.0
0xbee1707d6b44d4d52bfe19e41f8a828645437aab,2025-03-17,241,390.08642000000003,121,89,1349.2339834024897,325165.39,120,121,0.9917355371900827,0.7355371900826446,Fear,32.0
0xbee1707d6b44d4d52bfe19e41f8a828645437aab,2025-03-18,266,1930.871511,142,85,1325.5640225563911,352600.03,124,142,0.8732394366197183,0.5985915492957746,Fear,34.0
0xbee1707d6b44d4d52bfe19e41f8a828645437aab,2025-03-19,879,5253.432742,502,429,1873.024300341297,1646388.36,397,482,0.8236514522821576,0.8545816733067729,Fear,32.0
0xbee1707d6b44d4d52bfe19e41f8a828645437aab,2025-03-20,283,-682.2653320000001,127,13,1533.3633215547704,433941.82,147,136,1.0808823529411764,0.10236220472440945,Neutral,49.0
0xbee1707d6b44d4d52bfe19e41f8a828645437aab,2025-03-21,550,4866.15672,279,279,1152.8391272727274,634061.52,273,277,0.9855595667870036,1.0,Fear,31.0
0xbee1707d6b44d4d52bfe19e41f8a828645437aab,2025-03-22,344,1637.832293,152,88,1502.8190988372094,516969.77,138,206,0.6699029126213593,0.5789473684210527,Fear,32.0
0xbee1707d6b44d4d52bfe19e41f8a828645437aab,2025-03-23,178,882.848973,18,18,972.4924719101124,173103.66,161,17,9.470588235294118,1.0,Fear,30.0
0xbee1707d6b44d4d52bfe19e41f8a828645437aab,2025-03-24,500,7122.965048,328,302,1389.18776,694593.88,152,348,0.4367816091954023,0.9207317073170732,Neutral,45.0
0xbee1707d6b44d4d52bfe19e41f8a828645437aab,2025-03-25,306,1256.867824,142,135,1210.40545751634,370384.07,164,142,1.1549295774647887,0.9507042253521126,Neutral,46.0
0xbee1707d6b44d4d52bfe19e41f8a828645437aab,2025-03-26,2551,-6062.660109,1304,586,1854.422602900823,4730632.06,1304,1247,1.045709703287891,0.4493865030674847,Neutral,47.0
0xbee1707d6b44d4d52bfe19e41f8a828645437aab,2025-03-27,136,1743.483217,84,84,1246.1119852941176,169471.23,76,60,1.2666666666666666,1.0,Fear,40.0
0xbee1707d6b44d4d52bfe19e41f8a828645437aab,2025-03-28,246,1841.802102,82,82,1143.3873983739836,281273.3,161,85,1.8941176470588235,1.0,Fear,44.0
0xbee1707d6b44d4d52bfe19e41f8a828645437aab,2025-03-29,965,-3661.1103980000003,462,308,1381.2940414507773,1332948.75,503,462,1.0887445887445888,0.6666666666666666,Fear,26.0
0xbee1707d6b44d4d52bfe19e41f8a828645437aab,2025-03-30,53,536.150767,26,26,1635.4145283018868,86676.97,27,26,1.0384615384615385,1.0,Fear,32.0
0xbee1707d6b44d4d52bfe19e41f8a828645437aab,2025-03-31,81,41.27745400000002,79,56,809.165061728395,65542.37,2,79,0.02531645569620253,0.7088607594936709,Fear,34.0
0xbee1707d6b44d4d52bfe19e41f8a828645437aab,2025-04-01,35,147.445788,27,27,1226.783142857143,42937.41,18,17,1.0588235294117647,1.0,Fear,34.0
0xbee1707d6b44d4d52bfe19e41f8a828645437aab,2025-04-02,118,1842.839943,76,76,991.0424576271186,116943.01,53,65,0.8153846153846154,1.0,Fear,44.0
0xbee1707d6b44d4d52bfe19e41f8a828645437aab,2025-04-03,261,-3368.876326,69,0,1706.5415708812259,445407.35,192,69,2.782608695652174,0.0,Fear,25.0
0xbee1707d6b44d4d52bfe19e41f8a828645437aab,2025-04-04,326,-4513.160132,204,52,1419.9448159509202,462902.01,122,204,0.5980392156862745,0.2549019607843137,Fear,28.0
0xbee1707d6b44d4d52bfe19e41f8a828645437aab,2025-04-05,90,1113.761229,27,27,1116.7745555555557,100509.71,63,27,2.3333333333333335,1.0,Fear,30.0
0xbee1707d6b44d4d52bfe19e41f8a828645437aab,2025-04-06,114,1828.77716,33,33,2081.839298245614,237329.68,81,33,2.4545454545454546,1.0,Fear,34.0
0xbee1707d6b44d4d52bfe19e41f8a828645437aab,2025-04-07,386,-9593.258137,234,20,1632.7632383419689,630246.61,152,234,0.6495726495726496,0.08547008547008547,Extreme Fear,23.0
0xbee1707d6b44d4d52bfe19e41f8a828645437aab,2025-04-08,167,11735.32104,125,125,1521.912754491018,254159.43,42,125,0.336,1.0,Extreme Fear,24.0
0xbee1707d6b44d4d52bfe19e41f8a828645437aab,2025-04-09,134,2503.69251,107,84,1143.0998507462687,153175.38,27,107,0.2523364485981308,0.7850467289719626,Extreme Fear,18.0
0xbee1707d6b44d4d52bfe19e41f8a828645437aab,2025-04-10,52,35.58096,28,28,962.6380769230769,50057.18,30,22,1.3636363636363635,1.0,Fear,39.0
0xbee1707d6b44d4d52bfe19e41f8a828645437aab,2025-04-11,123,857.60294,54,29,1340.7579674796746,164913.22999999998,78,45,1.7333333333333334,0.5370370370370371,Fear,25.0
0xbee1707d6b44d4d52bfe19e41f8a828645437aab,2025-04-12,307,4358.599132,115,115,1530.1273615635178,469749.1,109,198,0.5505050505050505,1.0,Fear,43.0
0xbee1707d6b44d4d52bfe19e41f8a828645437aab,2025-04-13,346,2319.824156,129,109,1441.715028901734,498833.4,153,193,0.7927461139896373,0.8449612403100775,Neutral,45.0
0xbee1707d6b44d4d52bfe19e41f8a828645437aab,2025-04-14,380,6100.692122,191,191,1437.8765263157893,546393.08,182,198,0.9191919191919192,1.0,Fear,31.0
0xbee1707d6b44d4d52bfe19e41f8a828645437aab,2025-04-15,40,920.056063,25,25,2489.536,99581.44,15,25,0.6,1.0,Fear,38.0
0xbee1707d6b44d4d52bfe19e41f8a828645437aab,2025-04-16,286,1958.056487,159,79,1250.2118181818182,357560.58,126,160,0.7875,0.4968553459119497,Fear,29.0
0xbee1707d6b44d4d52bfe19e41f8a828645437aab,2025-04-17,588,3359.966896,247,247,1417.4413265306123,833455.5,233,355,0.6563380281690141,1.0,Fear,30.0
0xbee1707d6b44d4d52bfe19e41f8a828645437aab,2025-04-18,562,2945.701617,319,314,1507.8099822064057,847389.21,324,238,1.361344537815126,0.9843260188087775,Fear,33.0
0xbee1707d6b44d4d52bfe19e41f8a828645437aab,2025-04-19,971,976.5105639999999,394,192,1419.0301441812564,1377878.27,394,577,0.682842287694974,0.4873096446700508,Fear,32.0
0xbee1707d6b44d4d52bfe19e41f8a828645437aab,2025-04-20,63,807.262731,41,41,1074.8039682539682,67712.65,41,22,1.8636363636363635,1.0,Fear,37.0
0xbee1707d6b44d4d52bfe19e41f8a828645437aab,2025-04-21,55,711.68096,29,29,1553.0632727272728,85418.48,29,26,1.1153846153846154,1.0,Fear,39.0
0xbee1707d6b44d4d52bfe19e41f8a828645437aab,2025-04-22,427,1463.173211,221,208,1607.504824355972,686404.56,230,197,1.16751269035533,0.9411764705882353,Neutral,47.0
0xbee1707d6b44d4d52bfe19e41f8a828645437aab,2025-04-23,329,1700.638677,175,107,1806.9595136778116,594489.68,182,147,1.2380952380952381,0.6114285714285714,Greed,72.0
0xbee1707d6b44d4d52bfe19e41f8a828645437aab,2025-04-24,2,-45.94597,2,0,3645.04,7290.08,0,2,0.0,0.0,Greed,63.0
0xbee1707d6b44d4d52bfe19e41f8a828645437aab,2025-04-25,154,1101.511718,65,65,1040.8414935064934,160289.59,65,89,0.7303370786516854,1.0,Greed,60.0
0xbee1707d6b44d4d52bfe19e41f8a828645437aab,2025-04-26,29,18.390524,2,2,1771.744827586207,51380.600000000006,29,0,,1.0,Greed,65.0
0xbee1707d6b44d4d52bfe19e41f8a828645437aab,2025-04-27,82,1709.194807,32,32,2153.8593902439025,176616.47,50,32,1.5625,1.0,Greed,61.0
0xbee1707d6b44d4d52bfe19e41f8a828645437aab,2025-04-28,430,4008.588908,188,169,1495.5384186046513,643081.52,164,266,0.6165413533834586,0.898936170212766,Neutral,54.0
0xbee1707d6b44d4d52bfe19e41f8a828645437aab,2025-04-29,902,8561.771838,432,398,1939.7399889135254,1749645.47,432,470,0.9191489361702128,0.9212962962962963,Greed,60.0
0xbee1707d6b44d4d52bfe19e41f8a828645437aab,2025-04-30,75,2520.773814,39,39,1748.8053333333332,131160.4,50,25,2.0,1.0,Greed,56.0
0xbee1707d6b44d4d52bfe19e41f8a828645437aab,2025-05-01,131,1364.022527,94,43,2448.466488549618,320749.11,87,44,1.9772727272727273,0.4574468085106383,Neutral,53.0
